lat,lon,datetime
116.318417,0,2008-10-23 02:53:04
116.31845,0,2008-10-23 02:53:10
116.318417,0,2008-10-23 02:53:15
116.318385,0,2008-10-23 02:53:20
116.318263,0,2008-10-23 02:53:25
116.318026,0,2008-10-23 02:53:30
116.317761,0,2008-10-23 02:53:35
116.317517,0,2008-10-23 02:53:40
116.317294,0,2008-10-23 02:53:45
116.317065,0,2008-10-23 02:53:50
116.316911,0,2008-10-23 02:53:55
116.316716,0,2008-10-23 02:54:00
116.316527,0,2008-10-23 02:54:05
116.316354,0,2008-10-23 02:54:10
116.316188,0,2008-10-23 02:54:15
116.315963,0,2008-10-23 02:54:20
116.315823,0,2008-10-23 02:54:25
116.315611,0,2008-10-23 02:54:30
116.315407,0,2008-10-23 02:54:35
116.315148,0,2008-10-23 02:54:40
116.314907,0,2008-10-23 02:54:45
116.314808,0,2008-10-23 02:54:50
116.314625,0,2008-10-23 02:54:55
116.314426,0,2008-10-23 02:55:00
116.31424,0,2008-10-23 02:55:05
116.314042,0,2008-10-23 02:55:10
116.313818,0,2008-10-23 02:55:15
116.313659,0,2008-10-23 02:55:20
116.314323,0,2008-10-23 02:55:25
116.314107,0,2008-10-23 02:55:30
116.313941,0,2008-10-23 02:55:35
116.313724,0,2008-10-23 02:55:40
116.313521,0,2008-10-23 02:55:45
116.313311,0,2008-10-23 02:55:50
116.313099,0,2008-10-23 02:55:55
116.312921,0,2008-10-23 02:56:00
116.312746,0,2008-10-23 02:56:05
116.312525,0,2008-10-23 02:56:10
116.312332,0,2008-10-23 02:56:15
116.312123,0,2008-10-23 02:56:20
116.311917,0,2008-10-23 02:56:25
116.31172,0,2008-10-23 02:56:30
116.311569,0,2008-10-23 02:56:35
116.31138,0,2008-10-23 02:56:40
116.311189,0,2008-10-23 02:56:45
116.311026,0,2008-10-23 02:56:50
116.310854,0,2008-10-23 02:56:55
116.31066,0,2008-10-23 02:57:00
116.310534,0,2008-10-23 02:57:05
116.31033,0,2008-10-23 02:57:10
116.310063,0,2008-10-23 02:57:15
116.309937,0,2008-10-23 02:57:20
116.309851,0,2008-10-23 02:57:25
116.309749,0,2008-10-23 02:57:30
116.309656,0,2008-10-23 02:57:35
116.309503,0,2008-10-23 02:57:40
116.309348,0,2008-10-23 02:57:45
116.309173,0,2008-10-23 02:57:50
116.308993,0,2008-10-23 02:57:55
116.308827,0,2008-10-23 02:58:00
116.308638,0,2008-10-23 02:58:05
116.308485,0,2008-10-23 02:58:10
116.308351,0,2008-10-23 02:58:15
116.308201,0,2008-10-23 02:58:20
116.308049,0,2008-10-23 02:58:25
116.307902,0,2008-10-23 02:58:30
116.307809,0,2008-10-23 02:58:35
116.307687,0,2008-10-23 02:58:40
116.307548,0,2008-10-23 02:58:45
116.307434,0,2008-10-23 02:58:50
116.307292,0,2008-10-23 02:58:55
116.307126,0,2008-10-23 02:59:00
116.306943,0,2008-10-23 02:59:05
116.306801,0,2008-10-23 02:59:10
116.306633,0,2008-10-23 02:59:15
116.306486,0,2008-10-23 02:59:20
116.3063,0,2008-10-23 02:59:25
116.306047,0,2008-10-23 02:59:30
116.305854,0,2008-10-23 02:59:35
116.305682,0,2008-10-23 02:59:40
116.305466,0,2008-10-23 02:59:45
116.305281,0,2008-10-23 02:59:50
116.305023,0,2008-10-23 02:59:55
116.304909,0,2008-10-23 03:00:00
116.304704,0,2008-10-23 03:00:05
116.304543,0,2008-10-23 03:00:10
116.304315,0,2008-10-23 03:00:15
116.304083,0,2008-10-23 03:00:20
116.303934,0,2008-10-23 03:00:25
116.303813,0,2008-10-23 03:00:30
116.303672,0,2008-10-23 03:00:35
116.303444,0,2008-10-23 03:00:40
116.303298,0,2008-10-23 03:00:45
116.303132,0,2008-10-23 03:00:50
116.30292,0,2008-10-23 03:00:55
116.302754,0,2008-10-23 03:01:00
116.302601,0,2008-10-23 03:01:05
116.302457,0,2008-10-23 03:01:10
116.302271,0,2008-10-23 03:01:15
116.302094,0,2008-10-23 03:01:20
116.301888,0,2008-10-23 03:01:25
116.301693,0,2008-10-23 03:01:30
116.3015,0,2008-10-23 03:01:35
116.301309,0,2008-10-23 03:01:40
116.301107,0,2008-10-23 03:01:45
116.300877,0,2008-10-23 03:01:50
116.300674,0,2008-10-23 03:01:55
116.300462,0,2008-10-23 03:02:00
116.300307,0,2008-10-23 03:02:05
116.300156,0,2008-10-23 03:02:10
116.299943,0,2008-10-23 03:02:15
116.29981,0,2008-10-23 03:02:20
116.299744,0,2008-10-23 03:02:25
116.299703,0,2008-10-23 03:02:30
116.299699,0,2008-10-23 03:02:35
116.299697,0,2008-10-23 03:02:40
116.299721,0,2008-10-23 03:02:45
116.299736,0,2008-10-23 03:02:50
116.299573,0,2008-10-23 03:02:55
116.299578,0,2008-10-23 03:03:00
116.299566,0,2008-10-23 03:03:05
116.299496,0,2008-10-23 03:03:10
116.299476,0,2008-10-23 03:03:15
116.299425,0,2008-10-23 03:03:20
116.299353,0,2008-10-23 03:03:25
116.299279,0,2008-10-23 03:03:30
116.299235,0,2008-10-23 03:03:35
116.299238,0,2008-10-23 03:03:40
116.299267,0,2008-10-23 03:03:45
116.299305,0,2008-10-23 03:03:50
116.299321,0,2008-10-23 03:03:55
116.299314,0,2008-10-23 03:04:00
116.299314,0,2008-10-23 03:04:03
116.299307,0,2008-10-23 03:04:05
116.299311,0,2008-10-23 03:04:10
116.299302,0,2008-10-23 03:04:15
116.299265,0,2008-10-23 03:04:20
116.299191,0,2008-10-23 03:04:25
116.299147,0,2008-10-23 03:04:30
116.299083,0,2008-10-23 03:04:35
116.299031,0,2008-10-23 03:04:40
116.298932,0,2008-10-23 03:04:45
116.298903,0,2008-10-23 03:04:50
116.298869,0,2008-10-23 03:04:55
116.298825,0,2008-10-23 03:05:00
116.298773,0,2008-10-23 03:05:05
116.298725,0,2008-10-23 03:05:10
116.298663,0,2008-10-23 03:05:15
116.286798,0,2008-10-23 04:08:07
116.285446,0,2008-10-23 04:08:12
116.299292,0,2008-10-23 04:08:42
116.299329,0,2008-10-23 04:08:47
116.299413,0,2008-10-23 04:08:52
116.299467,0,2008-10-23 04:08:57
116.299477,0,2008-10-23 04:09:02
116.299569,0,2008-10-23 04:09:07
116.29953,0,2008-10-23 04:09:12
116.299645,0,2008-10-23 04:09:17
116.299523,0,2008-10-23 04:09:22
116.299528,0,2008-10-23 04:09:27
116.299508,0,2008-10-23 04:09:32
116.299473,0,2008-10-23 04:09:37
116.299451,0,2008-10-23 04:09:42
116.299451,0,2008-10-23 04:09:45
116.299451,0,2008-10-23 04:09:47
116.299447,0,2008-10-23 04:09:52
116.299438,0,2008-10-23 04:09:57
116.299411,0,2008-10-23 04:10:02
116.299405,0,2008-10-23 04:10:07
116.299407,0,2008-10-23 04:10:12
116.299407,0,2008-10-23 04:10:15
116.299412,0,2008-10-23 04:10:17
116.299466,0,2008-10-23 04:10:22
116.29941,0,2008-10-23 04:10:27
116.299318,0,2008-10-23 04:10:32
116.299315,0,2008-10-23 04:10:37
116.299305,0,2008-10-23 04:10:42
116.299297,0,2008-10-23 04:10:47
116.299391,0,2008-10-23 04:10:52
116.299504,0,2008-10-23 04:10:57
116.299617,0,2008-10-23 04:11:02
116.299625,0,2008-10-23 04:11:07
116.299536,0,2008-10-23 04:11:12
116.29952,0,2008-10-23 04:11:17
116.299902,0,2008-10-23 04:11:22
116.300177,0,2008-10-23 04:11:27
116.300329,0,2008-10-23 04:11:32
116.300308,0,2008-10-23 04:11:37
116.300188,0,2008-10-23 04:11:42
116.300058,0,2008-10-23 04:11:47
116.300019,0,2008-10-23 04:11:52
116.300043,0,2008-10-23 04:11:57
116.300058,0,2008-10-23 04:12:02
116.300151,0,2008-10-23 04:12:07
116.300216,0,2008-10-23 04:12:12
116.300332,0,2008-10-23 04:12:17
116.300514,0,2008-10-23 04:12:22
116.300689,0,2008-10-23 04:12:27
116.300885,0,2008-10-23 04:12:32
116.301049,0,2008-10-23 04:12:37
116.301221,0,2008-10-23 04:12:42
116.301391,0,2008-10-23 04:12:47
116.301568,0,2008-10-23 04:12:52
116.301741,0,2008-10-23 04:12:57
116.301915,0,2008-10-23 04:13:02
116.302055,0,2008-10-23 04:13:07
116.302264,0,2008-10-23 04:13:12
116.302488,0,2008-10-23 04:13:17
116.302679,0,2008-10-23 04:13:22
116.30286,0,2008-10-23 04:13:27
116.303037,0,2008-10-23 04:13:32
116.303258,0,2008-10-23 04:13:37
116.303496,0,2008-10-23 04:13:42
116.303685,0,2008-10-23 04:13:47
116.303884,0,2008-10-23 04:13:52
116.304067,0,2008-10-23 04:13:57
116.304163,0,2008-10-23 04:14:02
116.30426,0,2008-10-23 04:14:07
116.304459,0,2008-10-23 04:14:12
116.304647,0,2008-10-23 04:14:17
116.304811,0,2008-10-23 04:14:22
116.304927,0,2008-10-23 04:14:27
116.305192,0,2008-10-23 04:14:32
116.305348,0,2008-10-23 04:14:37
116.305499,0,2008-10-23 04:14:42
116.305649,0,2008-10-23 04:14:47
116.305834,0,2008-10-23 04:14:52
116.305984,0,2008-10-23 04:14:57
116.306178,0,2008-10-23 04:15:02
116.306363,0,2008-10-23 04:15:07
116.306531,0,2008-10-23 04:15:12
116.306711,0,2008-10-23 04:15:17
116.306893,0,2008-10-23 04:15:22
116.307092,0,2008-10-23 04:15:27
116.307341,0,2008-10-23 04:15:32
116.30751,0,2008-10-23 04:15:37
116.307633,0,2008-10-23 04:15:42
116.307735,0,2008-10-23 04:15:47
116.307933,0,2008-10-23 04:15:52
116.308133,0,2008-10-23 04:15:57
116.308313,0,2008-10-23 04:16:02
116.308579,0,2008-10-23 04:16:07
116.308774,0,2008-10-23 04:16:12
116.30898,0,2008-10-23 04:16:17
116.309152,0,2008-10-23 04:16:22
116.30931,0,2008-10-23 04:16:27
116.309494,0,2008-10-23 04:16:32
116.309701,0,2008-10-23 04:16:37
116.309888,0,2008-10-23 04:16:42
116.30998,0,2008-10-23 04:16:47
116.30998,0,2008-10-23 04:16:52
116.309969,0,2008-10-23 04:16:57
116.309961,0,2008-10-23 04:17:02
116.309941,0,2008-10-23 04:17:07
116.309978,0,2008-10-23 04:17:12
116.310034,0,2008-10-23 04:17:17
116.310025,0,2008-10-23 04:17:22
116.309956,0,2008-10-23 04:17:27
116.309885,0,2008-10-23 04:17:32
116.309862,0,2008-10-23 04:17:37
116.309893,0,2008-10-23 04:17:42
116.309956,0,2008-10-23 04:17:47
116.309974,0,2008-10-23 04:17:52
116.309987,0,2008-10-23 04:17:57
116.310004,0,2008-10-23 04:18:02
116.31007,0,2008-10-23 04:18:07
116.310084,0,2008-10-23 04:18:12
116.310088,0,2008-10-23 04:18:17
116.310049,0,2008-10-23 04:18:22
116.310027,0,2008-10-23 04:18:27
116.310059,0,2008-10-23 04:18:32
116.310052,0,2008-10-23 04:18:37
116.309902,0,2008-10-23 04:18:42
116.309931,0,2008-10-23 04:18:47
116.309866,0,2008-10-23 04:18:52
116.309824,0,2008-10-23 04:18:57
116.309784,0,2008-10-23 04:19:02
116.309793,0,2008-10-23 04:19:07
116.309833,0,2008-10-23 04:19:12
116.309866,0,2008-10-23 04:19:17
116.309905,0,2008-10-23 04:19:22
116.309949,0,2008-10-23 04:19:27
116.310031,0,2008-10-23 04:19:32
116.310049,0,2008-10-23 04:19:37
116.310024,0,2008-10-23 04:19:42
116.310098,0,2008-10-23 04:19:47
116.310115,0,2008-10-23 04:19:52
116.310169,0,2008-10-23 04:19:57
116.310215,0,2008-10-23 04:20:02
116.310258,0,2008-10-23 04:20:07
116.310277,0,2008-10-23 04:20:12
116.31019,0,2008-10-23 04:20:17
116.310134,0,2008-10-23 04:20:22
116.310114,0,2008-10-23 04:20:27
116.310111,0,2008-10-23 04:20:32
116.310105,0,2008-10-23 04:20:37
116.310103,0,2008-10-23 04:20:42
116.310101,0,2008-10-23 04:20:47
116.310095,0,2008-10-23 04:20:52
116.310092,0,2008-10-23 04:20:57
116.31009,0,2008-10-23 04:21:02
116.310088,0,2008-10-23 04:21:07
116.310087,0,2008-10-23 04:21:12
116.310087,0,2008-10-23 04:21:15
116.31009,0,2008-10-23 04:21:17
116.310066,0,2008-10-23 04:21:22
116.310109,0,2008-10-23 04:21:27
116.310205,0,2008-10-23 04:21:32
116.310318,0,2008-10-23 04:21:37
116.310479,0,2008-10-23 04:21:42
116.310657,0,2008-10-23 04:21:47
116.310827,0,2008-10-23 04:21:52
116.310971,0,2008-10-23 04:21:57
116.311149,0,2008-10-23 04:22:02
116.311312,0,2008-10-23 04:22:07
116.311507,0,2008-10-23 04:22:12
116.311693,0,2008-10-23 04:22:17
116.311915,0,2008-10-23 04:22:22
116.312107,0,2008-10-23 04:22:27
116.312282,0,2008-10-23 04:22:32
116.312473,0,2008-10-23 04:22:37
116.312666,0,2008-10-23 04:22:42
116.312853,0,2008-10-23 04:22:47
116.313047,0,2008-10-23 04:22:52
116.313244,0,2008-10-23 04:22:57
116.313469,0,2008-10-23 04:23:02
116.313681,0,2008-10-23 04:23:07
116.31384,0,2008-10-23 04:23:12
116.31403,0,2008-10-23 04:23:17
116.314209,0,2008-10-23 04:23:22
116.314385,0,2008-10-23 04:23:27
116.314596,0,2008-10-23 04:23:32
116.314797,0,2008-10-23 04:23:37
116.315003,0,2008-10-23 04:23:42
116.315193,0,2008-10-23 04:23:47
116.315342,0,2008-10-23 04:23:52
116.315529,0,2008-10-23 04:23:57
116.315643,0,2008-10-23 04:24:02
116.31579,0,2008-10-23 04:24:07
116.315958,0,2008-10-23 04:24:12
116.316172,0,2008-10-23 04:24:17
116.316381,0,2008-10-23 04:24:22
116.316575,0,2008-10-23 04:24:27
116.316756,0,2008-10-23 04:24:32
116.316999,0,2008-10-23 04:24:37
116.317235,0,2008-10-23 04:24:42
116.317452,0,2008-10-23 04:24:47
116.317661,0,2008-10-23 04:24:52
116.317874,0,2008-10-23 04:24:57
116.318083,0,2008-10-23 04:25:02
116.318231,0,2008-10-23 04:25:07
116.31848,0,2008-10-23 04:25:12
116.318691,0,2008-10-23 04:25:17
116.318904,0,2008-10-23 04:25:22
116.319098,0,2008-10-23 04:25:27
116.319315,0,2008-10-23 04:25:32
116.31949,0,2008-10-23 04:25:37
116.319683,0,2008-10-23 04:25:42
116.319866,0,2008-10-23 04:25:47
116.320062,0,2008-10-23 04:25:52
116.320255,0,2008-10-23 04:25:57
116.320445,0,2008-10-23 04:26:02
116.320622,0,2008-10-23 04:26:07
116.320803,0,2008-10-23 04:26:12
116.321002,0,2008-10-23 04:26:17
116.321179,0,2008-10-23 04:26:22
116.321384,0,2008-10-23 04:26:27
116.321583,0,2008-10-23 04:26:32
116.321736,0,2008-10-23 04:26:37
116.321874,0,2008-10-23 04:26:42
116.322004,0,2008-10-23 04:26:47
116.322176,0,2008-10-23 04:26:52
116.322296,0,2008-10-23 04:26:57
116.322436,0,2008-10-23 04:27:02
116.322668,0,2008-10-23 04:27:07
116.322784,0,2008-10-23 04:27:12
116.322778,0,2008-10-23 04:27:17
116.322774,0,2008-10-23 04:27:22
116.322784,0,2008-10-23 04:27:27
116.322812,0,2008-10-23 04:27:32
116.3228,0,2008-10-23 04:27:37
116.322797,0,2008-10-23 04:27:42
116.32281,0,2008-10-23 04:27:47
116.322891,0,2008-10-23 04:27:52
116.322891,0,2008-10-23 04:27:57
116.322713,0,2008-10-23 04:28:02
116.322617,0,2008-10-23 04:28:07
116.322651,0,2008-10-23 04:28:12
116.32276,0,2008-10-23 04:28:17
116.322744,0,2008-10-23 04:28:22
116.322658,0,2008-10-23 04:28:27
116.322579,0,2008-10-23 04:28:32
116.322804,0,2008-10-23 04:28:37
116.322829,0,2008-10-23 04:28:42
116.322786,0,2008-10-23 04:28:47
116.322763,0,2008-10-23 04:28:52
116.322723,0,2008-10-23 04:28:57
116.322641,0,2008-10-23 04:29:02
116.322625,0,2008-10-23 04:29:07
116.32262,0,2008-10-23 04:29:12
116.322606,0,2008-10-23 04:29:17
116.322607,0,2008-10-23 04:29:22
116.322533,0,2008-10-23 04:29:27
116.32252,0,2008-10-23 04:29:32
116.322517,0,2008-10-23 04:29:37
116.322556,0,2008-10-23 04:29:42
116.322544,0,2008-10-23 04:29:47
116.322552,0,2008-10-23 04:29:52
116.322481,0,2008-10-23 04:29:57
116.322464,0,2008-10-23 04:30:02
116.322425,0,2008-10-23 04:30:07
116.322412,0,2008-10-23 04:30:12
116.322348,0,2008-10-23 04:30:17
116.322337,0,2008-10-23 04:30:22
116.322428,0,2008-10-23 04:30:27
116.322428,0,2008-10-23 04:30:32
116.322314,0,2008-10-23 04:30:37
116.322301,0,2008-10-23 04:30:42
116.322317,0,2008-10-23 04:30:47
116.32231,0,2008-10-23 04:30:52
116.322261,0,2008-10-23 04:30:57
116.322268,0,2008-10-23 04:31:02
116.322236,0,2008-10-23 04:31:07
116.322225,0,2008-10-23 04:31:12
116.322225,0,2008-10-23 04:31:17
116.322254,0,2008-10-23 04:31:22
116.322196,0,2008-10-23 04:31:27
116.322176,0,2008-10-23 04:31:32
116.322161,0,2008-10-23 04:31:37
116.322148,0,2008-10-23 04:31:42
116.322178,0,2008-10-23 04:31:47
116.322324,0,2008-10-23 04:31:52
116.322434,0,2008-10-23 04:31:57
116.322587,0,2008-10-23 04:32:02
116.32276,0,2008-10-23 04:32:07
116.322932,0,2008-10-23 04:32:12
116.323134,0,2008-10-23 04:32:17
116.32328,0,2008-10-23 04:32:22
116.323448,0,2008-10-23 04:32:27
116.323605,0,2008-10-23 04:32:32
116.323605,0,2008-10-23 04:32:37
116.323732,0,2008-10-23 04:32:42
116.324069,0,2008-10-23 04:32:47
116.324258,0,2008-10-23 04:32:52
116.324405,0,2008-10-23 04:32:57
116.324452,0,2008-10-23 04:33:02
116.324453,0,2008-10-23 04:33:07
116.324455,0,2008-10-23 04:33:12
116.324455,0,2008-10-23 04:33:15
116.324456,0,2008-10-23 04:33:17
116.32451,0,2008-10-23 04:33:22
116.324481,0,2008-10-23 04:33:27
116.324477,0,2008-10-23 04:33:32
116.324493,0,2008-10-23 04:33:37
116.324511,0,2008-10-23 04:33:42
116.324511,0,2008-10-23 04:33:45
116.324511,0,2008-10-23 04:33:47
116.324512,0,2008-10-23 04:33:52
116.324513,0,2008-10-23 04:33:57
116.324496,0,2008-10-23 04:34:02
116.324498,0,2008-10-23 04:34:07
116.324545,0,2008-10-23 04:34:12
116.324531,0,2008-10-23 04:34:17
116.324478,0,2008-10-23 04:34:22
116.3246,0,2008-10-23 04:34:27
116.324639,0,2008-10-23 04:34:32
116.324684,0,2008-10-23 04:34:37
116.324722,0,2008-10-23 04:34:42
116.324801,0,2008-10-23 04:34:47
116.324886,0,2008-10-23 04:34:52
116.320158,0,2008-10-23 09:42:25
116.320388,0,2008-10-23 09:42:30
116.320545,0,2008-10-23 09:42:35
116.320683,0,2008-10-23 09:42:40
116.320835,0,2008-10-23 09:42:45
116.32101,0,2008-10-23 09:42:50
116.321153,0,2008-10-23 09:42:55
116.321277,0,2008-10-23 09:43:00
116.321318,0,2008-10-23 09:43:05
116.32128,0,2008-10-23 09:43:10
116.32126,0,2008-10-23 09:43:15
116.321389,0,2008-10-23 09:43:20
116.321455,0,2008-10-23 09:43:25
116.321491,0,2008-10-23 09:43:30
116.321518,0,2008-10-23 09:43:35
116.321521,0,2008-10-23 09:43:40
116.321463,0,2008-10-23 09:43:45
116.321461,0,2008-10-23 09:43:50
116.321474,0,2008-10-23 09:43:55
116.321459,0,2008-10-23 09:44:00
116.321447,0,2008-10-23 09:44:05
116.321454,0,2008-10-23 09:44:10
116.321396,0,2008-10-23 09:44:15
116.321356,0,2008-10-23 09:44:20
116.321395,0,2008-10-23 09:44:25
116.321412,0,2008-10-23 09:44:30
116.321414,0,2008-10-23 09:44:35
116.321426,0,2008-10-23 09:44:40
116.321437,0,2008-10-23 09:44:45
116.321441,0,2008-10-23 09:44:50
116.321425,0,2008-10-23 09:44:55
116.321421,0,2008-10-23 09:45:00
116.321446,0,2008-10-23 09:45:05
116.321443,0,2008-10-23 09:45:10
116.321385,0,2008-10-23 09:45:15
116.321402,0,2008-10-23 09:45:20
116.321449,0,2008-10-23 09:45:25
116.321502,0,2008-10-23 09:45:30
116.321564,0,2008-10-23 09:45:35
116.321623,0,2008-10-23 09:45:40
116.321625,0,2008-10-23 09:45:45
116.321625,0,2008-10-23 09:45:48
116.321631,0,2008-10-23 09:45:50
116.321659,0,2008-10-23 09:45:55
116.321484,0,2008-10-23 09:49:20
116.322217,0,2008-10-23 09:49:40
116.32244,0,2008-10-23 09:49:45
116.322406,0,2008-10-23 09:49:50
116.321628,0,2008-10-23 09:49:55
116.321587,0,2008-10-23 09:50:00
116.321544,0,2008-10-23 09:50:05
116.321525,0,2008-10-23 09:50:10
116.321525,0,2008-10-23 09:50:13
116.321517,0,2008-10-23 09:50:15
116.321457,0,2008-10-23 09:50:20
116.321436,0,2008-10-23 09:50:25
116.321434,0,2008-10-23 09:50:30
116.321374,0,2008-10-23 09:50:35
116.321397,0,2008-10-23 09:50:40
116.321462,0,2008-10-23 09:50:45
116.321486,0,2008-10-23 09:50:50
116.321479,0,2008-10-23 09:50:55
116.321479,0,2008-10-23 09:50:58
116.321481,0,2008-10-23 09:51:00
116.321491,0,2008-10-23 09:51:05
116.32152,0,2008-10-23 09:51:10
116.321585,0,2008-10-23 09:51:15
116.321467,0,2008-10-23 09:51:20
116.321442,0,2008-10-23 09:51:25
116.321453,0,2008-10-23 09:51:30
116.321479,0,2008-10-23 09:51:35
116.321517,0,2008-10-23 09:51:40
116.32156,0,2008-10-23 09:51:45
116.321616,0,2008-10-23 09:51:50
116.32156,0,2008-10-23 09:51:55
116.321491,0,2008-10-23 09:52:00
116.321407,0,2008-10-23 09:52:05
116.321407,0,2008-10-23 09:52:08
116.321412,0,2008-10-23 09:52:10
116.321399,0,2008-10-23 09:52:15
116.321389,0,2008-10-23 09:52:20
116.321389,0,2008-10-23 09:52:23
116.321392,0,2008-10-23 09:52:25
116.321472,0,2008-10-23 09:52:30
116.321446,0,2008-10-23 09:52:35
116.321447,0,2008-10-23 09:52:40
116.321447,0,2008-10-23 09:52:43
116.321451,0,2008-10-23 09:52:45
116.321473,0,2008-10-23 09:52:50
116.32147,0,2008-10-23 09:52:51
116.321445,0,2008-10-23 09:52:56
116.32143,0,2008-10-23 09:53:01
116.321437,0,2008-10-23 09:53:06
116.321485,0,2008-10-23 09:53:11
116.321449,0,2008-10-23 09:53:16
116.321501,0,2008-10-23 09:53:21
116.321558,0,2008-10-23 09:53:26
116.321511,0,2008-10-23 09:53:31
116.321511,0,2008-10-23 09:53:34
116.321518,0,2008-10-23 09:53:36
116.321537,0,2008-10-23 09:53:41
116.321518,0,2008-10-23 09:53:46
116.321499,0,2008-10-23 09:53:51
116.321499,0,2008-10-23 09:53:54
116.321506,0,2008-10-23 09:53:56
116.321522,0,2008-10-23 09:54:01
116.321576,0,2008-10-23 09:54:06
116.321569,0,2008-10-23 09:54:11
116.321569,0,2008-10-23 09:54:14
116.321575,0,2008-10-23 09:54:16
116.321614,0,2008-10-23 09:54:21
116.321526,0,2008-10-23 09:54:26
116.321432,0,2008-10-23 09:54:31
116.321455,0,2008-10-23 09:54:36
116.321485,0,2008-10-23 09:54:41
116.32151,0,2008-10-23 09:54:46
116.32148,0,2008-10-23 09:54:51
116.32153,0,2008-10-23 09:54:56
116.321596,0,2008-10-23 09:55:01
116.321657,0,2008-10-23 09:55:06
116.321721,0,2008-10-23 09:55:11
116.321781,0,2008-10-23 09:55:16
116.321871,0,2008-10-23 09:55:21
116.321952,0,2008-10-23 09:55:26
116.322007,0,2008-10-23 09:55:31
116.322103,0,2008-10-23 09:55:36
116.322121,0,2008-10-23 09:55:41
116.322135,0,2008-10-23 09:55:46
116.322152,0,2008-10-23 09:55:51
116.322162,0,2008-10-23 09:55:56
116.322179,0,2008-10-23 09:56:01
116.32219,0,2008-10-23 09:56:06
116.322177,0,2008-10-23 09:56:11
116.32219,0,2008-10-23 09:56:16
116.322206,0,2008-10-23 09:56:21
116.32222,0,2008-10-23 09:56:26
116.321916,0,2008-10-23 10:02:04
116.321838,0,2008-10-23 10:02:09
116.321811,0,2008-10-23 10:02:14
116.321823,0,2008-10-23 10:02:19
116.321833,0,2008-10-23 10:02:24
116.32185,0,2008-10-23 10:02:29
116.320888,0,2008-10-23 10:03:39
116.321493,0,2008-10-23 10:03:44
116.321349,0,2008-10-23 10:03:49
116.32116,0,2008-10-23 10:03:54
116.321109,0,2008-10-23 10:03:59
116.321037,0,2008-10-23 10:04:04
116.321012,0,2008-10-23 10:04:09
116.320977,0,2008-10-23 10:04:14
116.320964,0,2008-10-23 10:04:19
116.320937,0,2008-10-23 10:04:24
116.320886,0,2008-10-23 10:04:29
116.32083,0,2008-10-23 10:04:34
116.3208,0,2008-10-23 10:04:39
116.320772,0,2008-10-23 10:04:44
116.320688,0,2008-10-23 10:04:49
116.320669,0,2008-10-23 10:04:54
116.320654,0,2008-10-23 10:04:59
116.320619,0,2008-10-23 10:05:04
116.320573,0,2008-10-23 10:05:09
116.320547,0,2008-10-23 10:05:14
116.320543,0,2008-10-23 10:05:19
116.320499,0,2008-10-23 10:05:24
116.320473,0,2008-10-23 10:05:29
116.320418,0,2008-10-23 10:05:34
116.320359,0,2008-10-23 10:05:39
116.320335,0,2008-10-23 10:05:44
116.320309,0,2008-10-23 10:05:49
116.320287,0,2008-10-23 10:05:54
116.320241,0,2008-10-23 10:05:59
116.320238,0,2008-10-23 10:06:04
116.320237,0,2008-10-23 10:06:09
116.320239,0,2008-10-23 10:06:14
116.320239,0,2008-10-23 10:06:19
116.320239,0,2008-10-23 10:06:22
116.32024,0,2008-10-23 10:06:24
116.32023,0,2008-10-23 10:06:29
116.320181,0,2008-10-23 10:06:34
116.320093,0,2008-10-23 10:06:39
116.319986,0,2008-10-23 10:06:44
116.319953,0,2008-10-23 10:06:49
116.319953,0,2008-10-23 10:06:52
116.31995,0,2008-10-23 10:06:54
116.31987,0,2008-10-23 10:06:59
116.319732,0,2008-10-23 10:07:04
116.31965,0,2008-10-23 10:07:09
116.319517,0,2008-10-23 10:07:14
116.319506,0,2008-10-23 10:07:19
116.319493,0,2008-10-23 10:07:21
116.319436,0,2008-10-23 10:07:26
116.319403,0,2008-10-23 10:07:31
116.319391,0,2008-10-23 10:07:36
116.319376,0,2008-10-23 10:07:41
116.319364,0,2008-10-23 10:07:46
116.319357,0,2008-10-23 10:07:51
116.319321,0,2008-10-23 10:07:56
116.319312,0,2008-10-23 10:08:01
116.319307,0,2008-10-23 10:08:06
116.319307,0,2008-10-23 10:08:09
116.319313,0,2008-10-23 10:08:11
116.31934,0,2008-10-23 10:08:16
116.319355,0,2008-10-23 10:08:21
116.319369,0,2008-10-23 10:08:26
116.319385,0,2008-10-23 10:08:31
116.319403,0,2008-10-23 10:08:36
116.319417,0,2008-10-23 10:08:41
116.319417,0,2008-10-23 10:08:44
116.319414,0,2008-10-23 10:08:46
116.319384,0,2008-10-23 10:08:51
116.319321,0,2008-10-23 10:08:56
116.319266,0,2008-10-23 10:09:01
116.319215,0,2008-10-23 10:09:06
116.319181,0,2008-10-23 10:09:11
116.319151,0,2008-10-23 10:09:16
116.319756,0,2008-10-23 10:09:26
116.319657,0,2008-10-23 10:09:31
116.319432,0,2008-10-23 10:09:41
116.319354,0,2008-10-23 10:09:46
116.319379,0,2008-10-23 10:09:51
116.319371,0,2008-10-23 10:09:56
116.319316,0,2008-10-23 10:10:01
116.319238,0,2008-10-23 10:10:06
116.319088,0,2008-10-23 10:10:31
116.319088,0,2008-10-23 10:10:34
116.319084,0,2008-10-23 10:10:36
116.319036,0,2008-10-23 10:10:41
116.31903,0,2008-10-23 10:10:46
116.319007,0,2008-10-23 10:10:51
116.318957,0,2008-10-23 10:10:56
116.318852,0,2008-10-23 10:11:01
116.318775,0,2008-10-23 10:11:06
116.318705,0,2008-10-23 10:11:11
116.318623,0,2008-10-23 10:11:16
116.318546,0,2008-10-23 10:11:21
116.318487,0,2008-10-23 10:11:26
116.318444,0,2008-10-23 10:11:31
116.318365,0,2008-10-23 10:11:36
116.318248,0,2008-10-23 10:11:41
116.318293,0,2008-10-23 10:11:46
116.318471,0,2008-10-23 10:11:51
116.318444,0,2008-10-23 10:11:56
116.31838,0,2008-10-23 10:12:01
116.318326,0,2008-10-23 10:12:06
116.318275,0,2008-10-23 10:12:11
116.318251,0,2008-10-23 10:12:16
116.318267,0,2008-10-23 10:12:21
116.318339,0,2008-10-23 10:12:26
116.318474,0,2008-10-23 10:12:31
116.318568,0,2008-10-23 10:12:36
116.318639,0,2008-10-23 10:12:41
116.318684,0,2008-10-23 10:12:46
116.318699,0,2008-10-23 10:12:51
116.318706,0,2008-10-23 10:12:56
116.318842,0,2008-10-23 10:13:01
116.318826,0,2008-10-23 10:13:06
116.318792,0,2008-10-23 10:13:11
116.318741,0,2008-10-23 10:13:16
116.318672,0,2008-10-23 10:13:21
116.318565,0,2008-10-23 10:13:26
116.318494,0,2008-10-23 10:13:31
116.318455,0,2008-10-23 10:13:36
116.319607,0,2008-10-23 10:14:21
116.319334,0,2008-10-23 10:14:26
116.319131,0,2008-10-23 10:14:31
116.318956,0,2008-10-23 10:14:36
116.318793,0,2008-10-23 10:14:41
116.31865,0,2008-10-23 10:14:46
116.31854,0,2008-10-23 10:14:51
116.31912,0,2008-10-23 10:15:06
116.319124,0,2008-10-23 10:15:11
116.31909,0,2008-10-23 10:15:16
116.319085,0,2008-10-23 10:15:21
116.31909,0,2008-10-23 10:15:26
116.319094,0,2008-10-23 10:15:31
116.319041,0,2008-10-23 10:15:36
116.318962,0,2008-10-23 10:15:41
116.318892,0,2008-10-23 10:15:46
116.318825,0,2008-10-23 10:15:51
116.318799,0,2008-10-23 10:15:56
116.318754,0,2008-10-23 10:16:01
116.31869,0,2008-10-23 10:16:06
116.318784,0,2008-10-23 10:18:11
116.318863,0,2008-10-23 10:18:16
116.318817,0,2008-10-23 10:18:21
116.318827,0,2008-10-23 10:18:26
116.318829,0,2008-10-23 10:18:31
116.318788,0,2008-10-23 10:18:36
116.318763,0,2008-10-23 10:18:41
116.318756,0,2008-10-23 10:18:46
116.318753,0,2008-10-23 10:18:51
116.318816,0,2008-10-23 10:18:56
116.318941,0,2008-10-23 10:19:01
116.318897,0,2008-10-23 10:19:06
116.318936,0,2008-10-23 10:19:11
116.319454,0,2008-10-23 10:19:16
116.319409,0,2008-10-23 10:19:21
116.319385,0,2008-10-23 10:19:26
116.319403,0,2008-10-23 10:19:31
116.319429,0,2008-10-23 10:19:36
116.319475,0,2008-10-23 10:19:41
116.319505,0,2008-10-23 10:19:46
116.319529,0,2008-10-23 10:19:51
116.319537,0,2008-10-23 10:19:56
116.319549,0,2008-10-23 10:20:01
116.319591,0,2008-10-23 10:20:06
116.319618,0,2008-10-23 10:20:11
116.319597,0,2008-10-23 10:20:16
116.319548,0,2008-10-23 10:20:21
116.319525,0,2008-10-23 10:20:26
116.31949,0,2008-10-23 10:20:31
116.319482,0,2008-10-23 10:20:36
116.319483,0,2008-10-23 10:20:41
116.319483,0,2008-10-23 10:20:44
116.319489,0,2008-10-23 10:20:46
116.319488,0,2008-10-23 10:20:56
116.319484,0,2008-10-23 10:21:01
116.319484,0,2008-10-23 10:21:04
116.319481,0,2008-10-23 10:21:06
116.319455,0,2008-10-23 10:21:16
116.318549,0,2008-10-23 10:26:35
116.318549,0,2008-10-23 10:26:43
116.318544,0,2008-10-23 10:26:45
116.318571,0,2008-10-23 10:26:50
116.31856,0,2008-10-23 10:26:55
116.318572,0,2008-10-23 10:27:00
116.318581,0,2008-10-23 10:27:05
116.318568,0,2008-10-23 10:27:10
116.318548,0,2008-10-23 10:27:15
116.318565,0,2008-10-23 10:27:20
116.318625,0,2008-10-23 10:27:25
116.318817,0,2008-10-23 10:27:30
116.318884,0,2008-10-23 10:27:35
116.318965,0,2008-10-23 10:27:40
116.319072,0,2008-10-23 10:27:45
116.319175,0,2008-10-23 10:27:50
116.319239,0,2008-10-23 10:27:55
116.319286,0,2008-10-23 10:28:00
116.319309,0,2008-10-23 10:28:05
116.319351,0,2008-10-23 10:28:10
116.319398,0,2008-10-23 10:28:15
116.319424,0,2008-10-23 10:28:20
116.319419,0,2008-10-23 10:28:25
116.319381,0,2008-10-23 10:28:30
116.319294,0,2008-10-23 10:28:35
116.319674,0,2008-10-23 10:28:45
116.319674,0,2008-10-23 10:28:48
116.319676,0,2008-10-23 10:28:50
116.319695,0,2008-10-23 10:28:55
116.319786,0,2008-10-23 10:29:00
116.319816,0,2008-10-23 10:29:05
116.319834,0,2008-10-23 10:29:10
116.31989,0,2008-10-23 10:29:15
116.319966,0,2008-10-23 10:29:20
116.32005,0,2008-10-23 10:29:25
116.320119,0,2008-10-23 10:29:30
116.320243,0,2008-10-23 10:29:35
116.320301,0,2008-10-23 10:29:40
116.320389,0,2008-10-23 10:29:45
116.320364,0,2008-10-23 10:29:50
116.320343,0,2008-10-23 10:29:55
116.320328,0,2008-10-23 10:30:00
116.320325,0,2008-10-23 10:30:05
116.320339,0,2008-10-23 10:30:10
116.320394,0,2008-10-23 10:30:15
116.320486,0,2008-10-23 10:30:20
116.320571,0,2008-10-23 10:30:25
116.320646,0,2008-10-23 10:30:30
116.320738,0,2008-10-23 10:30:35
116.32081,0,2008-10-23 10:30:40
116.320851,0,2008-10-23 10:30:45
116.320857,0,2008-10-23 10:30:50
116.320872,0,2008-10-23 10:30:55
116.320864,0,2008-10-23 10:31:00
116.320918,0,2008-10-23 10:31:05
116.320997,0,2008-10-23 10:31:10
116.321079,0,2008-10-23 10:31:15
116.321168,0,2008-10-23 10:31:20
116.321249,0,2008-10-23 10:31:25
116.321297,0,2008-10-23 10:31:30
116.321395,0,2008-10-23 10:31:35
116.321462,0,2008-10-23 10:31:40
116.321504,0,2008-10-23 10:31:45
116.321516,0,2008-10-23 10:31:50
116.321555,0,2008-10-23 10:31:55
116.321571,0,2008-10-23 10:32:00
116.321615,0,2008-10-23 10:32:05
116.321677,0,2008-10-23 10:32:10
116.321766,0,2008-10-23 10:32:15
116.321858,0,2008-10-23 10:32:20
116.321933,0,2008-10-23 10:32:25
116.322009,0,2008-10-23 10:32:30
116.322087,0,2008-10-23 10:32:35
116.322144,0,2008-10-23 10:32:40
116.322234,0,2008-10-23 10:32:45
116.322306,0,2008-10-23 10:32:50
116.322331,0,2008-10-23 10:32:55
116.322311,0,2008-10-23 10:33:00
116.3223,0,2008-10-23 10:33:05
116.3223,0,2008-10-23 10:33:08
116.322297,0,2008-10-23 10:33:10
116.322297,0,2008-10-23 10:33:15
116.322298,0,2008-10-23 10:33:20
116.323722,0,2008-10-23 10:44:31
116.32369,0,2008-10-23 10:44:36
116.323112,0,2008-10-23 10:44:41
116.322741,0,2008-10-23 10:44:46
116.322551,0,2008-10-23 10:44:51
116.322462,0,2008-10-23 10:44:56
116.322356,0,2008-10-23 10:45:01
116.322259,0,2008-10-23 10:45:06
116.322177,0,2008-10-23 10:45:11
116.322088,0,2008-10-23 10:45:16
116.321992,0,2008-10-23 10:45:21
116.32191,0,2008-10-23 10:45:26
116.32185,0,2008-10-23 10:45:31
116.321784,0,2008-10-23 10:45:36
116.321736,0,2008-10-23 10:45:41
116.321695,0,2008-10-23 10:45:46
116.321684,0,2008-10-23 10:45:51
116.321683,0,2008-10-23 10:45:56
116.321683,0,2008-10-23 10:45:59
116.321682,0,2008-10-23 10:46:01
116.321623,0,2008-10-23 10:46:06
116.321551,0,2008-10-23 10:46:11
116.321485,0,2008-10-23 11:08:22
116.321862,0,2008-10-23 11:09:22
116.322251,0,2008-10-23 11:09:27
116.321603,0,2008-10-23 11:10:27
116.32161,0,2008-10-23 11:10:32
116.321431,0,2008-10-23 11:10:37
116.321399,0,2008-10-23 11:10:42
116.321326,0,2008-10-23 11:10:47
116.321211,0,2008-10-23 11:10:52
116.32113,0,2008-10-23 11:10:57
116.32105,0,2008-10-23 11:11:02
116.320978,0,2008-10-23 11:11:07
116.320887,0,2008-10-23 11:11:12
116.319876,0,2008-10-24 02:09:59
116.319962,0,2008-10-24 02:10:04
116.319458,0,2008-10-24 02:10:09
116.319484,0,2008-10-24 02:10:14
116.31959,0,2008-10-24 02:10:19
116.319727,0,2008-10-24 02:10:24
116.319873,0,2008-10-24 02:10:29
116.320013,0,2008-10-24 02:10:34
116.320165,0,2008-10-24 02:10:39
116.320176,0,2008-10-24 02:10:44
116.320214,0,2008-10-24 02:10:49
116.320357,0,2008-10-24 02:10:54
116.320544,0,2008-10-24 02:10:59
116.320708,0,2008-10-24 02:11:04
116.320861,0,2008-10-24 02:11:09
116.320989,0,2008-10-24 02:11:14
116.321041,0,2008-10-24 02:11:19
116.321118,0,2008-10-24 02:11:24
116.321152,0,2008-10-24 02:11:29
116.321191,0,2008-10-24 02:11:34
116.321251,0,2008-10-24 02:11:39
116.321301,0,2008-10-24 02:11:44
116.321349,0,2008-10-24 02:11:49
116.321366,0,2008-10-24 02:11:54
116.321366,0,2008-10-24 02:11:57
116.321366,0,2008-10-24 02:11:59
116.321375,0,2008-10-24 02:12:04
116.321385,0,2008-10-24 02:12:09
116.321394,0,2008-10-24 02:12:14
116.321401,0,2008-10-24 02:12:19
116.321405,0,2008-10-24 02:12:24
116.321405,0,2008-10-24 02:12:27
116.321408,0,2008-10-24 02:12:29
116.321438,0,2008-10-24 02:12:34
116.321506,0,2008-10-24 02:12:39
116.321554,0,2008-10-24 02:12:44
116.32159,0,2008-10-24 02:12:49
116.321514,0,2008-10-24 02:12:54
116.321465,0,2008-10-24 02:12:59
116.321433,0,2008-10-24 02:13:04
116.321394,0,2008-10-24 02:13:09
116.321351,0,2008-10-24 02:13:14
116.321348,0,2008-10-24 02:13:19
116.321346,0,2008-10-24 02:13:24
116.321346,0,2008-10-24 02:13:29
116.321345,0,2008-10-24 02:13:34
116.321346,0,2008-10-24 02:13:39
116.321346,0,2008-10-24 02:13:44
116.321347,0,2008-10-24 02:13:49
116.321346,0,2008-10-24 02:13:54
116.321344,0,2008-10-24 02:13:59
116.321341,0,2008-10-24 02:14:04
116.321344,0,2008-10-24 02:14:09
116.321346,0,2008-10-24 02:14:14
116.321349,0,2008-10-24 02:14:19
116.321349,0,2008-10-24 02:14:22
116.321356,0,2008-10-24 02:14:24
116.321386,0,2008-10-24 02:14:29
116.32146,0,2008-10-24 02:14:34
116.321519,0,2008-10-24 02:14:39
116.321581,0,2008-10-24 02:14:44
116.321706,0,2008-10-24 02:14:49
116.321794,0,2008-10-24 02:14:54
116.321862,0,2008-10-24 02:14:59
116.321897,0,2008-10-24 02:15:04
116.321917,0,2008-10-24 02:15:09
116.321948,0,2008-10-24 02:15:14
116.321975,0,2008-10-24 02:15:19
116.321995,0,2008-10-24 02:15:24
116.322015,0,2008-10-24 02:15:29
116.322054,0,2008-10-24 02:21:54
116.322109,0,2008-10-24 02:21:59
116.322134,0,2008-10-24 02:22:04
116.322217,0,2008-10-24 02:22:09
116.322252,0,2008-10-24 02:22:14
116.322339,0,2008-10-24 02:22:19
116.322406,0,2008-10-24 02:22:24
116.322459,0,2008-10-24 02:22:29
116.322483,0,2008-10-24 02:22:34
116.322437,0,2008-10-24 02:22:39
116.322394,0,2008-10-24 02:22:44
116.322382,0,2008-10-24 02:22:49
116.322373,0,2008-10-24 02:22:54
116.322402,0,2008-10-24 02:22:59
116.322402,0,2008-10-24 02:23:02
116.3224,0,2008-10-24 02:23:04
116.322429,0,2008-10-24 02:23:09
116.322431,0,2008-10-24 02:23:14
116.322432,0,2008-10-24 02:23:19
116.322433,0,2008-10-24 02:23:24
116.322433,0,2008-10-24 02:23:27
116.322432,0,2008-10-24 02:23:29
116.322427,0,2008-10-24 02:23:34
116.322456,0,2008-10-24 02:23:39
116.322464,0,2008-10-24 02:23:44
116.322464,0,2008-10-24 02:23:47
116.322467,0,2008-10-24 02:23:49
116.322469,0,2008-10-24 02:23:54
116.322468,0,2008-10-24 02:23:59
116.322467,0,2008-10-24 02:24:04
116.322467,0,2008-10-24 02:24:07
116.322467,0,2008-10-24 02:24:09
116.322455,0,2008-10-24 02:24:14
116.322475,0,2008-10-24 02:24:19
116.322496,0,2008-10-24 02:24:24
116.322494,0,2008-10-24 02:24:29
116.32246,0,2008-10-24 02:24:34
116.322438,0,2008-10-24 02:24:39
116.322436,0,2008-10-24 02:24:44
116.322436,0,2008-10-24 02:24:47
116.322439,0,2008-10-24 02:24:49
116.322436,0,2008-10-24 02:24:54
116.322443,0,2008-10-24 02:24:59
116.322454,0,2008-10-24 02:25:04
116.322466,0,2008-10-24 02:25:09
116.322476,0,2008-10-24 02:25:14
116.322481,0,2008-10-24 02:25:19
116.322481,0,2008-10-24 02:25:22
116.322488,0,2008-10-24 02:25:24
116.322499,0,2008-10-24 02:25:29
116.322483,0,2008-10-24 02:25:34
116.322461,0,2008-10-24 02:25:39
116.322421,0,2008-10-24 02:25:44
116.322421,0,2008-10-24 02:25:47
116.322419,0,2008-10-24 02:25:49
116.322397,0,2008-10-24 02:25:54
116.322384,0,2008-10-24 02:25:59
116.322383,0,2008-10-24 02:26:04
116.322383,0,2008-10-24 02:26:09
116.322384,0,2008-10-24 02:26:14
116.322383,0,2008-10-24 02:26:19
116.322382,0,2008-10-24 02:26:24
116.322382,0,2008-10-24 02:26:29
116.322382,0,2008-10-24 02:26:32
116.322384,0,2008-10-24 02:26:34
116.322396,0,2008-10-24 02:26:39
116.3224,0,2008-10-24 02:26:44
116.3224,0,2008-10-24 02:26:47
116.322402,0,2008-10-24 02:26:49
116.322417,0,2008-10-24 02:26:54
116.32242,0,2008-10-24 02:26:59
116.322421,0,2008-10-24 02:27:04
116.322421,0,2008-10-24 02:27:07
116.322416,0,2008-10-24 02:27:09
116.322429,0,2008-10-24 02:27:14
116.322453,0,2008-10-24 02:27:19
116.322437,0,2008-10-24 02:27:24
116.322416,0,2008-10-24 02:27:29
116.322382,0,2008-10-24 02:27:34
116.322378,0,2008-10-24 02:27:39
116.322376,0,2008-10-24 02:27:44
116.322379,0,2008-10-24 02:27:49
116.322381,0,2008-10-24 02:27:54
116.322383,0,2008-10-24 02:27:59
116.322383,0,2008-10-24 02:28:02
116.322388,0,2008-10-24 02:28:04
116.322412,0,2008-10-24 02:28:09
116.322414,0,2008-10-24 02:28:14
116.322408,0,2008-10-24 02:28:19
116.322408,0,2008-10-24 02:28:22
116.322402,0,2008-10-24 02:28:24
116.322417,0,2008-10-24 02:28:29
116.322411,0,2008-10-24 02:28:31
116.322406,0,2008-10-24 02:28:36
116.322406,0,2008-10-24 02:28:39
116.322414,0,2008-10-24 02:28:41
116.322393,0,2008-10-24 02:28:46
116.32239,0,2008-10-24 02:28:51
116.32239,0,2008-10-24 02:28:54
116.32239,0,2008-10-24 02:28:56
116.322304,0,2008-10-24 02:29:01
116.322292,0,2008-10-24 02:29:06
116.322265,0,2008-10-24 02:29:11
116.322221,0,2008-10-24 02:29:16
116.322194,0,2008-10-24 02:29:21
116.322162,0,2008-10-24 02:29:26
116.322994,0,2008-10-24 02:41:31
116.322254,0,2008-10-24 02:41:36
116.322251,0,2008-10-24 02:41:41
116.322172,0,2008-10-24 02:41:46
116.322158,0,2008-10-24 02:41:51
116.322217,0,2008-10-24 02:41:56
116.322319,0,2008-10-24 02:42:01
116.322352,0,2008-10-24 02:42:06
116.322365,0,2008-10-24 02:42:11
116.322432,0,2008-10-24 02:42:16
116.322517,0,2008-10-24 02:42:21
116.322489,0,2008-10-24 02:42:26
116.322484,0,2008-10-24 02:42:31
116.322484,0,2008-10-24 02:42:36
116.322484,0,2008-10-24 02:42:39
116.322487,0,2008-10-24 02:42:41
116.322495,0,2008-10-24 02:42:46
116.3225,0,2008-10-24 02:42:51
116.322496,0,2008-10-24 02:42:56
116.322495,0,2008-10-24 02:43:01
116.322494,0,2008-10-24 02:43:06
116.322494,0,2008-10-24 02:43:11
116.322494,0,2008-10-24 02:43:16
116.322493,0,2008-10-24 02:43:21
116.322492,0,2008-10-24 02:43:26
116.322493,0,2008-10-24 02:43:31
116.322494,0,2008-10-24 02:43:36
116.322494,0,2008-10-24 02:43:41
116.322495,0,2008-10-24 02:43:46
116.322496,0,2008-10-24 02:43:51
116.322497,0,2008-10-24 02:43:56
116.322492,0,2008-10-24 02:44:01
116.322488,0,2008-10-24 02:44:06
116.322486,0,2008-10-24 02:44:11
116.322484,0,2008-10-24 02:44:16
116.32249,0,2008-10-24 02:44:21
116.32249,0,2008-10-24 02:44:24
116.32249,0,2008-10-24 02:44:26
116.322503,0,2008-10-24 02:44:31
116.322503,0,2008-10-24 02:44:34
116.322505,0,2008-10-24 02:44:36
116.322478,0,2008-10-24 02:44:41
116.322452,0,2008-10-24 02:44:46
116.322405,0,2008-10-24 02:44:51
116.322358,0,2008-10-24 02:44:56
116.322349,0,2008-10-24 02:45:01
116.322313,0,2008-10-24 02:45:06
116.322241,0,2008-10-24 02:45:11
116.322183,0,2008-10-24 02:45:16
116.322155,0,2008-10-24 02:45:21
116.322086,0,2008-10-24 02:45:26
116.322052,0,2008-10-24 02:45:31
116.322007,0,2008-10-24 02:45:36
116.32196,0,2008-10-24 02:45:41
116.321946,0,2008-10-24 02:45:46
116.321887,0,2008-10-24 02:45:51
116.321798,0,2008-10-24 02:45:56
116.321719,0,2008-10-24 02:46:01
116.321666,0,2008-10-24 02:46:06
116.321644,0,2008-10-24 02:46:11
116.321615,0,2008-10-24 02:46:16
116.321572,0,2008-10-24 02:46:21
116.321582,0,2008-10-24 02:46:26
116.321586,0,2008-10-24 02:46:31
116.321215,0,2008-10-24 02:46:51
116.321111,0,2008-10-24 02:46:56
116.321158,0,2008-10-24 02:47:01
116.321162,0,2008-10-24 02:47:06
116.370017,0,2008-10-26 13:44:07
116.370074,0,2008-10-26 13:44:12
116.37036,0,2008-10-26 13:44:17
116.370415,0,2008-10-26 13:44:22
116.370454,0,2008-10-26 13:44:27
116.370534,0,2008-10-26 13:44:32
116.370624,0,2008-10-26 13:44:37
116.370794,0,2008-10-26 13:44:42
116.370909,0,2008-10-26 13:44:47
116.370958,0,2008-10-26 13:44:52
116.371029,0,2008-10-26 13:44:57
116.371056,0,2008-10-26 13:45:02
116.371095,0,2008-10-26 13:45:07
116.371141,0,2008-10-26 13:45:12
116.371178,0,2008-10-26 13:45:17
116.371251,0,2008-10-26 13:45:22
116.371313,0,2008-10-26 13:45:27
116.371375,0,2008-10-26 13:45:32
116.371432,0,2008-10-26 13:45:37
116.371477,0,2008-10-26 13:45:42
116.371526,0,2008-10-26 13:45:47
116.371584,0,2008-10-26 13:45:52
116.371673,0,2008-10-26 13:45:57
116.371748,0,2008-10-26 13:46:02
116.371831,0,2008-10-26 13:46:07
116.371876,0,2008-10-26 13:46:12
116.37189,0,2008-10-26 13:46:17
116.371898,0,2008-10-26 13:46:22
116.371955,0,2008-10-26 13:46:27
116.371999,0,2008-10-26 13:46:32
116.372037,0,2008-10-26 13:46:37
116.372081,0,2008-10-26 13:46:42
116.372126,0,2008-10-26 13:46:47
116.372225,0,2008-10-26 13:46:52
116.372296,0,2008-10-26 13:46:57
116.372368,0,2008-10-26 13:47:02
116.372445,0,2008-10-26 13:47:07
116.372502,0,2008-10-26 13:47:12
116.372553,0,2008-10-26 13:47:17
116.372599,0,2008-10-26 13:47:22
116.372634,0,2008-10-26 13:47:27
116.372669,0,2008-10-26 13:47:32
116.372718,0,2008-10-26 13:47:37
116.372796,0,2008-10-26 13:47:42
116.372845,0,2008-10-26 13:47:47
116.372906,0,2008-10-26 13:47:52
116.372973,0,2008-10-26 13:47:57
116.373009,0,2008-10-26 13:48:02
116.37304,0,2008-10-26 13:48:07
116.373096,0,2008-10-26 13:48:12
116.373124,0,2008-10-26 13:48:17
116.373163,0,2008-10-26 13:48:22
116.373175,0,2008-10-26 13:48:27
116.373195,0,2008-10-26 13:48:32
116.373237,0,2008-10-26 13:48:37
116.373304,0,2008-10-26 13:48:42
116.373375,0,2008-10-26 13:48:47
116.373452,0,2008-10-26 13:48:52
116.37352,0,2008-10-26 13:48:57
116.373566,0,2008-10-26 13:49:02
116.374616,0,2008-10-26 13:49:07
116.374711,0,2008-10-26 13:49:12
116.374798,0,2008-10-26 13:49:17
116.374856,0,2008-10-26 13:49:22
116.374961,0,2008-10-26 13:49:27
116.374992,0,2008-10-26 13:49:32
116.375031,0,2008-10-26 13:49:37
116.375072,0,2008-10-26 13:49:42
116.375111,0,2008-10-26 13:49:47
116.375135,0,2008-10-26 13:49:52
116.375148,0,2008-10-26 13:49:57
116.375258,0,2008-10-26 13:50:02
116.375284,0,2008-10-26 13:50:07
116.3753,0,2008-10-26 13:50:12
116.375351,0,2008-10-26 13:50:17
116.375408,0,2008-10-26 13:50:22
116.37546,0,2008-10-26 13:50:27
116.375547,0,2008-10-26 13:50:32
116.375616,0,2008-10-26 13:50:37
116.375697,0,2008-10-26 13:50:42
116.375791,0,2008-10-26 13:50:47
116.375868,0,2008-10-26 13:50:52
116.375911,0,2008-10-26 13:50:57
116.37595,0,2008-10-26 13:51:02
116.375976,0,2008-10-26 13:51:07
116.376023,0,2008-10-26 13:51:12
116.376071,0,2008-10-26 13:51:17
116.376116,0,2008-10-26 13:51:22
116.376161,0,2008-10-26 13:51:27
116.376193,0,2008-10-26 13:51:32
116.376237,0,2008-10-26 13:51:37
116.376313,0,2008-10-26 13:51:42
116.376416,0,2008-10-26 13:51:47
116.3765,0,2008-10-26 13:51:52
116.376565,0,2008-10-26 13:51:57
116.376628,0,2008-10-26 13:52:02
116.376701,0,2008-10-26 13:52:07
116.376781,0,2008-10-26 13:52:12
116.376862,0,2008-10-26 13:52:17
116.376876,0,2008-10-26 13:52:22
116.376899,0,2008-10-26 13:52:27
116.376991,0,2008-10-26 13:52:32
116.377071,0,2008-10-26 13:52:37
116.377138,0,2008-10-26 13:52:42
116.377192,0,2008-10-26 13:52:47
116.377269,0,2008-10-26 13:52:52
116.377318,0,2008-10-26 13:52:57
116.377388,0,2008-10-26 13:53:02
116.377438,0,2008-10-26 13:53:07
116.377518,0,2008-10-26 13:53:12
116.377585,0,2008-10-26 13:53:17
116.37765,0,2008-10-26 13:53:22
116.377708,0,2008-10-26 13:53:27
116.377774,0,2008-10-26 13:53:32
116.377839,0,2008-10-26 13:53:37
116.377885,0,2008-10-26 13:53:42
116.377939,0,2008-10-26 13:53:47
116.378018,0,2008-10-26 13:53:52
116.378108,0,2008-10-26 13:53:57
116.37819,0,2008-10-26 13:54:02
116.378269,0,2008-10-26 13:54:07
116.37834,0,2008-10-26 13:54:12
116.378413,0,2008-10-26 13:54:17
116.378507,0,2008-10-26 13:54:22
116.378572,0,2008-10-26 13:54:27
116.37861,0,2008-10-26 13:54:32
116.378654,0,2008-10-26 13:54:37
116.378703,0,2008-10-26 13:54:42
116.378761,0,2008-10-26 13:54:47
116.378816,0,2008-10-26 13:54:52
116.378871,0,2008-10-26 13:54:57
116.378924,0,2008-10-26 13:55:02
116.378986,0,2008-10-26 13:55:07
116.379067,0,2008-10-26 13:55:12
116.37913,0,2008-10-26 13:55:17
116.379199,0,2008-10-26 13:55:22
116.379238,0,2008-10-26 13:55:27
116.379315,0,2008-10-26 13:55:32
116.379387,0,2008-10-26 13:55:37
116.379469,0,2008-10-26 13:55:42
116.379531,0,2008-10-26 13:55:47
116.379576,0,2008-10-26 13:55:52
116.379594,0,2008-10-26 13:55:57
116.379642,0,2008-10-26 13:56:02
116.379674,0,2008-10-26 13:56:07
116.379703,0,2008-10-26 13:56:12
116.379724,0,2008-10-26 13:56:17
116.379724,0,2008-10-26 13:56:20
116.37973,0,2008-10-26 13:56:22
116.37973,0,2008-10-26 13:56:27
116.379773,0,2008-10-26 13:56:32
116.379873,0,2008-10-26 13:56:37
116.379932,0,2008-10-26 13:56:42
116.379994,0,2008-10-26 13:56:47
116.380064,0,2008-10-26 13:56:52
116.380128,0,2008-10-26 13:56:57
116.38017,0,2008-10-26 13:57:02
116.380227,0,2008-10-26 13:57:07
116.380291,0,2008-10-26 13:57:12
116.380353,0,2008-10-26 13:57:17
116.380417,0,2008-10-26 13:57:22
116.38045,0,2008-10-26 13:57:27
116.380527,0,2008-10-26 13:57:32
116.380632,0,2008-10-26 13:57:37
116.380695,0,2008-10-26 13:57:42
116.380756,0,2008-10-26 13:57:47
116.380808,0,2008-10-26 13:57:52
116.380873,0,2008-10-26 13:57:57
116.380946,0,2008-10-26 13:58:02
116.38103,0,2008-10-26 13:58:07
116.381078,0,2008-10-26 13:58:12
116.381097,0,2008-10-26 13:58:17
116.381143,0,2008-10-26 13:58:22
116.38121,0,2008-10-26 13:58:27
116.381252,0,2008-10-26 13:58:32
116.3813,0,2008-10-26 13:58:37
116.381338,0,2008-10-26 13:58:42
116.381387,0,2008-10-26 13:58:47
116.381482,0,2008-10-26 13:58:52
116.381563,0,2008-10-26 13:58:57
116.381639,0,2008-10-26 13:59:02
116.381708,0,2008-10-26 13:59:07
116.381752,0,2008-10-26 13:59:12
116.381807,0,2008-10-26 13:59:17
116.381874,0,2008-10-26 13:59:22
116.381983,0,2008-10-26 13:59:27
116.382045,0,2008-10-26 13:59:32
116.382083,0,2008-10-26 13:59:37
116.382162,0,2008-10-26 13:59:42
116.382197,0,2008-10-26 13:59:47
116.382225,0,2008-10-26 13:59:52
116.382276,0,2008-10-26 13:59:57
116.382336,0,2008-10-26 14:00:02
116.382439,0,2008-10-26 14:00:07
116.382477,0,2008-10-26 14:00:12
116.382545,0,2008-10-26 14:00:17
116.382635,0,2008-10-26 14:00:22
116.382681,0,2008-10-26 14:00:27
116.382738,0,2008-10-26 14:00:32
116.382798,0,2008-10-26 14:00:37
116.382844,0,2008-10-26 14:00:42
116.382902,0,2008-10-26 14:00:47
116.382982,0,2008-10-26 14:00:52
116.383059,0,2008-10-26 14:00:57
116.383125,0,2008-10-26 14:01:02
116.383185,0,2008-10-26 14:01:07
116.383257,0,2008-10-26 14:01:12
116.383322,0,2008-10-26 14:01:17
116.383389,0,2008-10-26 14:01:22
116.38345,0,2008-10-26 14:01:27
116.38347,0,2008-10-26 14:01:32
116.38355,0,2008-10-26 14:01:37
116.383588,0,2008-10-26 14:01:42
116.383634,0,2008-10-26 14:01:47
116.383692,0,2008-10-26 14:01:52
116.383769,0,2008-10-26 14:01:57
116.383862,0,2008-10-26 14:02:02
116.383951,0,2008-10-26 14:02:07
116.384057,0,2008-10-26 14:02:12
116.384116,0,2008-10-26 14:02:17
116.384197,0,2008-10-26 14:02:22
116.38428,0,2008-10-26 14:02:27
116.384351,0,2008-10-26 14:02:32
116.384399,0,2008-10-26 14:02:37
116.384454,0,2008-10-26 14:02:42
116.384531,0,2008-10-26 14:02:47
116.384596,0,2008-10-26 14:02:52
116.384654,0,2008-10-26 14:02:57
116.384714,0,2008-10-26 14:03:02
116.384761,0,2008-10-26 14:03:07
116.384798,0,2008-10-26 14:03:12
116.384829,0,2008-10-26 14:03:17
116.384906,0,2008-10-26 14:03:22
116.384963,0,2008-10-26 14:03:27
116.385039,0,2008-10-26 14:03:32
116.385101,0,2008-10-26 14:03:37
116.385165,0,2008-10-26 14:03:42
116.385182,0,2008-10-26 14:03:47
116.385295,0,2008-10-26 14:03:52
116.385386,0,2008-10-26 14:03:57
116.38544,0,2008-10-26 14:04:02
116.385515,0,2008-10-26 14:04:07
116.385584,0,2008-10-26 14:04:12
116.385675,0,2008-10-26 14:04:17
116.385732,0,2008-10-26 14:04:22
116.385815,0,2008-10-26 14:04:27
116.385882,0,2008-10-26 14:04:32
116.385928,0,2008-10-26 14:04:37
116.385975,0,2008-10-26 14:04:42
116.386043,0,2008-10-26 14:04:47
116.386108,0,2008-10-26 14:04:52
116.386169,0,2008-10-26 14:04:57
116.386229,0,2008-10-26 14:05:02
116.386302,0,2008-10-26 14:05:07
116.386385,0,2008-10-26 14:05:12
116.386428,0,2008-10-26 14:05:17
116.386487,0,2008-10-26 14:05:22
116.386547,0,2008-10-26 14:05:27
116.386657,0,2008-10-26 14:05:32
116.386776,0,2008-10-26 14:05:37
116.38689,0,2008-10-26 14:05:42
116.386946,0,2008-10-26 14:05:47
116.387009,0,2008-10-26 14:05:52
116.38707,0,2008-10-26 14:05:57
116.387104,0,2008-10-26 14:06:02
116.387185,0,2008-10-26 14:06:07
116.387236,0,2008-10-26 14:06:12
116.387307,0,2008-10-26 14:06:17
116.387389,0,2008-10-26 14:06:22
116.387468,0,2008-10-26 14:06:27
116.387537,0,2008-10-26 14:06:32
116.387608,0,2008-10-26 14:06:37
116.387674,0,2008-10-26 14:06:42
116.387713,0,2008-10-26 14:06:47
116.387775,0,2008-10-26 14:06:52
116.387824,0,2008-10-26 14:06:57
116.387902,0,2008-10-26 14:07:02
116.387928,0,2008-10-26 14:07:07
116.387992,0,2008-10-26 14:07:12
116.388069,0,2008-10-26 14:07:17
116.388086,0,2008-10-26 14:07:22
116.38816,0,2008-10-26 14:07:27
116.388208,0,2008-10-26 14:07:32
116.388252,0,2008-10-26 14:07:37
116.388301,0,2008-10-26 14:07:42
116.388351,0,2008-10-26 14:07:47
116.388409,0,2008-10-26 14:07:52
116.388435,0,2008-10-26 14:07:57
116.388504,0,2008-10-26 14:08:02
116.38854,0,2008-10-26 14:08:07
116.388619,0,2008-10-26 14:08:12
116.38867,0,2008-10-26 14:08:17
116.38872,0,2008-10-26 14:08:22
116.388759,0,2008-10-26 14:08:27
116.388821,0,2008-10-26 14:08:32
116.388871,0,2008-10-26 14:08:37
116.388925,0,2008-10-26 14:08:42
116.389008,0,2008-10-26 14:08:47
116.389117,0,2008-10-26 14:08:52
116.389189,0,2008-10-26 14:08:57
116.389271,0,2008-10-26 14:09:02
116.389354,0,2008-10-26 14:09:07
116.389422,0,2008-10-26 14:09:12
116.389482,0,2008-10-26 14:09:17
116.389532,0,2008-10-26 14:09:22
116.389613,0,2008-10-26 14:09:27
116.389691,0,2008-10-26 14:09:32
116.389733,0,2008-10-26 14:09:37
116.3898,0,2008-10-26 14:09:42
116.389829,0,2008-10-26 14:09:47
116.38991,0,2008-10-26 14:09:52
116.389972,0,2008-10-26 14:09:57
116.390041,0,2008-10-26 14:10:02
116.390086,0,2008-10-26 14:10:07
116.39015,0,2008-10-26 14:10:12
116.390184,0,2008-10-26 14:10:17
116.390237,0,2008-10-26 14:10:22
116.390298,0,2008-10-26 14:10:27
116.390386,0,2008-10-26 14:10:32
116.390445,0,2008-10-26 14:10:37
116.390524,0,2008-10-26 14:10:42
116.390589,0,2008-10-26 14:10:47
116.390652,0,2008-10-26 14:10:52
116.390701,0,2008-10-26 14:10:57
116.390729,0,2008-10-26 14:11:02
116.390729,0,2008-10-26 14:11:05
116.390736,0,2008-10-26 14:11:07
116.390753,0,2008-10-26 14:11:12
116.390746,0,2008-10-26 14:11:17
116.390746,0,2008-10-26 14:11:20
116.390744,0,2008-10-26 14:11:22
116.390756,0,2008-10-26 14:11:27
116.390787,0,2008-10-26 14:11:32
116.390812,0,2008-10-26 14:11:37
116.390879,0,2008-10-26 14:11:42
116.390943,0,2008-10-26 14:11:47
116.391008,0,2008-10-26 14:11:52
116.391065,0,2008-10-26 14:11:57
116.391143,0,2008-10-26 14:12:02
116.391201,0,2008-10-26 14:12:07
116.391276,0,2008-10-26 14:12:12
116.391325,0,2008-10-26 14:12:17
116.391411,0,2008-10-26 14:12:22
116.391451,0,2008-10-26 14:12:27
116.391523,0,2008-10-26 14:12:32
116.391564,0,2008-10-26 14:12:37
116.391623,0,2008-10-26 14:12:42
116.39168,0,2008-10-26 14:12:47
116.391751,0,2008-10-26 14:12:52
116.391798,0,2008-10-26 14:12:57
116.391882,0,2008-10-26 14:13:02
116.39194,0,2008-10-26 14:13:07
116.391997,0,2008-10-26 14:13:12
116.392062,0,2008-10-26 14:13:17
116.392124,0,2008-10-26 14:13:22
116.392201,0,2008-10-26 14:13:27
116.392264,0,2008-10-26 14:13:32
116.392336,0,2008-10-26 14:13:37
116.39241,0,2008-10-26 14:13:42
116.392485,0,2008-10-26 14:13:47
116.392511,0,2008-10-26 14:13:52
116.392529,0,2008-10-26 14:13:57
116.39253,0,2008-10-26 14:14:02
116.39253,0,2008-10-26 14:14:05
116.392532,0,2008-10-26 14:14:07
116.392605,0,2008-10-26 14:14:12
116.392679,0,2008-10-26 14:14:17
116.392755,0,2008-10-26 14:14:22
116.392837,0,2008-10-26 14:14:27
116.392889,0,2008-10-26 14:14:32
116.392952,0,2008-10-26 14:14:37
116.393017,0,2008-10-26 14:14:42
116.393105,0,2008-10-26 14:14:47
116.393182,0,2008-10-26 14:14:52
116.39323,0,2008-10-26 14:14:57
116.393274,0,2008-10-26 14:15:02
116.393343,0,2008-10-26 14:15:07
116.393423,0,2008-10-26 14:15:12
116.39351,0,2008-10-26 14:15:17
116.393581,0,2008-10-26 14:15:22
116.394204,0,2008-10-26 14:16:57
116.393726,0,2008-10-26 14:17:02
116.39368,0,2008-10-26 14:17:07
116.393702,0,2008-10-26 14:17:12
116.393672,0,2008-10-26 14:17:17
116.39367,0,2008-10-26 14:17:22
116.393644,0,2008-10-26 14:17:27
116.393664,0,2008-10-26 14:17:32
116.393671,0,2008-10-26 14:17:37
116.39368,0,2008-10-26 14:17:42
116.393681,0,2008-10-26 14:17:47
116.393642,0,2008-10-26 14:17:52
116.393613,0,2008-10-26 14:17:57
116.393576,0,2008-10-26 14:18:02
116.393568,0,2008-10-26 14:18:07
116.393547,0,2008-10-26 14:18:12
116.393582,0,2008-10-26 14:18:17
116.393555,0,2008-10-26 14:18:22
116.393576,0,2008-10-26 14:18:27
116.393549,0,2008-10-26 14:18:32
116.393548,0,2008-10-26 14:18:37
116.393513,0,2008-10-26 14:18:42
116.393498,0,2008-10-26 14:18:47
116.393523,0,2008-10-26 14:18:52
116.393521,0,2008-10-26 14:18:57
116.393521,0,2008-10-26 14:19:00
116.393518,0,2008-10-26 14:19:02
116.393508,0,2008-10-26 14:19:07
116.393491,0,2008-10-26 14:19:12
116.393522,0,2008-10-26 14:19:17
116.393512,0,2008-10-26 14:19:22
116.393518,0,2008-10-26 14:19:27
116.393509,0,2008-10-26 14:19:32
116.39352,0,2008-10-26 14:19:37
116.39349,0,2008-10-26 14:19:42
116.393488,0,2008-10-26 14:19:47
116.393491,0,2008-10-26 14:19:52
116.393474,0,2008-10-26 14:19:57
116.393465,0,2008-10-26 14:20:02
116.39345,0,2008-10-26 14:20:07
116.393436,0,2008-10-26 14:20:12
116.393478,0,2008-10-26 14:20:17
116.393463,0,2008-10-26 14:20:22
116.393457,0,2008-10-26 14:20:27
116.393401,0,2008-10-26 14:20:32
116.393417,0,2008-10-26 14:20:37
116.393459,0,2008-10-26 14:20:42
116.393468,0,2008-10-26 14:20:47
116.39346,0,2008-10-26 14:20:52
116.39345,0,2008-10-26 14:20:57
116.393431,0,2008-10-26 14:21:02
116.393484,0,2008-10-26 14:21:07
116.39347,0,2008-10-26 14:21:12
116.393486,0,2008-10-26 14:21:17
116.393512,0,2008-10-26 14:21:22
116.393527,0,2008-10-26 14:21:27
116.393546,0,2008-10-26 14:21:32
116.393538,0,2008-10-26 14:21:37
116.393513,0,2008-10-26 14:21:42
116.393528,0,2008-10-26 14:21:47
116.39352,0,2008-10-26 14:21:52
116.393492,0,2008-10-26 14:21:57
116.3935,0,2008-10-26 14:22:02
116.393502,0,2008-10-26 14:22:07
116.393509,0,2008-10-26 14:22:12
116.393474,0,2008-10-26 14:22:17
116.393475,0,2008-10-26 14:22:22
116.393508,0,2008-10-26 14:22:27
116.393508,0,2008-10-26 14:22:32
116.393545,0,2008-10-26 14:22:37
116.39357,0,2008-10-26 14:22:42
116.393577,0,2008-10-26 14:22:47
116.393566,0,2008-10-26 14:22:52
116.393554,0,2008-10-26 14:22:57
116.393531,0,2008-10-26 14:23:02
116.393559,0,2008-10-26 14:23:07
116.393555,0,2008-10-26 14:23:12
116.393568,0,2008-10-26 14:23:17
116.39361,0,2008-10-26 14:23:22
116.393637,0,2008-10-26 14:23:27
116.393625,0,2008-10-26 14:23:32
116.393618,0,2008-10-26 14:23:37
116.393628,0,2008-10-26 14:23:42
116.393572,0,2008-10-26 14:23:47
116.393558,0,2008-10-26 14:23:52
116.393557,0,2008-10-26 14:23:57
116.39355,0,2008-10-26 14:24:02
116.393541,0,2008-10-26 14:24:07
116.393612,0,2008-10-26 14:24:12
116.393614,0,2008-10-26 14:24:17
116.393612,0,2008-10-26 14:24:22
116.393594,0,2008-10-26 14:24:27
116.393583,0,2008-10-26 14:24:32
116.393597,0,2008-10-26 14:24:37
116.393636,0,2008-10-26 14:24:42
116.393629,0,2008-10-26 14:24:47
116.393574,0,2008-10-26 14:24:52
116.393591,0,2008-10-26 14:24:57
116.393623,0,2008-10-26 14:25:02
116.393651,0,2008-10-26 14:25:07
116.393677,0,2008-10-26 14:25:12
116.393659,0,2008-10-26 14:25:17
116.393648,0,2008-10-26 14:25:22
116.393619,0,2008-10-26 14:25:27
116.393621,0,2008-10-26 14:25:32
116.393612,0,2008-10-26 14:25:37
116.393618,0,2008-10-26 14:25:42
116.393629,0,2008-10-26 14:25:47
116.393629,0,2008-10-26 14:25:50
116.393633,0,2008-10-26 14:25:52
116.393636,0,2008-10-26 14:25:57
116.393664,0,2008-10-26 14:26:02
116.393656,0,2008-10-26 14:26:07
116.393635,0,2008-10-26 14:26:12
116.393646,0,2008-10-26 14:26:17
116.393596,0,2008-10-26 14:26:22
116.393667,0,2008-10-26 14:26:27
116.393659,0,2008-10-26 14:26:32
116.393666,0,2008-10-26 14:26:37
116.393688,0,2008-10-26 14:26:42
116.393691,0,2008-10-26 14:26:47
116.393693,0,2008-10-26 14:26:52
116.39369,0,2008-10-26 14:26:57
116.393683,0,2008-10-26 14:27:02
116.393597,0,2008-10-26 14:27:07
116.393563,0,2008-10-26 14:27:12
116.393558,0,2008-10-26 14:27:17
116.393559,0,2008-10-26 14:27:22
116.393563,0,2008-10-26 14:27:27
116.39358,0,2008-10-26 14:27:32
116.393589,0,2008-10-26 14:27:37
116.39355,0,2008-10-26 14:27:42
116.393497,0,2008-10-26 14:27:47
116.393428,0,2008-10-26 14:28:27
116.393156,0,2008-10-26 14:28:32
116.393218,0,2008-10-26 14:28:37
116.393183,0,2008-10-26 14:28:42
116.393162,0,2008-10-26 14:28:47
116.393152,0,2008-10-26 14:28:52
116.393132,0,2008-10-26 14:28:57
116.393109,0,2008-10-26 14:29:02
116.39309,0,2008-10-26 14:29:07
116.393068,0,2008-10-26 14:29:12
116.393034,0,2008-10-26 14:29:17
116.392988,0,2008-10-26 14:29:22
116.392883,0,2008-10-26 14:29:27
116.392817,0,2008-10-26 14:29:32
116.392808,0,2008-10-26 14:29:37
116.39283,0,2008-10-26 14:29:42
116.392859,0,2008-10-26 14:29:47
116.392847,0,2008-10-26 14:29:52
116.392814,0,2008-10-26 14:29:57
116.392745,0,2008-10-26 14:30:02
116.392693,0,2008-10-26 14:30:07
116.392142,0,2008-10-26 14:31:52
116.392353,0,2008-10-26 14:31:57
116.392721,0,2008-10-26 14:32:02
116.392844,0,2008-10-26 14:32:07
116.392847,0,2008-10-26 14:32:12
116.392851,0,2008-10-26 14:32:17
116.392851,0,2008-10-26 14:32:22
116.392854,0,2008-10-26 14:32:27
116.392865,0,2008-10-26 14:32:32
116.392877,0,2008-10-26 14:32:37
116.392887,0,2008-10-26 14:32:42
116.392883,0,2008-10-26 14:32:47
116.392873,0,2008-10-26 14:32:52
116.392873,0,2008-10-26 14:32:57
116.392873,0,2008-10-26 14:33:00
116.392871,0,2008-10-26 14:33:02
116.39284,0,2008-10-26 14:33:07
116.392802,0,2008-10-26 14:33:12
116.392679,0,2008-10-26 14:33:17
116.392556,0,2008-10-26 14:33:22
116.392476,0,2008-10-26 14:33:27
116.392397,0,2008-10-26 14:33:32
116.392306,0,2008-10-26 14:33:37
116.392212,0,2008-10-26 14:33:42
116.392135,0,2008-10-26 14:33:47
116.392059,0,2008-10-26 14:33:52
116.392003,0,2008-10-26 14:33:57
116.391971,0,2008-10-26 14:34:02
116.391906,0,2008-10-26 14:34:07
116.39183,0,2008-10-26 14:34:12
116.391751,0,2008-10-26 14:34:17
116.391724,0,2008-10-26 14:34:22
116.3917,0,2008-10-26 14:34:27
116.391686,0,2008-10-26 14:34:32
116.391679,0,2008-10-26 14:34:37
116.391679,0,2008-10-26 14:34:40
116.391686,0,2008-10-26 14:34:42
116.391698,0,2008-10-26 14:34:47
116.391698,0,2008-10-26 14:34:50
116.391704,0,2008-10-26 14:34:52
116.391747,0,2008-10-26 14:34:57
116.391771,0,2008-10-26 14:35:02
116.391771,0,2008-10-26 14:35:05
116.391774,0,2008-10-26 14:35:07
116.391785,0,2008-10-26 14:35:12
116.391746,0,2008-10-26 14:35:17
116.391711,0,2008-10-26 14:35:22
116.391681,0,2008-10-26 14:35:27
116.391661,0,2008-10-26 14:35:32
116.391661,0,2008-10-26 14:35:35
116.391659,0,2008-10-26 14:35:37
116.391648,0,2008-10-26 14:35:42
116.391656,0,2008-10-26 14:35:47
116.391651,0,2008-10-26 14:35:52
116.39165,0,2008-10-26 14:35:57
116.39165,0,2008-10-26 14:36:00
116.391645,0,2008-10-26 14:36:02
116.391625,0,2008-10-26 14:36:07
116.39164,0,2008-10-26 14:36:12
116.391612,0,2008-10-26 14:36:17
116.391547,0,2008-10-26 14:36:22
116.391495,0,2008-10-26 14:36:27
116.391453,0,2008-10-26 14:36:32
116.391418,0,2008-10-26 14:36:37
116.39139,0,2008-10-26 14:36:42
116.391337,0,2008-10-26 14:36:47
116.391234,0,2008-10-26 14:36:52
116.391189,0,2008-10-26 14:36:57
116.39112,0,2008-10-26 14:37:02
116.391064,0,2008-10-26 14:37:07
116.390968,0,2008-10-26 14:37:12
116.390867,0,2008-10-26 14:37:17
116.390813,0,2008-10-26 14:37:22
116.390752,0,2008-10-26 14:37:27
116.39069,0,2008-10-26 14:37:32
116.390631,0,2008-10-26 14:37:37
116.390537,0,2008-10-26 14:37:42
116.390499,0,2008-10-26 14:37:47
116.390432,0,2008-10-26 14:37:52
116.390393,0,2008-10-26 14:37:57
116.390372,0,2008-10-26 14:38:02
116.39038,0,2008-10-26 14:38:07
116.390404,0,2008-10-26 14:38:12
116.390323,0,2008-10-26 14:38:57
116.390087,0,2008-10-26 14:39:02
116.389829,0,2008-10-26 14:39:07
116.389669,0,2008-10-26 14:39:12
116.389611,0,2008-10-26 14:39:17
116.389586,0,2008-10-26 14:39:22
116.38954,0,2008-10-26 14:39:27
116.389476,0,2008-10-26 14:39:32
116.389462,0,2008-10-26 14:39:37
116.389429,0,2008-10-26 14:39:42
116.389394,0,2008-10-26 14:39:47
116.389345,0,2008-10-26 14:39:52
116.389309,0,2008-10-26 14:39:57
116.389288,0,2008-10-26 14:40:02
116.389266,0,2008-10-26 14:40:07
116.389208,0,2008-10-26 14:40:12
116.389152,0,2008-10-26 14:40:17
116.389071,0,2008-10-26 14:40:22
116.389072,0,2008-10-26 14:40:27
116.389086,0,2008-10-26 14:40:32
116.38828,0,2008-10-26 14:42:57
116.388581,0,2008-10-26 14:43:02
116.388412,0,2008-10-26 14:43:07
116.387982,0,2008-10-26 14:43:12
116.387519,0,2008-10-26 14:43:17
116.387035,0,2008-10-26 14:43:22
116.358262,0,2008-10-26 14:47:57
116.357553,0,2008-10-26 14:48:02
116.357414,0,2008-10-26 14:48:07
116.357614,0,2008-10-26 14:48:12
116.357767,0,2008-10-26 14:48:17
116.357897,0,2008-10-26 14:48:22
116.358038,0,2008-10-26 14:48:27
116.358174,0,2008-10-26 14:48:32
116.358309,0,2008-10-26 14:48:37
116.358404,0,2008-10-26 14:48:42
116.35841,0,2008-10-26 14:48:47
116.358372,0,2008-10-26 14:48:52
116.358451,0,2008-10-26 14:48:57
116.350022,0,2008-10-26 14:49:37
116.349224,0,2008-10-26 14:49:42
116.348258,0,2008-10-26 14:49:47
116.347311,0,2008-10-26 14:49:52
116.346335,0,2008-10-26 14:49:57
116.345375,0,2008-10-26 14:50:02
116.34445,0,2008-10-26 14:50:07
116.343651,0,2008-10-26 14:50:12
116.343034,0,2008-10-26 14:50:17
116.342542,0,2008-10-26 14:50:22
116.342226,0,2008-10-26 14:50:27
116.342205,0,2008-10-26 14:50:32
116.342008,0,2008-10-26 14:50:37
116.342044,0,2008-10-26 14:50:42
116.342122,0,2008-10-26 14:50:47
116.342177,0,2008-10-26 14:50:52
116.342296,0,2008-10-26 14:50:57
116.342338,0,2008-10-26 14:51:02
116.342358,0,2008-10-26 14:51:07
116.342369,0,2008-10-26 14:51:12
116.342427,0,2008-10-26 14:51:17
116.342512,0,2008-10-26 14:51:22
116.342555,0,2008-10-26 14:51:27
116.342596,0,2008-10-26 14:51:32
116.342596,0,2008-10-26 14:51:37
116.342573,0,2008-10-26 14:51:42
116.342544,0,2008-10-26 14:51:47
116.342467,0,2008-10-26 14:51:52
116.342434,0,2008-10-26 14:51:57
116.342386,0,2008-10-26 14:52:02
116.34234,0,2008-10-26 14:52:07
116.342472,0,2008-10-26 14:52:12
116.342803,0,2008-10-26 14:52:17
116.343181,0,2008-10-26 14:52:22
116.343296,0,2008-10-26 14:52:27
116.343324,0,2008-10-26 14:52:32
116.343194,0,2008-10-26 14:52:37
116.342628,0,2008-10-26 14:52:42
116.341556,0,2008-10-26 14:52:47
116.340485,0,2008-10-26 14:52:52
116.339345,0,2008-10-26 14:52:57
116.338167,0,2008-10-26 14:53:02
116.336906,0,2008-10-26 14:53:07
116.335752,0,2008-10-26 14:53:12
116.334644,0,2008-10-26 14:53:17
116.333527,0,2008-10-26 14:53:22
116.332469,0,2008-10-26 14:53:27
116.33137,0,2008-10-26 14:53:32
116.330137,0,2008-10-26 14:53:37
116.328822,0,2008-10-26 14:53:42
116.327588,0,2008-10-26 14:53:47
116.326348,0,2008-10-26 14:53:52
116.325104,0,2008-10-26 14:53:57
116.323818,0,2008-10-26 14:54:02
116.322583,0,2008-10-26 14:54:07
116.321381,0,2008-10-26 14:54:12
116.320212,0,2008-10-26 14:54:17
116.319046,0,2008-10-26 14:54:22
116.317907,0,2008-10-26 14:54:27
116.316767,0,2008-10-26 14:54:32
116.315621,0,2008-10-26 14:54:37
116.305087,0,2008-10-26 14:57:02
116.304866,0,2008-10-26 14:57:07
116.30463,0,2008-10-26 14:57:12
116.304525,0,2008-10-26 14:57:17
116.304573,0,2008-10-26 14:57:22
116.30458,0,2008-10-26 14:57:27
116.304531,0,2008-10-26 14:57:32
116.304353,0,2008-10-26 14:57:37
116.303982,0,2008-10-26 14:57:42
116.303666,0,2008-10-26 14:57:47
116.303502,0,2008-10-26 14:57:52
116.303511,0,2008-10-26 14:57:57
116.303706,0,2008-10-26 14:58:02
116.304053,0,2008-10-26 14:58:07
116.303979,0,2008-10-26 14:58:12
116.30109,0,2008-10-26 14:58:32
116.31333,0,2008-10-26 14:59:47
116.314124,0,2008-10-26 14:59:52
116.314912,0,2008-10-26 14:59:57
116.315631,0,2008-10-26 15:00:02
116.316311,0,2008-10-26 15:00:07
116.321619,0,2008-10-26 15:03:37
116.320944,0,2008-10-26 15:03:42
116.320306,0,2008-10-26 15:03:47
116.320323,0,2008-10-26 15:03:52
116.320339,0,2008-10-26 15:03:57
116.320361,0,2008-10-26 15:04:02
116.320399,0,2008-10-26 15:04:07
116.326757,0,2008-10-27 11:54:49
116.326757,0,2008-10-27 11:54:52
116.326751,0,2008-10-27 11:54:54
116.326769,0,2008-10-27 11:54:59
116.326769,0,2008-10-27 11:55:04
116.326769,0,2008-10-27 11:55:07
116.326765,0,2008-10-27 11:55:09
116.326731,0,2008-10-27 11:55:14
116.326668,0,2008-10-27 11:55:19
116.326612,0,2008-10-27 11:55:24
116.326542,0,2008-10-27 11:55:29
116.32651,0,2008-10-27 11:55:34
116.326425,0,2008-10-27 11:55:39
116.326341,0,2008-10-27 11:55:44
116.326361,0,2008-10-27 11:55:49
116.326391,0,2008-10-27 11:55:54
116.326453,0,2008-10-27 11:55:59
116.326489,0,2008-10-27 11:56:04
116.32652,0,2008-10-27 11:56:09
116.326568,0,2008-10-27 11:56:14
116.326634,0,2008-10-27 11:56:19
116.326678,0,2008-10-27 11:56:24
116.326705,0,2008-10-27 11:56:29
116.326729,0,2008-10-27 11:56:34
116.326677,0,2008-10-27 11:56:39
116.326372,0,2008-10-27 11:56:44
116.326374,0,2008-10-27 11:56:49
116.326381,0,2008-10-27 11:56:54
116.326378,0,2008-10-27 11:56:59
116.326376,0,2008-10-27 11:57:04
116.326343,0,2008-10-27 11:57:09
116.326277,0,2008-10-27 11:57:14
116.326147,0,2008-10-27 11:57:24
116.32586,0,2008-10-27 11:59:09
116.325884,0,2008-10-27 11:59:14
116.325782,0,2008-10-27 11:59:19
116.325578,0,2008-10-27 11:59:24
116.325373,0,2008-10-27 11:59:29
116.325203,0,2008-10-27 11:59:34
116.324843,0,2008-10-27 11:59:44
116.324734,0,2008-10-27 11:59:49
116.324088,0,2008-10-27 12:03:59
116.323881,0,2008-10-27 12:04:04
116.323653,0,2008-10-27 12:04:09
116.322803,0,2008-10-27 12:05:29
116.322512,0,2008-10-27 12:05:34
116.32227,0,2008-10-27 12:05:39
116.322068,0,2008-10-27 12:05:44
116.321916,0,2008-10-27 12:05:49
116.321834,0,2008-10-27 12:05:54
116.297072,0,2008-10-28 00:38:26
116.297269,0,2008-10-28 00:38:31
116.297263,0,2008-10-28 00:38:36
116.297177,0,2008-10-28 00:38:41
116.297133,0,2008-10-28 00:38:46
116.297133,0,2008-10-28 00:38:49
116.297133,0,2008-10-28 00:38:51
116.297162,0,2008-10-28 00:38:56
116.297183,0,2008-10-28 00:39:01
116.297212,0,2008-10-28 00:39:06
116.297231,0,2008-10-28 00:39:11
116.297268,0,2008-10-28 00:39:16
116.297274,0,2008-10-28 00:39:21
116.297261,0,2008-10-28 00:39:26
116.297239,0,2008-10-28 00:39:31
116.297209,0,2008-10-28 00:39:36
116.297173,0,2008-10-28 00:39:41
116.297176,0,2008-10-28 00:39:46
116.297124,0,2008-10-28 00:39:51
116.297157,0,2008-10-28 00:39:56
116.29716,0,2008-10-28 00:40:01
116.297165,0,2008-10-28 00:40:06
116.297215,0,2008-10-28 00:40:11
116.29724,0,2008-10-28 00:40:16
116.29724,0,2008-10-28 00:40:19
116.297247,0,2008-10-28 00:40:21
116.297184,0,2008-10-28 00:40:26
116.296799,0,2008-10-28 00:40:31
116.296803,0,2008-10-28 00:40:36
116.2968,0,2008-10-28 00:40:41
116.296797,0,2008-10-28 00:40:46
116.296798,0,2008-10-28 00:40:51
116.296805,0,2008-10-28 00:40:56
116.296811,0,2008-10-28 00:41:01
116.29681,0,2008-10-28 00:41:06
116.29681,0,2008-10-28 00:41:09
116.296803,0,2008-10-28 00:41:11
116.2968,0,2008-10-28 00:41:16
116.296777,0,2008-10-28 00:41:21
116.296769,0,2008-10-28 00:41:26
116.296753,0,2008-10-28 00:41:31
116.296753,0,2008-10-28 00:41:34
116.29675,0,2008-10-28 00:41:36
116.296728,0,2008-10-28 00:41:41
116.296707,0,2008-10-28 00:41:46
116.296676,0,2008-10-28 00:41:51
116.296932,0,2008-10-28 00:50:51
116.296928,0,2008-10-28 00:51:01
116.296887,0,2008-10-28 00:51:06
116.296887,0,2008-10-28 00:51:09
116.296884,0,2008-10-28 00:51:11
116.296881,0,2008-10-28 00:51:16
116.296881,0,2008-10-28 00:51:19
116.296885,0,2008-10-28 00:51:21
116.29687,0,2008-10-28 00:51:26
116.296865,0,2008-10-28 00:51:31
116.296874,0,2008-10-28 00:51:36
116.296874,0,2008-10-28 00:51:41
116.296874,0,2008-10-28 00:51:44
116.29688,0,2008-10-28 00:51:46
116.296887,0,2008-10-28 00:51:51
116.296918,0,2008-10-28 00:51:56
116.296933,0,2008-10-28 00:52:01
116.296946,0,2008-10-28 00:52:06
116.296965,0,2008-10-28 00:52:11
116.296946,0,2008-10-28 00:52:16
116.296943,0,2008-10-28 00:52:21
116.29696,0,2008-10-28 00:52:26
116.296971,0,2008-10-28 00:52:31
116.296961,0,2008-10-28 00:52:36
116.296974,0,2008-10-28 00:52:41
116.296957,0,2008-10-28 00:52:51
116.296978,0,2008-10-28 00:52:56
116.296947,0,2008-10-28 00:53:01
116.296954,0,2008-10-28 00:53:06
116.296944,0,2008-10-28 00:53:11
116.296915,0,2008-10-28 00:53:16
116.296885,0,2008-10-28 00:53:21
116.296876,0,2008-10-28 00:53:26
116.296876,0,2008-10-28 00:53:29
116.296882,0,2008-10-28 00:53:31
116.296907,0,2008-10-28 00:53:36
116.296917,0,2008-10-28 00:53:41
116.296918,0,2008-10-28 00:53:46
116.296898,0,2008-10-28 00:53:51
116.296846,0,2008-10-28 00:53:56
116.296805,0,2008-10-28 00:54:01
116.29678,0,2008-10-28 00:54:06
116.296756,0,2008-10-28 00:54:11
116.296756,0,2008-10-28 00:54:14
116.29676,0,2008-10-28 00:54:16
116.296748,0,2008-10-28 00:54:21
116.29679,0,2008-10-28 00:54:26
116.29684,0,2008-10-28 00:54:31
116.296875,0,2008-10-28 00:54:36
116.296938,0,2008-10-28 00:54:41
116.297013,0,2008-10-28 00:54:46
116.297093,0,2008-10-28 00:54:51
116.296887,0,2008-10-28 00:54:56
116.296875,0,2008-10-28 00:55:01
116.296885,0,2008-10-28 00:55:06
116.296882,0,2008-10-28 00:55:11
116.296874,0,2008-10-28 00:55:16
116.29687,0,2008-10-28 00:55:21
116.296868,0,2008-10-28 00:55:26
116.296871,0,2008-10-28 00:55:31
116.296871,0,2008-10-28 00:55:34
116.296875,0,2008-10-28 00:55:36
116.296866,0,2008-10-28 00:55:41
116.296845,0,2008-10-28 00:55:46
116.296834,0,2008-10-28 00:55:51
116.296868,0,2008-10-28 00:55:56
116.296894,0,2008-10-28 00:56:01
116.296909,0,2008-10-28 00:56:06
116.296931,0,2008-10-28 00:56:11
116.296935,0,2008-10-28 00:56:16
116.296917,0,2008-10-28 00:56:21
116.296917,0,2008-10-28 00:56:24
116.296914,0,2008-10-28 00:56:26
116.296909,0,2008-10-28 00:56:31
116.296883,0,2008-10-28 00:56:36
116.296882,0,2008-10-28 00:56:41
116.296867,0,2008-10-28 00:56:46
116.296867,0,2008-10-28 00:56:49
116.296861,0,2008-10-28 00:56:51
116.296848,0,2008-10-28 00:56:56
116.296812,0,2008-10-28 00:57:01
116.296812,0,2008-10-28 00:57:04
116.296813,0,2008-10-28 00:57:06
116.296804,0,2008-10-28 00:57:11
116.296804,0,2008-10-28 00:57:14
116.296809,0,2008-10-28 00:57:16
116.296819,0,2008-10-28 00:57:21
116.296819,0,2008-10-28 00:57:24
116.296821,0,2008-10-28 00:57:26
116.296819,0,2008-10-28 00:57:31
116.296838,0,2008-10-28 00:57:36
116.296858,0,2008-10-28 00:57:41
116.296865,0,2008-10-28 00:57:46
116.296869,0,2008-10-28 00:57:51
116.296869,0,2008-10-28 00:57:54
116.296877,0,2008-10-28 00:57:56
116.29689,0,2008-10-28 00:58:01
116.296869,0,2008-10-28 00:58:06
116.296849,0,2008-10-28 00:58:11
116.296872,0,2008-10-28 00:58:16
116.296888,0,2008-10-28 00:58:21
116.296909,0,2008-10-28 00:58:26
116.29691,0,2008-10-28 00:58:31
116.29691,0,2008-10-28 00:58:34
116.296917,0,2008-10-28 00:58:36
116.296901,0,2008-10-28 00:58:41
116.296947,0,2008-10-28 00:58:46
116.296963,0,2008-10-28 00:58:51
116.296941,0,2008-10-28 00:58:56
116.296898,0,2008-10-28 00:59:01
116.296871,0,2008-10-28 00:59:06
116.29685,0,2008-10-28 00:59:11
116.296864,0,2008-10-28 00:59:16
116.296858,0,2008-10-28 00:59:21
116.296858,0,2008-10-28 00:59:24
116.296853,0,2008-10-28 00:59:26
116.296828,0,2008-10-28 00:59:31
116.296806,0,2008-10-28 00:59:36
116.296806,0,2008-10-28 00:59:39
116.296809,0,2008-10-28 00:59:41
116.296829,0,2008-10-28 00:59:46
116.296843,0,2008-10-28 00:59:51
116.296888,0,2008-10-28 00:59:56
116.296916,0,2008-10-28 01:00:01
116.296942,0,2008-10-28 01:00:06
116.296967,0,2008-10-28 01:00:11
116.296961,0,2008-10-28 01:00:16
116.296953,0,2008-10-28 01:00:21
116.296958,0,2008-10-28 01:00:26
116.296958,0,2008-10-28 01:00:29
116.296958,0,2008-10-28 01:00:31
116.296947,0,2008-10-28 01:00:36
116.296924,0,2008-10-28 01:00:41
116.29693,0,2008-10-28 01:00:46
116.296947,0,2008-10-28 01:00:51
116.296955,0,2008-10-28 01:00:56
116.29697,0,2008-10-28 01:01:01
116.297001,0,2008-10-28 01:01:06
116.297018,0,2008-10-28 01:01:11
116.297043,0,2008-10-28 01:01:16
116.297043,0,2008-10-28 01:01:19
116.297045,0,2008-10-28 01:01:21
116.297038,0,2008-10-28 01:01:26
116.297015,0,2008-10-28 01:01:31
116.29703,0,2008-10-28 01:01:36
116.297074,0,2008-10-28 01:01:41
116.297109,0,2008-10-28 01:01:46
116.297106,0,2008-10-28 01:01:51
116.297099,0,2008-10-28 01:01:56
116.297115,0,2008-10-28 01:02:01
116.29713,0,2008-10-28 01:02:06
116.297116,0,2008-10-28 01:02:11
116.297128,0,2008-10-28 01:02:16
116.29713,0,2008-10-28 01:02:21
116.297143,0,2008-10-28 01:02:26
116.297152,0,2008-10-28 01:02:31
116.297154,0,2008-10-28 01:02:36
116.297154,0,2008-10-28 01:02:39
116.297156,0,2008-10-28 01:02:41
116.297154,0,2008-10-28 01:02:46
116.29702,0,2008-10-28 01:06:01
116.296994,0,2008-10-28 01:06:06
116.296982,0,2008-10-28 01:06:11
116.296978,0,2008-10-28 01:06:16
116.296998,0,2008-10-28 01:06:21
116.296998,0,2008-10-28 01:06:24
116.296996,0,2008-10-28 01:06:26
116.297004,0,2008-10-28 01:06:31
116.297031,0,2008-10-28 01:06:36
116.29703,0,2008-10-28 01:06:41
116.297027,0,2008-10-28 01:06:46
116.297034,0,2008-10-28 01:06:51
116.297034,0,2008-10-28 01:06:54
116.297035,0,2008-10-28 01:06:56
116.297024,0,2008-10-28 01:07:01
116.297006,0,2008-10-28 01:07:06
116.297,0,2008-10-28 01:07:11
116.297001,0,2008-10-28 01:07:16
116.297012,0,2008-10-28 01:07:21
116.297012,0,2008-10-28 01:07:24
116.297015,0,2008-10-28 01:07:26
116.297006,0,2008-10-28 01:07:31
116.296966,0,2008-10-28 01:07:36
116.296966,0,2008-10-28 01:07:39
116.296965,0,2008-10-28 01:07:41
116.296968,0,2008-10-28 01:07:46
116.296968,0,2008-10-28 01:07:49
116.296974,0,2008-10-28 01:07:51
116.296954,0,2008-10-28 01:07:56
116.296925,0,2008-10-28 01:08:01
116.296921,0,2008-10-28 01:08:06
116.296921,0,2008-10-28 01:08:09
116.296925,0,2008-10-28 01:08:11
116.296942,0,2008-10-28 01:08:16
116.296925,0,2008-10-28 01:08:21
116.29693,0,2008-10-28 01:08:26
116.296897,0,2008-10-28 01:08:31
116.296909,0,2008-10-28 01:08:36
116.296928,0,2008-10-28 01:08:41
116.296897,0,2008-10-28 01:08:46
116.296852,0,2008-10-28 01:08:51
116.29686,0,2008-10-28 01:08:56
116.29686,0,2008-10-28 01:08:59
116.296862,0,2008-10-28 01:09:01
116.296823,0,2008-10-28 01:09:06
116.296794,0,2008-10-28 01:09:11
116.296779,0,2008-10-28 01:09:16
116.296779,0,2008-10-28 01:09:21
116.296786,0,2008-10-28 01:09:26
116.296786,0,2008-10-28 01:09:29
116.296792,0,2008-10-28 01:09:31
116.296804,0,2008-10-28 01:09:36
116.29684,0,2008-10-28 01:09:41
116.296849,0,2008-10-28 01:09:46
116.296847,0,2008-10-28 01:09:51
116.29684,0,2008-10-28 01:09:56
116.296844,0,2008-10-28 01:10:01
116.296844,0,2008-10-28 01:10:04
116.296847,0,2008-10-28 01:10:06
116.296844,0,2008-10-28 01:10:11
116.296844,0,2008-10-28 01:10:14
116.29684,0,2008-10-28 01:10:16
116.296833,0,2008-10-28 01:10:21
116.296859,0,2008-10-28 01:10:26
116.296859,0,2008-10-28 01:10:29
116.296863,0,2008-10-28 01:10:31
116.296843,0,2008-10-28 01:10:36
116.296827,0,2008-10-28 01:10:41
116.29681,0,2008-10-28 01:10:46
116.296778,0,2008-10-28 01:10:51
116.296763,0,2008-10-28 01:10:56
116.296805,0,2008-10-28 01:11:01
116.296812,0,2008-10-28 01:11:06
116.296826,0,2008-10-28 01:11:11
116.296856,0,2008-10-28 01:11:16
116.296879,0,2008-10-28 01:11:21
116.29687,0,2008-10-28 01:11:26
116.29686,0,2008-10-28 01:11:31
116.296876,0,2008-10-28 01:11:36
116.296861,0,2008-10-28 01:11:41
116.296861,0,2008-10-28 01:11:44
116.29686,0,2008-10-28 01:11:46
116.296851,0,2008-10-28 01:11:51
116.296901,0,2008-10-28 01:11:56
116.296916,0,2008-10-28 01:12:01
116.296913,0,2008-10-28 01:12:06
116.296901,0,2008-10-28 01:12:11
116.296859,0,2008-10-28 01:12:16
116.296852,0,2008-10-28 01:12:21
116.296832,0,2008-10-28 01:12:26
116.296789,0,2008-10-28 01:12:31
116.296759,0,2008-10-28 01:12:36
116.296755,0,2008-10-28 01:12:41
116.296756,0,2008-10-28 01:12:46
116.296744,0,2008-10-28 01:12:51
116.296742,0,2008-10-28 01:12:56
116.296737,0,2008-10-28 01:13:01
116.296737,0,2008-10-28 01:13:04
116.296733,0,2008-10-28 01:13:06
116.29672,0,2008-10-28 01:13:11
116.296701,0,2008-10-28 01:13:16
116.296704,0,2008-10-28 01:13:21
116.296702,0,2008-10-28 01:13:26
116.296685,0,2008-10-28 01:13:31
116.296671,0,2008-10-28 01:13:36
116.296656,0,2008-10-28 01:13:41
116.296647,0,2008-10-28 01:13:46
116.296646,0,2008-10-28 01:13:51
116.29664,0,2008-10-28 01:13:56
116.29664,0,2008-10-28 01:13:59
116.296643,0,2008-10-28 01:14:01
116.296617,0,2008-10-28 01:14:06
116.296587,0,2008-10-28 01:14:11
116.296578,0,2008-10-28 01:14:16
116.29658,0,2008-10-28 01:14:21
116.296586,0,2008-10-28 01:14:26
116.296584,0,2008-10-28 01:14:31
116.296572,0,2008-10-28 01:14:36
116.29654,0,2008-10-28 01:14:41
116.296539,0,2008-10-28 01:14:46
116.296534,0,2008-10-28 01:14:51
116.296544,0,2008-10-28 01:14:56
116.296551,0,2008-10-28 01:15:01
116.296543,0,2008-10-28 01:15:06
116.296553,0,2008-10-28 01:15:11
116.296539,0,2008-10-28 01:15:16
116.296543,0,2008-10-28 01:15:21
116.296543,0,2008-10-28 01:15:24
116.296541,0,2008-10-28 01:15:26
116.296531,0,2008-10-28 01:15:31
116.296527,0,2008-10-28 01:15:36
116.296519,0,2008-10-28 01:15:41
116.296512,0,2008-10-28 01:15:46
116.296523,0,2008-10-28 01:15:51
116.296518,0,2008-10-28 01:15:56
116.296518,0,2008-10-28 01:15:59
116.296523,0,2008-10-28 01:16:01
116.296509,0,2008-10-28 01:16:06
116.296334,0,2008-10-28 01:20:46
116.29632,0,2008-10-28 01:20:51
116.29632,0,2008-10-28 01:20:54
116.296313,0,2008-10-28 01:20:56
116.296299,0,2008-10-28 01:21:01
116.296283,0,2008-10-28 01:21:06
116.296283,0,2008-10-28 01:21:11
116.296284,0,2008-10-28 01:21:16
116.296284,0,2008-10-28 01:21:19
116.296283,0,2008-10-28 01:21:21
116.296281,0,2008-10-28 01:21:26
116.296298,0,2008-10-28 01:21:31
116.296302,0,2008-10-28 01:21:36
116.296292,0,2008-10-28 01:21:41
116.29629,0,2008-10-28 01:21:46
116.296279,0,2008-10-28 01:21:51
116.296287,0,2008-10-28 01:21:56
116.296295,0,2008-10-28 01:22:01
116.296289,0,2008-10-28 01:22:06
116.296289,0,2008-10-28 01:22:09
116.296294,0,2008-10-28 01:22:11
116.296289,0,2008-10-28 01:22:16
116.296287,0,2008-10-28 01:22:21
116.296291,0,2008-10-28 01:22:26
116.29627,0,2008-10-28 01:22:31
116.296259,0,2008-10-28 01:22:36
116.29626,0,2008-10-28 01:22:41
116.296265,0,2008-10-28 01:22:46
116.296263,0,2008-10-28 01:22:51
116.296249,0,2008-10-28 01:22:56
116.296251,0,2008-10-28 01:23:01
116.296233,0,2008-10-28 01:23:06
116.296253,0,2008-10-28 01:23:11
116.296252,0,2008-10-28 01:23:16
116.296237,0,2008-10-28 01:23:21
116.29622,0,2008-10-28 01:23:26
116.29621,0,2008-10-28 01:23:31
116.296147,0,2008-10-28 01:23:36
116.296146,0,2008-10-28 01:23:41
116.296149,0,2008-10-28 01:23:46
116.296129,0,2008-10-28 01:23:51
116.296102,0,2008-10-28 01:23:56
116.296085,0,2008-10-28 01:24:01
116.296073,0,2008-10-28 01:24:06
116.296067,0,2008-10-28 01:24:11
116.296054,0,2008-10-28 01:24:16
116.296043,0,2008-10-28 01:24:21
116.296032,0,2008-10-28 01:24:26
116.296007,0,2008-10-28 01:24:31
116.295996,0,2008-10-28 01:24:36
116.295981,0,2008-10-28 01:24:41
116.295975,0,2008-10-28 01:24:46
116.295937,0,2008-10-28 01:24:51
116.295908,0,2008-10-28 01:24:56
116.295896,0,2008-10-28 01:25:01
116.295878,0,2008-10-28 01:25:06
116.295836,0,2008-10-28 01:25:11
116.295826,0,2008-10-28 01:25:16
116.295815,0,2008-10-28 01:25:21
116.295815,0,2008-10-28 01:25:24
116.295809,0,2008-10-28 01:25:26
116.295799,0,2008-10-28 01:25:31
116.295769,0,2008-10-28 01:25:36
116.29576,0,2008-10-28 01:25:41
116.29573,0,2008-10-28 01:25:46
116.29572,0,2008-10-28 01:25:51
116.295729,0,2008-10-28 01:25:56
116.295715,0,2008-10-28 01:26:01
116.295709,0,2008-10-28 01:26:06
116.295691,0,2008-10-28 01:26:11
116.295688,0,2008-10-28 01:26:16
116.295712,0,2008-10-28 01:26:21
116.295735,0,2008-10-28 01:26:26
116.295732,0,2008-10-28 01:26:31
116.295734,0,2008-10-28 01:26:36
116.295724,0,2008-10-28 01:26:41
116.295756,0,2008-10-28 01:26:46
116.295736,0,2008-10-28 01:26:51
116.295731,0,2008-10-28 01:26:56
116.2957,0,2008-10-28 01:27:01
116.295707,0,2008-10-28 01:27:06
116.295716,0,2008-10-28 01:27:11
116.295733,0,2008-10-28 01:27:16
116.295768,0,2008-10-28 01:27:21
116.29576,0,2008-10-28 01:27:26
116.295751,0,2008-10-28 01:27:31
116.295755,0,2008-10-28 01:27:36
116.295745,0,2008-10-28 01:27:41
116.295733,0,2008-10-28 01:27:46
116.295734,0,2008-10-28 01:27:51
116.295744,0,2008-10-28 01:27:56
116.295759,0,2008-10-28 01:28:01
116.295767,0,2008-10-28 01:28:06
116.295764,0,2008-10-28 01:28:11
116.29578,0,2008-10-28 01:28:16
116.295827,0,2008-10-28 01:28:21
116.295845,0,2008-10-28 01:28:26
116.295838,0,2008-10-28 01:28:31
116.295803,0,2008-10-28 01:28:36
116.295773,0,2008-10-28 01:28:41
116.295769,0,2008-10-28 01:28:46
116.295764,0,2008-10-28 01:28:51
116.295761,0,2008-10-28 01:28:56
116.295755,0,2008-10-28 01:29:01
116.295755,0,2008-10-28 01:29:04
116.295747,0,2008-10-28 01:29:06
116.295766,0,2008-10-28 01:29:11
116.295766,0,2008-10-28 01:29:14
116.295763,0,2008-10-28 01:29:16
116.295767,0,2008-10-28 01:29:21
116.295775,0,2008-10-28 01:29:26
116.295782,0,2008-10-28 01:29:31
116.295735,0,2008-10-28 01:29:36
116.295732,0,2008-10-28 01:29:41
116.295726,0,2008-10-28 01:29:46
116.295726,0,2008-10-28 01:29:49
116.295721,0,2008-10-28 01:29:51
116.295733,0,2008-10-28 01:29:56
116.295747,0,2008-10-28 01:30:01
116.295755,0,2008-10-28 01:30:06
116.295755,0,2008-10-28 01:30:09
116.295748,0,2008-10-28 01:30:11
116.295724,0,2008-10-28 01:30:16
116.295748,0,2008-10-28 01:30:21
116.295762,0,2008-10-28 01:30:26
116.295762,0,2008-10-28 01:30:29
116.295769,0,2008-10-28 01:30:31
116.29578,0,2008-10-28 01:30:36
116.295773,0,2008-10-28 01:30:41
116.295773,0,2008-10-28 01:30:44
116.295778,0,2008-10-28 01:30:46
116.295757,0,2008-10-28 01:30:51
116.295751,0,2008-10-28 01:30:56
116.295755,0,2008-10-28 01:31:01
116.295765,0,2008-10-28 01:31:06
116.295767,0,2008-10-28 01:31:11
116.295782,0,2008-10-28 01:31:16
116.295796,0,2008-10-28 01:31:21
116.295801,0,2008-10-28 01:31:26
116.295826,0,2008-10-28 01:31:31
116.295832,0,2008-10-28 01:31:36
116.295843,0,2008-10-28 01:31:41
116.295826,0,2008-10-28 01:31:46
116.295819,0,2008-10-28 01:31:51
116.295793,0,2008-10-28 01:31:56
116.295779,0,2008-10-28 01:32:01
116.295779,0,2008-10-28 01:32:04
116.295778,0,2008-10-28 01:32:06
116.29578,0,2008-10-28 01:32:11
116.295779,0,2008-10-28 01:32:16
116.29577,0,2008-10-28 01:32:21
116.295782,0,2008-10-28 01:32:26
116.295806,0,2008-10-28 01:32:31
116.295838,0,2008-10-28 01:32:36
116.295873,0,2008-10-28 01:32:41
116.295893,0,2008-10-28 01:32:46
116.29592,0,2008-10-28 01:32:51
116.295942,0,2008-10-28 01:32:56
116.295975,0,2008-10-28 01:33:01
116.296013,0,2008-10-28 01:33:06
116.296035,0,2008-10-28 01:33:11
116.29607,0,2008-10-28 01:33:16
116.296103,0,2008-10-28 01:33:21
116.296144,0,2008-10-28 01:33:26
116.296175,0,2008-10-28 01:33:31
116.296207,0,2008-10-28 01:33:36
116.296225,0,2008-10-28 01:33:41
116.296276,0,2008-10-28 01:33:46
116.296276,0,2008-10-28 01:33:49
116.296279,0,2008-10-28 01:33:51
116.296261,0,2008-10-28 01:33:56
116.296266,0,2008-10-28 01:34:01
116.296265,0,2008-10-28 01:34:06
116.29626,0,2008-10-28 01:34:11
116.296264,0,2008-10-28 01:34:16
116.296269,0,2008-10-28 01:34:21
116.296269,0,2008-10-28 01:34:24
116.296263,0,2008-10-28 01:34:26
116.296288,0,2008-10-28 01:34:31
116.296314,0,2008-10-28 01:34:36
116.296322,0,2008-10-28 01:34:41
116.296318,0,2008-10-28 01:34:46
116.296337,0,2008-10-28 01:34:51
116.296366,0,2008-10-28 01:34:56
116.296368,0,2008-10-28 01:35:01
116.29638,0,2008-10-28 01:35:06
116.296406,0,2008-10-28 01:35:11
116.296436,0,2008-10-28 01:35:16
116.296448,0,2008-10-28 01:35:21
116.296449,0,2008-10-28 01:35:26
116.296485,0,2008-10-28 01:35:31
116.296506,0,2008-10-28 01:35:36
116.296528,0,2008-10-28 01:35:41
116.296573,0,2008-10-28 01:35:46
116.296609,0,2008-10-28 01:35:51
116.29662,0,2008-10-28 01:35:56
116.296648,0,2008-10-28 01:36:01
116.296672,0,2008-10-28 01:36:06
116.296685,0,2008-10-28 01:36:11
116.29671,0,2008-10-28 01:36:16
116.296731,0,2008-10-28 01:36:21
116.296759,0,2008-10-28 01:36:26
116.296777,0,2008-10-28 01:36:31
116.296825,0,2008-10-28 01:36:36
116.296851,0,2008-10-28 01:36:41
116.296849,0,2008-10-28 01:36:46
116.296866,0,2008-10-28 01:36:51
116.296866,0,2008-10-28 01:36:54
116.296866,0,2008-10-28 01:36:56
116.296887,0,2008-10-28 01:37:01
116.296874,0,2008-10-28 01:37:06
116.296877,0,2008-10-28 01:37:11
116.296877,0,2008-10-28 01:37:14
116.296874,0,2008-10-28 01:37:16
116.296872,0,2008-10-28 01:37:21
116.296866,0,2008-10-28 01:37:26
116.296869,0,2008-10-28 01:37:31
116.296869,0,2008-10-28 01:37:34
116.296865,0,2008-10-28 01:37:36
116.296853,0,2008-10-28 01:37:41
116.296853,0,2008-10-28 01:37:44
116.296859,0,2008-10-28 01:37:46
116.296858,0,2008-10-28 01:37:51
116.296872,0,2008-10-28 01:37:56
116.296871,0,2008-10-28 01:38:01
116.296858,0,2008-10-28 01:38:06
116.296837,0,2008-10-28 01:38:11
116.296837,0,2008-10-28 01:38:14
116.296836,0,2008-10-28 01:38:16
116.296813,0,2008-10-28 01:38:21
116.296813,0,2008-10-28 01:38:24
116.296805,0,2008-10-28 01:38:26
116.296795,0,2008-10-28 01:38:31
116.296795,0,2008-10-28 01:38:34
116.296787,0,2008-10-28 01:38:36
116.296775,0,2008-10-28 01:38:41
116.296773,0,2008-10-28 01:38:46
116.296797,0,2008-10-28 01:38:51
116.296797,0,2008-10-28 01:38:56
116.296812,0,2008-10-28 01:39:01
116.296838,0,2008-10-28 01:39:06
116.296817,0,2008-10-28 01:39:11
116.296817,0,2008-10-28 01:39:16
116.296798,0,2008-10-28 01:39:21
116.296773,0,2008-10-28 01:39:26
116.296784,0,2008-10-28 01:39:31
116.296761,0,2008-10-28 01:39:36
116.296784,0,2008-10-28 01:39:41
116.296842,0,2008-10-28 01:39:46
116.296864,0,2008-10-28 01:39:51
116.296876,0,2008-10-28 01:39:56
116.296837,0,2008-10-28 01:40:01
116.296814,0,2008-10-28 01:40:06
116.296792,0,2008-10-28 01:40:11
116.296769,0,2008-10-28 01:40:16
116.296741,0,2008-10-28 01:40:21
116.296749,0,2008-10-28 01:40:26
116.29677,0,2008-10-28 01:40:31
116.296732,0,2008-10-28 01:40:36
116.296729,0,2008-10-28 01:40:41
116.296723,0,2008-10-28 01:40:46
116.296727,0,2008-10-28 01:40:51
116.296713,0,2008-10-28 01:40:56
116.296697,0,2008-10-28 01:41:01
116.296667,0,2008-10-28 01:41:06
116.296646,0,2008-10-28 01:41:11
116.296617,0,2008-10-28 01:41:16
116.296612,0,2008-10-28 01:41:21
116.296605,0,2008-10-28 01:41:26
116.296625,0,2008-10-28 01:41:31
116.296625,0,2008-10-28 01:41:36
116.296618,0,2008-10-28 01:41:41
116.296584,0,2008-10-28 01:41:46
116.296589,0,2008-10-28 01:41:51
116.296626,0,2008-10-28 01:41:56
116.296622,0,2008-10-28 01:42:01
116.296569,0,2008-10-28 01:42:06
116.296493,0,2008-10-28 01:42:11
116.296482,0,2008-10-28 01:42:16
116.296504,0,2008-10-28 01:42:21
116.296546,0,2008-10-28 01:42:26
116.296582,0,2008-10-28 01:42:31
116.296598,0,2008-10-28 01:42:36
116.296609,0,2008-10-28 01:42:41
116.296597,0,2008-10-28 01:42:46
116.296594,0,2008-10-28 01:42:51
116.296594,0,2008-10-28 01:42:56
116.29657,0,2008-10-28 01:43:01
116.296567,0,2008-10-28 01:43:06
116.296555,0,2008-10-28 01:43:11
116.296538,0,2008-10-28 01:43:16
116.296524,0,2008-10-28 01:43:21
116.296525,0,2008-10-28 01:43:26
116.296561,0,2008-10-28 01:43:31
116.29659,0,2008-10-28 01:43:36
116.296574,0,2008-10-28 01:43:41
116.296562,0,2008-10-28 01:43:46
116.296596,0,2008-10-28 01:43:51
116.296599,0,2008-10-28 01:43:56
116.296598,0,2008-10-28 01:44:01
116.296598,0,2008-10-28 01:44:06
116.296615,0,2008-10-28 01:44:11
116.296609,0,2008-10-28 01:44:16
116.296583,0,2008-10-28 01:44:21
116.296579,0,2008-10-28 01:44:26
116.296539,0,2008-10-28 01:44:31
116.296552,0,2008-10-28 01:44:36
116.296553,0,2008-10-28 01:44:41
116.296553,0,2008-10-28 01:44:46
116.29656,0,2008-10-28 01:44:51
116.296566,0,2008-10-28 01:44:56
116.296562,0,2008-10-28 01:45:01
116.296593,0,2008-10-28 01:45:06
116.296627,0,2008-10-28 01:45:11
116.296623,0,2008-10-28 01:45:16
116.296593,0,2008-10-28 01:45:21
116.296623,0,2008-10-28 01:45:26
116.296627,0,2008-10-28 01:45:31
116.296609,0,2008-10-28 01:45:36
116.296574,0,2008-10-28 01:45:41
116.296607,0,2008-10-28 01:45:46
116.296618,0,2008-10-28 01:45:51
116.296644,0,2008-10-28 01:45:56
116.296652,0,2008-10-28 01:46:01
116.296642,0,2008-10-28 01:46:06
116.296657,0,2008-10-28 01:46:11
116.296657,0,2008-10-28 01:46:14
116.296652,0,2008-10-28 01:46:16
116.296651,0,2008-10-28 01:46:21
116.296637,0,2008-10-28 01:46:26
116.296635,0,2008-10-28 01:46:31
116.296636,0,2008-10-28 01:46:36
116.296622,0,2008-10-28 01:46:41
116.29664,0,2008-10-28 01:46:46
116.296672,0,2008-10-28 01:46:51
116.296707,0,2008-10-28 01:46:56
116.296743,0,2008-10-28 01:47:01
116.296774,0,2008-10-28 01:47:06
116.296821,0,2008-10-28 01:47:11
116.296886,0,2008-10-28 01:47:16
116.296912,0,2008-10-28 01:47:21
116.296939,0,2008-10-28 01:47:26
116.296978,0,2008-10-28 01:47:31
116.297007,0,2008-10-28 01:47:36
116.297023,0,2008-10-28 01:47:41
116.297032,0,2008-10-28 01:47:46
116.297066,0,2008-10-28 01:47:51
116.29708,0,2008-10-28 01:47:56
116.297073,0,2008-10-28 01:48:01
116.297072,0,2008-10-28 01:48:06
116.29705,0,2008-10-28 01:48:11
116.29704,0,2008-10-28 01:48:16
116.297043,0,2008-10-28 01:48:21
116.297042,0,2008-10-28 01:48:26
116.297022,0,2008-10-28 01:48:31
116.296983,0,2008-10-28 01:48:36
116.296983,0,2008-10-28 01:48:39
116.296978,0,2008-10-28 01:48:41
116.296978,0,2008-10-28 01:48:46
116.296979,0,2008-10-28 01:48:51
116.296971,0,2008-10-28 01:48:56
116.296959,0,2008-10-28 01:49:01
116.29693,0,2008-10-28 01:49:06
116.296932,0,2008-10-28 01:49:11
116.296927,0,2008-10-28 01:49:16
116.296927,0,2008-10-28 01:49:21
116.29692,0,2008-10-28 01:49:26
116.296928,0,2008-10-28 01:49:31
116.296929,0,2008-10-28 01:49:36
116.296926,0,2008-10-28 01:49:41
116.296927,0,2008-10-28 01:49:46
116.296916,0,2008-10-28 01:49:51
116.296897,0,2008-10-28 01:49:56
116.296881,0,2008-10-28 01:50:01
116.296879,0,2008-10-28 01:50:06
116.296863,0,2008-10-28 01:50:11
116.296847,0,2008-10-28 01:50:16
116.296835,0,2008-10-28 01:50:21
116.296837,0,2008-10-28 01:50:26
116.296851,0,2008-10-28 01:50:31
116.296859,0,2008-10-28 01:50:36
116.296831,0,2008-10-28 01:50:41
116.296827,0,2008-10-28 01:50:46
116.296839,0,2008-10-28 01:50:51
116.296858,0,2008-10-28 01:50:56
116.296858,0,2008-10-28 01:51:01
116.296834,0,2008-10-28 01:51:06
116.296804,0,2008-10-28 01:51:11
116.296755,0,2008-10-28 01:51:16
116.296746,0,2008-10-28 01:51:21
116.296738,0,2008-10-28 01:51:26
116.296722,0,2008-10-28 01:51:31
116.2967,0,2008-10-28 01:51:36
116.2967,0,2008-10-28 01:51:41
116.296686,0,2008-10-28 01:51:46
116.296699,0,2008-10-28 01:51:51
116.296697,0,2008-10-28 01:51:56
116.296693,0,2008-10-28 01:52:01
116.296666,0,2008-10-28 01:52:06
116.296668,0,2008-10-28 01:52:11
116.296649,0,2008-10-28 01:52:16
116.296632,0,2008-10-28 01:52:21
116.296643,0,2008-10-28 01:52:26
116.296631,0,2008-10-28 01:52:31
116.296626,0,2008-10-28 01:52:36
116.296631,0,2008-10-28 01:52:41
116.296624,0,2008-10-28 01:52:46
116.296616,0,2008-10-28 01:52:51
116.296614,0,2008-10-28 01:52:56
116.2966,0,2008-10-28 01:53:01
116.296585,0,2008-10-28 01:53:06
116.296604,0,2008-10-28 01:53:11
116.296599,0,2008-10-28 01:53:16
116.296596,0,2008-10-28 01:53:21
116.296606,0,2008-10-28 01:53:26
116.296604,0,2008-10-28 01:53:31
116.296572,0,2008-10-28 01:53:36
116.296551,0,2008-10-28 01:53:41
116.296555,0,2008-10-28 01:53:46
116.296561,0,2008-10-28 01:53:51
116.296575,0,2008-10-28 01:53:56
116.296616,0,2008-10-28 01:54:01
116.296641,0,2008-10-28 01:54:06
116.296631,0,2008-10-28 01:54:11
116.296631,0,2008-10-28 01:54:16
116.296631,0,2008-10-28 01:54:19
116.296634,0,2008-10-28 01:54:21
116.296616,0,2008-10-28 01:54:26
116.296604,0,2008-10-28 01:54:31
116.2966,0,2008-10-28 01:54:36
116.296603,0,2008-10-28 01:54:41
116.296613,0,2008-10-28 01:54:46
116.296603,0,2008-10-28 01:54:51
116.29659,0,2008-10-28 01:54:56
116.296589,0,2008-10-28 01:55:01
116.296589,0,2008-10-28 01:55:06
116.29658,0,2008-10-28 01:55:11
116.29661,0,2008-10-28 01:55:16
116.296628,0,2008-10-28 01:55:21
116.296634,0,2008-10-28 01:55:26
116.29664,0,2008-10-28 01:55:31
116.296606,0,2008-10-28 01:55:36
116.296595,0,2008-10-28 01:55:41
116.296584,0,2008-10-28 01:55:46
116.296583,0,2008-10-28 01:55:51
116.296575,0,2008-10-28 01:55:56
116.296586,0,2008-10-28 01:56:01
116.296598,0,2008-10-28 01:56:06
116.296568,0,2008-10-28 01:56:11
116.296547,0,2008-10-28 01:56:16
116.296561,0,2008-10-28 01:56:21
116.296561,0,2008-10-28 01:56:24
116.296555,0,2008-10-28 01:56:26
116.296555,0,2008-10-28 01:56:31
116.296576,0,2008-10-28 01:56:36
116.296586,0,2008-10-28 02:03:01
116.296571,0,2008-10-28 02:03:06
116.296545,0,2008-10-28 02:03:11
116.296563,0,2008-10-28 02:03:16
116.296577,0,2008-10-28 02:03:21
116.296586,0,2008-10-28 02:03:26
116.296589,0,2008-10-28 02:03:31
116.296575,0,2008-10-28 02:03:36
116.296595,0,2008-10-28 02:03:41
116.296599,0,2008-10-28 02:03:46
116.29661,0,2008-10-28 02:03:51
116.296638,0,2008-10-28 02:03:56
116.296676,0,2008-10-28 02:04:01
116.296678,0,2008-10-28 02:04:06
116.296659,0,2008-10-28 02:04:11
116.296667,0,2008-10-28 02:04:16
116.296665,0,2008-10-28 02:04:21
116.296656,0,2008-10-28 02:04:26
116.296641,0,2008-10-28 02:04:31
116.296613,0,2008-10-28 02:04:36
116.296613,0,2008-10-28 02:04:41
116.296619,0,2008-10-28 02:04:46
116.296621,0,2008-10-28 02:04:51
116.296653,0,2008-10-28 02:04:56
116.296686,0,2008-10-28 02:05:01
116.296725,0,2008-10-28 02:05:06
116.296731,0,2008-10-28 02:05:11
116.296737,0,2008-10-28 02:05:16
116.296711,0,2008-10-28 02:05:21
116.296667,0,2008-10-28 02:05:26
116.296672,0,2008-10-28 02:05:31
116.296662,0,2008-10-28 02:05:36
116.296683,0,2008-10-28 02:05:41
116.296683,0,2008-10-28 02:05:46
116.296704,0,2008-10-28 02:05:51
116.296719,0,2008-10-28 02:05:56
116.296752,0,2008-10-28 02:06:01
116.296757,0,2008-10-28 02:06:06
116.296738,0,2008-10-28 02:06:11
116.296743,0,2008-10-28 02:06:16
116.296756,0,2008-10-28 02:06:21
116.296776,0,2008-10-28 02:06:26
116.296778,0,2008-10-28 02:06:31
116.296778,0,2008-10-28 02:06:36
116.296799,0,2008-10-28 02:06:41
116.296817,0,2008-10-28 02:06:46
116.296806,0,2008-10-28 02:06:51
116.296816,0,2008-10-28 02:06:56
116.296787,0,2008-10-28 02:07:01
116.296774,0,2008-10-28 02:07:06
116.296786,0,2008-10-28 02:07:11
116.296797,0,2008-10-28 02:07:16
116.296798,0,2008-10-28 02:07:21
116.296826,0,2008-10-28 02:07:26
116.296892,0,2008-10-28 02:07:31
116.296942,0,2008-10-28 02:07:36
116.296972,0,2008-10-28 02:07:41
116.297005,0,2008-10-28 02:07:46
116.297015,0,2008-10-28 02:07:51
116.297036,0,2008-10-28 02:07:56
116.297045,0,2008-10-28 02:08:01
116.297025,0,2008-10-28 02:08:06
116.297003,0,2008-10-28 02:08:11
116.297028,0,2008-10-28 02:08:16
116.297052,0,2008-10-28 02:08:21
116.297075,0,2008-10-28 02:08:26
116.297111,0,2008-10-28 02:08:31
116.297117,0,2008-10-28 02:08:36
116.297146,0,2008-10-28 02:08:41
116.297175,0,2008-10-28 02:08:46
116.2972,0,2008-10-28 02:08:51
116.29724,0,2008-10-28 02:08:56
116.297283,0,2008-10-28 02:09:01
116.297291,0,2008-10-28 02:09:06
116.297292,0,2008-10-28 02:09:11
116.29728,0,2008-10-28 02:09:16
116.297269,0,2008-10-28 02:09:21
116.29728,0,2008-10-28 02:09:26
116.29728,0,2008-10-28 02:09:29
116.297272,0,2008-10-28 02:09:31
116.297281,0,2008-10-28 02:09:36
116.297281,0,2008-10-28 02:09:39
116.297287,0,2008-10-28 02:09:41
116.297334,0,2008-10-28 02:09:46
116.297338,0,2008-10-28 02:09:51
116.297338,0,2008-10-28 02:09:54
116.29734,0,2008-10-28 02:09:56
116.297359,0,2008-10-28 02:10:01
116.297383,0,2008-10-28 02:10:06
116.29739,0,2008-10-28 02:10:11
116.297366,0,2008-10-28 02:10:16
116.297366,0,2008-10-28 02:10:19
116.297366,0,2008-10-28 02:10:21
116.297366,0,2008-10-28 02:10:26
116.29736,0,2008-10-28 02:10:31
116.29736,0,2008-10-28 02:10:34
116.297357,0,2008-10-28 02:10:36
116.297346,0,2008-10-28 02:10:41
116.297337,0,2008-10-28 02:10:46
116.29735,0,2008-10-28 02:10:51
116.297375,0,2008-10-28 02:10:56
116.297375,0,2008-10-28 02:10:59
116.297381,0,2008-10-28 02:11:01
116.297402,0,2008-10-28 02:11:06
116.297427,0,2008-10-28 02:11:11
116.297437,0,2008-10-28 02:11:16
116.297446,0,2008-10-28 02:11:21
116.29743,0,2008-10-28 02:11:26
116.297418,0,2008-10-28 02:11:31
116.297457,0,2008-10-28 02:11:36
116.297489,0,2008-10-28 02:11:41
116.297509,0,2008-10-28 02:11:46
116.297532,0,2008-10-28 02:11:51
116.297502,0,2008-10-28 02:11:56
116.297456,0,2008-10-28 02:12:01
116.297414,0,2008-10-28 02:12:06
116.29735,0,2008-10-28 02:12:11
116.29732,0,2008-10-28 02:12:16
116.297286,0,2008-10-28 02:12:21
116.297206,0,2008-10-28 02:12:26
116.297123,0,2008-10-28 02:12:31
116.297069,0,2008-10-28 02:12:36
116.29703,0,2008-10-28 02:12:41
116.297001,0,2008-10-28 02:12:46
116.296966,0,2008-10-28 02:12:51
116.296939,0,2008-10-28 02:12:56
116.296915,0,2008-10-28 02:13:01
116.296914,0,2008-10-28 02:13:06
116.296907,0,2008-10-28 02:13:11
116.29689,0,2008-10-28 02:13:16
116.296865,0,2008-10-28 02:13:21
116.296869,0,2008-10-28 02:13:26
116.296856,0,2008-10-28 02:13:31
116.296856,0,2008-10-28 02:13:34
116.296856,0,2008-10-28 02:13:36
116.296864,0,2008-10-28 02:13:41
116.296879,0,2008-10-28 02:13:46
116.29688,0,2008-10-28 02:13:51
116.296893,0,2008-10-28 02:13:56
116.296866,0,2008-10-28 02:14:01
116.296857,0,2008-10-28 02:14:06
116.296858,0,2008-10-28 02:14:11
116.296847,0,2008-10-28 02:14:16
116.296826,0,2008-10-28 02:14:21
116.296841,0,2008-10-28 02:14:26
116.29685,0,2008-10-28 02:14:31
116.296859,0,2008-10-28 02:14:36
116.296895,0,2008-10-28 02:14:41
116.296927,0,2008-10-28 02:14:46
116.296943,0,2008-10-28 02:14:51
116.296945,0,2008-10-28 02:14:56
116.296938,0,2008-10-28 02:15:01
116.296946,0,2008-10-28 02:15:06
116.29698,0,2008-10-28 02:15:11
116.296989,0,2008-10-28 02:15:16
116.296989,0,2008-10-28 02:15:21
116.297008,0,2008-10-28 02:15:26
116.297026,0,2008-10-28 02:15:31
116.297052,0,2008-10-28 02:15:36
116.297067,0,2008-10-28 02:15:41
116.297055,0,2008-10-28 02:15:46
116.297047,0,2008-10-28 02:15:51
116.296994,0,2008-10-28 02:15:56
116.296955,0,2008-10-28 02:16:01
116.296916,0,2008-10-28 02:16:06
116.296866,0,2008-10-28 02:16:11
116.296858,0,2008-10-28 02:16:16
116.29686,0,2008-10-28 02:16:21
116.29686,0,2008-10-28 02:16:24
116.296858,0,2008-10-28 02:16:26
116.296873,0,2008-10-28 02:16:31
116.296864,0,2008-10-28 02:16:36
116.296864,0,2008-10-28 02:16:39
116.296862,0,2008-10-28 02:16:41
116.296859,0,2008-10-28 02:16:46
116.296839,0,2008-10-28 02:16:51
116.296825,0,2008-10-28 02:16:56
116.296814,0,2008-10-28 02:17:01
116.296818,0,2008-10-28 02:17:06
116.296821,0,2008-10-28 02:17:11
116.296821,0,2008-10-28 02:17:14
116.296815,0,2008-10-28 02:17:16
116.29684,0,2008-10-28 02:17:21
116.296862,0,2008-10-28 02:17:26
116.296904,0,2008-10-28 02:17:31
116.296924,0,2008-10-28 02:17:36
116.296916,0,2008-10-28 02:17:41
116.296894,0,2008-10-28 02:17:46
116.296895,0,2008-10-28 02:17:51
116.296897,0,2008-10-28 02:17:56
116.296898,0,2008-10-28 02:18:01
116.296898,0,2008-10-28 02:18:04
116.296894,0,2008-10-28 02:18:06
116.296876,0,2008-10-28 02:18:11
116.296837,0,2008-10-28 02:18:16
116.296797,0,2008-10-28 02:18:21
116.296761,0,2008-10-28 02:18:26
116.296734,0,2008-10-28 02:18:31
116.296701,0,2008-10-28 02:18:36
116.296668,0,2008-10-28 02:18:41
116.296673,0,2008-10-28 02:18:46
116.29665,0,2008-10-28 02:18:51
116.296608,0,2008-10-28 02:18:56
116.296564,0,2008-10-28 02:19:01
116.296506,0,2008-10-28 02:19:06
116.296466,0,2008-10-28 02:19:11
116.296422,0,2008-10-28 02:19:16
116.296386,0,2008-10-28 02:19:21
116.296354,0,2008-10-28 02:19:26
116.296329,0,2008-10-28 02:19:31
116.296363,0,2008-10-28 02:19:36
116.296398,0,2008-10-28 02:19:41
116.296415,0,2008-10-28 02:19:46
116.296461,0,2008-10-28 02:19:51
116.296541,0,2008-10-28 02:19:56
116.296577,0,2008-10-28 02:20:01
116.296591,0,2008-10-28 02:20:06
116.296606,0,2008-10-28 02:20:11
116.296645,0,2008-10-28 02:20:16
116.296663,0,2008-10-28 02:20:21
116.296678,0,2008-10-28 02:20:26
116.296682,0,2008-10-28 02:20:31
116.296704,0,2008-10-28 02:20:36
116.29672,0,2008-10-28 02:20:41
116.296728,0,2008-10-28 02:20:46
116.296745,0,2008-10-28 02:20:51
116.296797,0,2008-10-28 02:20:56
116.296864,0,2008-10-28 02:21:01
116.296905,0,2008-10-28 02:21:06
116.296979,0,2008-10-28 02:21:11
116.297061,0,2008-10-28 02:21:16
116.297111,0,2008-10-28 02:21:21
116.297161,0,2008-10-28 02:21:26
116.297228,0,2008-10-28 02:21:31
116.297296,0,2008-10-28 02:21:36
116.297376,0,2008-10-28 02:21:41
116.297439,0,2008-10-28 02:21:46
116.297508,0,2008-10-28 02:21:51
116.297572,0,2008-10-28 02:21:56
116.297659,0,2008-10-28 02:22:01
116.297726,0,2008-10-28 02:22:06
116.297784,0,2008-10-28 02:22:11
116.297862,0,2008-10-28 02:22:16
116.297946,0,2008-10-28 02:22:21
116.298011,0,2008-10-28 02:22:26
116.298087,0,2008-10-28 02:22:31
116.298186,0,2008-10-28 02:22:36
116.29824,0,2008-10-28 02:22:41
116.29829,0,2008-10-28 02:22:46
116.298355,0,2008-10-28 02:22:51
116.298418,0,2008-10-28 02:22:56
116.298463,0,2008-10-28 02:23:01
116.298518,0,2008-10-28 02:23:06
116.298624,0,2008-10-28 02:23:11
116.298751,0,2008-10-28 02:23:16
116.298906,0,2008-10-28 02:23:21
116.299009,0,2008-10-28 02:23:26
116.299081,0,2008-10-28 02:23:31
116.299165,0,2008-10-28 02:23:36
116.299231,0,2008-10-28 02:23:41
116.299292,0,2008-10-28 02:23:46
116.299363,0,2008-10-28 02:23:51
116.299454,0,2008-10-28 02:23:56
116.299548,0,2008-10-28 02:24:01
116.299631,0,2008-10-28 02:24:06
116.299708,0,2008-10-28 02:24:11
116.299793,0,2008-10-28 02:24:16
116.299841,0,2008-10-28 02:24:21
116.299911,0,2008-10-28 02:24:26
116.299949,0,2008-10-28 02:24:31
116.299997,0,2008-10-28 02:24:36
116.300053,0,2008-10-28 02:24:41
116.300106,0,2008-10-28 02:24:46
116.300146,0,2008-10-28 02:24:51
116.300179,0,2008-10-28 02:24:56
116.300199,0,2008-10-28 02:25:01
116.300225,0,2008-10-28 02:25:06
116.300228,0,2008-10-28 02:25:11
116.300261,0,2008-10-28 02:25:16
116.300314,0,2008-10-28 02:25:21
116.300331,0,2008-10-28 02:25:26
116.3004,0,2008-10-28 02:25:31
116.300467,0,2008-10-28 02:25:36
116.300483,0,2008-10-28 02:25:41
116.300531,0,2008-10-28 02:25:46
116.300578,0,2008-10-28 02:25:51
116.30067,0,2008-10-28 02:25:56
116.300753,0,2008-10-28 02:26:01
116.300819,0,2008-10-28 02:26:06
116.300876,0,2008-10-28 02:26:11
116.300954,0,2008-10-28 02:26:16
116.300952,0,2008-10-28 02:26:21
116.300989,0,2008-10-28 02:26:26
116.300979,0,2008-10-28 02:26:31
116.300998,0,2008-10-28 02:26:36
116.300969,0,2008-10-28 02:26:41
116.300936,0,2008-10-28 02:26:46
116.300937,0,2008-10-28 02:26:51
116.300982,0,2008-10-28 02:26:56
116.300974,0,2008-10-28 02:27:01
116.300949,0,2008-10-28 02:27:06
116.300942,0,2008-10-28 02:27:11
116.300924,0,2008-10-28 02:27:16
116.300893,0,2008-10-28 02:27:21
116.30087,0,2008-10-28 02:27:26
116.300943,0,2008-10-28 02:27:31
116.300985,0,2008-10-28 02:27:36
116.301022,0,2008-10-28 02:27:41
116.30106,0,2008-10-28 02:27:46
116.301063,0,2008-10-28 02:27:51
116.301023,0,2008-10-28 02:27:56
116.300985,0,2008-10-28 02:28:01
116.300952,0,2008-10-28 02:28:06
116.300922,0,2008-10-28 02:28:11
116.300916,0,2008-10-28 02:28:16
116.300908,0,2008-10-28 02:28:21
116.300904,0,2008-10-28 02:28:26
116.300964,0,2008-10-28 02:28:31
116.30101,0,2008-10-28 02:28:36
116.301053,0,2008-10-28 02:28:41
116.301107,0,2008-10-28 02:28:46
116.301152,0,2008-10-28 02:28:51
116.301181,0,2008-10-28 02:28:56
116.301158,0,2008-10-28 02:29:01
116.301126,0,2008-10-28 02:29:06
116.301109,0,2008-10-28 02:29:11
116.301096,0,2008-10-28 02:29:16
116.301105,0,2008-10-28 02:29:21
116.301132,0,2008-10-28 02:29:26
116.301177,0,2008-10-28 02:29:31
116.301203,0,2008-10-28 02:29:36
116.301239,0,2008-10-28 02:29:41
116.301291,0,2008-10-28 02:29:46
116.301349,0,2008-10-28 02:29:51
116.301401,0,2008-10-28 02:29:56
116.301433,0,2008-10-28 02:30:01
116.30141,0,2008-10-28 02:30:06
116.301385,0,2008-10-28 02:30:11
116.301365,0,2008-10-28 02:30:16
116.301354,0,2008-10-28 02:30:21
116.301366,0,2008-10-28 02:30:26
116.301371,0,2008-10-28 02:30:31
116.301328,0,2008-10-28 02:30:36
116.301293,0,2008-10-28 02:30:41
116.301287,0,2008-10-28 02:30:46
116.301274,0,2008-10-28 02:30:51
116.301255,0,2008-10-28 02:30:56
116.301215,0,2008-10-28 02:31:01
116.301195,0,2008-10-28 02:31:06
116.301184,0,2008-10-28 02:31:11
116.301202,0,2008-10-28 02:31:16
116.301221,0,2008-10-28 02:31:21
116.301202,0,2008-10-28 02:31:26
116.301157,0,2008-10-28 02:31:31
116.30113,0,2008-10-28 02:31:36
116.301154,0,2008-10-28 02:31:41
116.301192,0,2008-10-28 02:31:46
116.301267,0,2008-10-28 02:31:51
116.301356,0,2008-10-28 02:31:56
116.301402,0,2008-10-28 02:32:01
116.301483,0,2008-10-28 02:32:06
116.301569,0,2008-10-28 02:32:11
116.301604,0,2008-10-28 02:32:16
116.30159,0,2008-10-28 02:32:21
116.3016,0,2008-10-28 02:32:26
116.301725,0,2008-10-28 02:32:31
116.301801,0,2008-10-28 02:32:36
116.301824,0,2008-10-28 02:32:41
116.301836,0,2008-10-28 02:32:46
116.301896,0,2008-10-28 02:32:51
116.301956,0,2008-10-28 02:32:56
116.301956,0,2008-10-28 02:32:59
116.301964,0,2008-10-28 02:33:01
116.302047,0,2008-10-28 02:33:06
116.302199,0,2008-10-28 02:33:11
116.302313,0,2008-10-28 02:33:16
116.302347,0,2008-10-28 02:33:21
116.3024,0,2008-10-28 02:33:26
116.302406,0,2008-10-28 02:33:31
116.302406,0,2008-10-28 02:33:34
116.302399,0,2008-10-28 02:33:36
116.30236,0,2008-10-28 02:33:41
116.302357,0,2008-10-28 02:33:46
116.302365,0,2008-10-28 02:33:51
116.302349,0,2008-10-28 02:33:56
116.302328,0,2008-10-28 02:34:01
116.302351,0,2008-10-28 02:34:06
116.30244,0,2008-10-28 02:34:11
116.302496,0,2008-10-28 02:34:16
116.302542,0,2008-10-28 02:34:21
116.302583,0,2008-10-28 02:34:26
116.30257,0,2008-10-28 02:34:31
116.302586,0,2008-10-28 02:34:36
116.302645,0,2008-10-28 02:34:41
116.302717,0,2008-10-28 02:34:46
116.302761,0,2008-10-28 02:34:51
116.302836,0,2008-10-28 02:34:56
116.302894,0,2008-10-28 02:35:01
116.302968,0,2008-10-28 02:35:06
116.303017,0,2008-10-28 02:35:11
116.303068,0,2008-10-28 02:35:16
116.303144,0,2008-10-28 02:35:21
116.303256,0,2008-10-28 02:35:26
116.303447,0,2008-10-28 02:35:31
116.303613,0,2008-10-28 02:35:36
116.303688,0,2008-10-28 02:35:41
116.303776,0,2008-10-28 02:35:46
116.303876,0,2008-10-28 02:35:51
116.303968,0,2008-10-28 02:35:56
116.304046,0,2008-10-28 02:36:01
116.304109,0,2008-10-28 02:36:06
116.304177,0,2008-10-28 02:36:11
116.304262,0,2008-10-28 02:36:16
116.304355,0,2008-10-28 02:36:21
116.304464,0,2008-10-28 02:36:26
116.304566,0,2008-10-28 02:36:31
116.30468,0,2008-10-28 02:36:36
116.304767,0,2008-10-28 02:36:41
116.304834,0,2008-10-28 02:36:46
116.304908,0,2008-10-28 02:36:51
116.304986,0,2008-10-28 02:36:56
116.305046,0,2008-10-28 02:37:01
116.305072,0,2008-10-28 02:37:06
116.305122,0,2008-10-28 02:37:11
116.30523,0,2008-10-28 02:37:16
116.305323,0,2008-10-28 02:37:21
116.305375,0,2008-10-28 02:37:26
116.305518,0,2008-10-28 02:37:31
116.305644,0,2008-10-28 02:37:36
116.305705,0,2008-10-28 02:37:41
116.305786,0,2008-10-28 02:37:46
116.305863,0,2008-10-28 02:37:51
116.305919,0,2008-10-28 02:37:56
116.305987,0,2008-10-28 02:38:01
116.306044,0,2008-10-28 02:38:06
116.306111,0,2008-10-28 02:38:11
116.306164,0,2008-10-28 02:38:16
116.30623,0,2008-10-28 02:38:21
116.306296,0,2008-10-28 02:38:26
116.306395,0,2008-10-28 02:38:31
116.306483,0,2008-10-28 02:38:36
116.306569,0,2008-10-28 02:38:41
116.306663,0,2008-10-28 02:38:46
116.306716,0,2008-10-28 02:38:51
116.306786,0,2008-10-28 02:38:56
116.306834,0,2008-10-28 02:39:01
116.306923,0,2008-10-28 02:39:06
116.307012,0,2008-10-28 02:39:11
116.307113,0,2008-10-28 02:39:16
116.307202,0,2008-10-28 02:39:21
116.307272,0,2008-10-28 02:39:26
116.307353,0,2008-10-28 02:39:31
116.30742,0,2008-10-28 02:39:36
116.307506,0,2008-10-28 02:39:41
116.307628,0,2008-10-28 02:39:46
116.307709,0,2008-10-28 02:39:51
116.3078,0,2008-10-28 02:39:56
116.307875,0,2008-10-28 02:40:01
116.307975,0,2008-10-28 02:40:06
116.308053,0,2008-10-28 02:40:11
116.308082,0,2008-10-28 02:40:16
116.308093,0,2008-10-28 02:40:21
116.308119,0,2008-10-28 02:40:26
116.308183,0,2008-10-28 02:40:31
116.308234,0,2008-10-28 02:40:36
116.308276,0,2008-10-28 02:40:41
116.308327,0,2008-10-28 02:40:46
116.308364,0,2008-10-28 02:40:51
116.30838,0,2008-10-28 02:40:56
116.308419,0,2008-10-28 02:41:01
116.308487,0,2008-10-28 02:41:06
116.308561,0,2008-10-28 02:41:11
116.308615,0,2008-10-28 02:41:16
116.308655,0,2008-10-28 02:41:21
116.308688,0,2008-10-28 02:41:26
116.308696,0,2008-10-28 02:41:31
116.308683,0,2008-10-28 02:41:36
116.308701,0,2008-10-28 02:41:41
116.30872,0,2008-10-28 02:41:46
116.308741,0,2008-10-28 02:41:51
116.308725,0,2008-10-28 02:41:56
116.308693,0,2008-10-28 02:42:01
116.308643,0,2008-10-28 02:42:06
116.308617,0,2008-10-28 02:42:11
116.308611,0,2008-10-28 02:42:16
116.308633,0,2008-10-28 02:42:21
116.308715,0,2008-10-28 02:42:26
116.30878,0,2008-10-28 02:42:31
116.308862,0,2008-10-28 02:42:36
116.308957,0,2008-10-28 02:42:41
116.309044,0,2008-10-28 02:42:46
116.309103,0,2008-10-28 02:42:51
116.309184,0,2008-10-28 02:42:56
116.309328,0,2008-10-28 02:43:01
116.309452,0,2008-10-28 02:43:06
116.309514,0,2008-10-28 02:43:11
116.309514,0,2008-10-28 02:43:16
116.309557,0,2008-10-28 02:43:21
116.30963,0,2008-10-28 02:43:26
116.309681,0,2008-10-28 02:43:31
116.309718,0,2008-10-28 02:43:36
116.309743,0,2008-10-28 02:43:41
116.309793,0,2008-10-28 02:43:46
116.30984,0,2008-10-28 02:43:51
116.309868,0,2008-10-28 02:43:56
116.309927,0,2008-10-28 02:44:01
116.309998,0,2008-10-28 02:44:06
116.310061,0,2008-10-28 02:44:11
116.310097,0,2008-10-28 02:44:16
116.310164,0,2008-10-28 02:44:21
116.31023,0,2008-10-28 02:44:26
116.310299,0,2008-10-28 02:44:31
116.310381,0,2008-10-28 02:44:36
116.310476,0,2008-10-28 02:44:41
116.310533,0,2008-10-28 02:44:46
116.310588,0,2008-10-28 02:44:51
116.310655,0,2008-10-28 02:44:56
116.310724,0,2008-10-28 02:45:01
116.310776,0,2008-10-28 02:45:06
116.310838,0,2008-10-28 02:45:11
116.310906,0,2008-10-28 02:45:16
116.310967,0,2008-10-28 02:45:21
116.311039,0,2008-10-28 02:45:26
116.311131,0,2008-10-28 02:45:31
116.31122,0,2008-10-28 02:45:36
116.31132,0,2008-10-28 02:45:41
116.311399,0,2008-10-28 02:45:46
116.311495,0,2008-10-28 02:45:51
116.311583,0,2008-10-28 02:45:56
116.311655,0,2008-10-28 02:46:01
116.311725,0,2008-10-28 02:46:06
116.311801,0,2008-10-28 02:46:11
116.311875,0,2008-10-28 02:46:16
116.31195,0,2008-10-28 02:46:21
116.312028,0,2008-10-28 02:46:26
116.312064,0,2008-10-28 02:46:31
116.312089,0,2008-10-28 02:46:36
116.312166,0,2008-10-28 02:46:41
116.312299,0,2008-10-28 02:46:46
116.312409,0,2008-10-28 02:46:51
116.312397,0,2008-10-28 02:46:56
116.312383,0,2008-10-28 02:47:01
116.312435,0,2008-10-28 02:47:06
116.312507,0,2008-10-28 02:47:11
116.312584,0,2008-10-28 02:47:16
116.312626,0,2008-10-28 02:47:21
116.312622,0,2008-10-28 02:47:26
116.312622,0,2008-10-28 02:47:29
116.312626,0,2008-10-28 02:47:31
116.312689,0,2008-10-28 02:47:36
116.312767,0,2008-10-28 02:47:41
116.312908,0,2008-10-28 02:47:46
116.313073,0,2008-10-28 02:47:51
116.313268,0,2008-10-28 02:47:56
116.313442,0,2008-10-28 02:48:01
116.313612,0,2008-10-28 02:48:06
116.313784,0,2008-10-28 02:48:11
116.313988,0,2008-10-28 02:48:16
116.314173,0,2008-10-28 02:48:21
116.314327,0,2008-10-28 02:48:26
116.314488,0,2008-10-28 02:48:31
116.314667,0,2008-10-28 02:48:36
116.314845,0,2008-10-28 02:48:41
116.315019,0,2008-10-28 02:48:46
116.315195,0,2008-10-28 02:48:51
116.315373,0,2008-10-28 02:48:56
116.315516,0,2008-10-28 02:49:01
116.315624,0,2008-10-28 02:49:06
116.31577,0,2008-10-28 02:49:11
116.315888,0,2008-10-28 02:49:16
116.316021,0,2008-10-28 02:49:21
116.316161,0,2008-10-28 02:49:26
116.316296,0,2008-10-28 02:49:31
116.316437,0,2008-10-28 02:49:36
116.316581,0,2008-10-28 02:49:41
116.316705,0,2008-10-28 02:49:46
116.316826,0,2008-10-28 02:49:51
116.316976,0,2008-10-28 02:49:56
116.317118,0,2008-10-28 02:50:01
116.317274,0,2008-10-28 02:50:06
116.317435,0,2008-10-28 02:50:11
116.317543,0,2008-10-28 02:50:16
116.317673,0,2008-10-28 02:50:21
116.317772,0,2008-10-28 02:50:26
116.317905,0,2008-10-28 02:50:31
116.318021,0,2008-10-28 02:50:36
116.318157,0,2008-10-28 02:50:41
116.318324,0,2008-10-28 02:50:46
116.318475,0,2008-10-28 02:50:51
116.31865,0,2008-10-28 02:50:56
116.318823,0,2008-10-28 02:51:01
116.319001,0,2008-10-28 02:51:06
116.319131,0,2008-10-28 02:51:11
116.319298,0,2008-10-28 02:51:16
116.319449,0,2008-10-28 02:51:21
116.319578,0,2008-10-28 02:51:26
116.319692,0,2008-10-28 02:51:31
116.319852,0,2008-10-28 02:51:36
116.320017,0,2008-10-28 02:51:41
116.320179,0,2008-10-28 02:51:46
116.320343,0,2008-10-28 02:51:51
116.320506,0,2008-10-28 02:51:56
116.320668,0,2008-10-28 02:52:01
116.320816,0,2008-10-28 02:52:06
116.320971,0,2008-10-28 02:52:11
116.321115,0,2008-10-28 02:52:16
116.32127,0,2008-10-28 02:52:21
116.321347,0,2008-10-28 02:52:26
116.321349,0,2008-10-28 02:52:31
116.321313,0,2008-10-28 02:52:36
116.321297,0,2008-10-28 02:52:41
116.321277,0,2008-10-28 02:52:46
116.32126,0,2008-10-28 02:52:51
116.321217,0,2008-10-28 02:52:56
116.32121,0,2008-10-28 02:53:01
116.321265,0,2008-10-28 02:53:06
116.321237,0,2008-10-28 02:53:11
116.321197,0,2008-10-28 02:53:16
116.321177,0,2008-10-28 02:53:21
116.32128,0,2008-10-28 02:53:26
116.321293,0,2008-10-28 02:53:31
116.321317,0,2008-10-28 02:53:36
116.321336,0,2008-10-28 02:53:41
116.321385,0,2008-10-28 02:53:46
116.321403,0,2008-10-28 02:53:51
116.321405,0,2008-10-28 02:53:56
116.321404,0,2008-10-28 02:54:01
116.321444,0,2008-10-28 02:54:06
116.321468,0,2008-10-28 02:54:11
116.321465,0,2008-10-28 02:54:16
116.321464,0,2008-10-28 02:54:21
116.321454,0,2008-10-28 02:54:26
116.321418,0,2008-10-28 02:54:31
116.321401,0,2008-10-28 02:54:36
116.321366,0,2008-10-28 02:54:41
116.321321,0,2008-10-28 02:54:46
116.321335,0,2008-10-28 02:54:51
116.321379,0,2008-10-28 02:54:56
116.321411,0,2008-10-28 02:55:01
116.321494,0,2008-10-28 02:55:06
116.321571,0,2008-10-28 02:55:11
116.321652,0,2008-10-28 02:55:16
116.321692,0,2008-10-28 02:55:21
116.321683,0,2008-10-28 02:55:26
116.321719,0,2008-10-28 02:55:31
116.321768,0,2008-10-28 02:55:36
116.321887,0,2008-10-28 02:55:41
116.322139,0,2008-10-28 02:55:46
116.322322,0,2008-10-28 02:55:51
116.322541,0,2008-10-28 02:55:56
116.322731,0,2008-10-28 02:56:01
116.322915,0,2008-10-28 02:56:06
116.323083,0,2008-10-28 02:56:11
116.323272,0,2008-10-28 02:56:16
116.323453,0,2008-10-28 02:56:21
116.32362,0,2008-10-28 02:56:26
116.323761,0,2008-10-28 02:56:31
116.323872,0,2008-10-28 02:56:36
116.323987,0,2008-10-28 02:56:41
116.324123,0,2008-10-28 02:56:46
116.324298,0,2008-10-28 02:56:51
116.32436,0,2008-10-28 02:56:56
116.324353,0,2008-10-28 02:57:01
116.324353,0,2008-10-28 02:57:04
116.324348,0,2008-10-28 02:57:06
116.324328,0,2008-10-28 02:57:11
116.324328,0,2008-10-28 02:57:16
116.32434,0,2008-10-28 02:57:21
116.324312,0,2008-10-28 02:57:26
116.319636,0,2008-10-28 05:03:02
116.319648,0,2008-10-28 05:03:07
116.319629,0,2008-10-28 05:03:12
116.319438,0,2008-10-28 05:03:17
116.319315,0,2008-10-28 05:03:22
116.319263,0,2008-10-28 05:03:27
116.319251,0,2008-10-28 05:03:32
116.319273,0,2008-10-28 05:03:37
116.319285,0,2008-10-28 05:03:42
116.326786,0,2008-10-29 09:21:38
116.326758,0,2008-10-29 09:21:43
116.326719,0,2008-10-29 09:21:48
116.3267,0,2008-10-29 09:21:53
116.326712,0,2008-10-29 09:21:58
116.32675,0,2008-10-29 09:22:03
116.326781,0,2008-10-29 09:22:08
116.326814,0,2008-10-29 09:22:13
116.326856,0,2008-10-29 09:22:18
116.326873,0,2008-10-29 09:22:23
116.326884,0,2008-10-29 09:22:28
116.326946,0,2008-10-29 09:22:33
116.327051,0,2008-10-29 09:22:38
116.32715,0,2008-10-29 09:22:43
116.32723,0,2008-10-29 09:22:48
116.327302,0,2008-10-29 09:22:53
116.327365,0,2008-10-29 09:22:58
116.327451,0,2008-10-29 09:23:03
116.32758,0,2008-10-29 09:23:08
116.328912,0,2008-10-29 09:26:28
116.322374,0,2008-10-29 09:30:28
116.326605,0,2008-10-29 09:30:38
116.326653,0,2008-10-29 09:30:43
116.326695,0,2008-10-29 09:30:48
116.326676,0,2008-10-29 09:30:53
116.326657,0,2008-10-29 09:30:58
116.326677,0,2008-10-29 09:31:03
116.326712,0,2008-10-29 09:31:08
116.326725,0,2008-10-29 09:31:13
116.326717,0,2008-10-29 09:31:18
116.326708,0,2008-10-29 09:31:23
116.326702,0,2008-10-29 09:31:28
116.326705,0,2008-10-29 09:31:33
116.326705,0,2008-10-29 09:31:38
116.326701,0,2008-10-29 09:31:43
116.326719,0,2008-10-29 09:31:48
116.32672,0,2008-10-29 09:31:53
116.326703,0,2008-10-29 09:31:58
116.326677,0,2008-10-29 09:32:03
116.326635,0,2008-10-29 09:32:08
116.326635,0,2008-10-29 09:32:11
116.326634,0,2008-10-29 09:32:13
116.32664,0,2008-10-29 09:32:18
116.326665,0,2008-10-29 09:32:23
116.326716,0,2008-10-29 09:32:28
116.326835,0,2008-10-29 09:32:33
116.326969,0,2008-10-29 09:32:38
116.327072,0,2008-10-29 09:32:43
116.327076,0,2008-10-29 09:32:48
116.327019,0,2008-10-29 09:32:53
116.326974,0,2008-10-29 09:32:58
116.326926,0,2008-10-29 09:33:03
116.326881,0,2008-10-29 09:33:08
116.326862,0,2008-10-29 09:33:13
116.326847,0,2008-10-29 09:33:18
116.326831,0,2008-10-29 09:33:23
116.326796,0,2008-10-29 09:33:28
116.326778,0,2008-10-29 09:33:33
116.326786,0,2008-10-29 09:33:38
116.32678,0,2008-10-29 09:33:43
116.326769,0,2008-10-29 09:33:48
116.326775,0,2008-10-29 09:33:53
116.326785,0,2008-10-29 09:33:58
116.326774,0,2008-10-29 09:34:03
116.326777,0,2008-10-29 09:34:08
116.326816,0,2008-10-29 09:34:13
116.326866,0,2008-10-29 09:34:18
116.326921,0,2008-10-29 09:34:23
116.326951,0,2008-10-29 09:34:28
116.326995,0,2008-10-29 09:34:33
116.326999,0,2008-10-29 09:34:38
116.326977,0,2008-10-29 09:34:43
116.326963,0,2008-10-29 09:34:48
116.326963,0,2008-10-29 09:34:51
116.326968,0,2008-10-29 09:34:53
116.326979,0,2008-10-29 09:36:33
116.327058,0,2008-10-29 09:36:38
116.327003,0,2008-10-29 09:36:43
116.326983,0,2008-10-29 09:36:48
116.327011,0,2008-10-29 09:36:53
116.326975,0,2008-10-29 09:36:58
116.326972,0,2008-10-29 09:37:03
116.326921,0,2008-10-29 09:37:08
116.326937,0,2008-10-29 09:37:13
116.326932,0,2008-10-29 09:37:18
116.326987,0,2008-10-29 09:37:23
116.327032,0,2008-10-29 09:37:28
116.327104,0,2008-10-29 09:37:33
116.327163,0,2008-10-29 09:37:38
116.327211,0,2008-10-29 09:37:43
116.327209,0,2008-10-29 09:37:48
116.327247,0,2008-10-29 09:37:53
116.327212,0,2008-10-29 09:37:58
116.327232,0,2008-10-29 09:38:03
116.327266,0,2008-10-29 09:38:08
116.327313,0,2008-10-29 09:38:13
116.327369,0,2008-10-29 09:38:18
116.327403,0,2008-10-29 09:38:23
116.327403,0,2008-10-29 09:38:28
116.327388,0,2008-10-29 09:38:33
116.327355,0,2008-10-29 09:38:38
116.327359,0,2008-10-29 09:38:43
116.327398,0,2008-10-29 09:38:48
116.327422,0,2008-10-29 09:38:53
116.327454,0,2008-10-29 09:38:58
116.327486,0,2008-10-29 09:39:03
116.327477,0,2008-10-29 09:39:08
116.327477,0,2008-10-29 09:39:13
116.327476,0,2008-10-29 09:39:18
116.327476,0,2008-10-29 09:39:21
116.327477,0,2008-10-29 09:39:23
116.327466,0,2008-10-29 09:39:28
116.327466,0,2008-10-29 09:39:33
116.327461,0,2008-10-29 09:39:38
116.327457,0,2008-10-29 09:39:43
116.327427,0,2008-10-29 09:39:48
116.327311,0,2008-10-29 09:39:53
116.327364,0,2008-10-29 09:39:58
116.327358,0,2008-10-29 09:40:03
116.327367,0,2008-10-29 09:40:08
116.327367,0,2008-10-29 09:40:13
116.327373,0,2008-10-29 09:40:18
116.327451,0,2008-10-29 09:40:23
116.327414,0,2008-10-29 09:40:28
116.327459,0,2008-10-29 09:40:33
116.327475,0,2008-10-29 09:40:38
116.327498,0,2008-10-29 09:40:43
116.32752,0,2008-10-29 09:40:48
116.327526,0,2008-10-29 09:40:53
116.327503,0,2008-10-29 09:40:58
116.327509,0,2008-10-29 09:41:03
116.327478,0,2008-10-29 09:41:08
116.327422,0,2008-10-29 09:41:13
116.327386,0,2008-10-29 09:41:18
116.327385,0,2008-10-29 09:41:23
116.327349,0,2008-10-29 09:41:28
116.327317,0,2008-10-29 09:41:33
116.327311,0,2008-10-29 09:41:38
116.327295,0,2008-10-29 09:41:43
116.327286,0,2008-10-29 09:41:48
116.327247,0,2008-10-29 09:41:53
116.327255,0,2008-10-29 09:41:58
116.327247,0,2008-10-29 09:42:03
116.327247,0,2008-10-29 09:42:06
116.327253,0,2008-10-29 09:42:08
116.327315,0,2008-10-29 09:42:13
116.327363,0,2008-10-29 09:42:18
116.327399,0,2008-10-29 09:42:23
116.327381,0,2008-10-29 09:42:28
116.32736,0,2008-10-29 09:42:33
116.327344,0,2008-10-29 09:42:38
116.32734,0,2008-10-29 09:42:43
116.32734,0,2008-10-29 09:42:46
116.327333,0,2008-10-29 09:42:48
116.327349,0,2008-10-29 09:42:53
116.32738,0,2008-10-29 09:42:58
116.327378,0,2008-10-29 09:43:03
116.327402,0,2008-10-29 09:43:08
116.327413,0,2008-10-29 09:43:13
116.327422,0,2008-10-29 09:43:18
116.327439,0,2008-10-29 09:43:23
116.327524,0,2008-10-29 09:43:28
116.327574,0,2008-10-29 09:43:33
116.327607,0,2008-10-29 09:43:38
116.327627,0,2008-10-29 09:43:43
116.32767,0,2008-10-29 09:43:48
116.327658,0,2008-10-29 09:43:53
116.327701,0,2008-10-29 09:43:58
116.327742,0,2008-10-29 09:44:03
116.327792,0,2008-10-29 09:44:08
116.327772,0,2008-10-29 09:44:13
116.327797,0,2008-10-29 09:44:18
116.327815,0,2008-10-29 09:44:23
116.32783,0,2008-10-29 09:44:28
116.327828,0,2008-10-29 09:44:33
116.327827,0,2008-10-29 09:44:38
116.327795,0,2008-10-29 09:44:43
116.327806,0,2008-10-29 09:44:48
116.327782,0,2008-10-29 09:44:53
116.327755,0,2008-10-29 09:44:58
116.327732,0,2008-10-29 09:45:03
116.327723,0,2008-10-29 09:45:08
116.32771,0,2008-10-29 09:45:13
116.327697,0,2008-10-29 09:45:18
116.327686,0,2008-10-29 09:45:23
116.327679,0,2008-10-29 09:45:28
116.327679,0,2008-10-29 09:45:31
116.32768,0,2008-10-29 09:45:33
116.32768,0,2008-10-29 09:45:38
116.327675,0,2008-10-29 09:45:43
116.327675,0,2008-10-29 09:45:46
116.327675,0,2008-10-29 09:45:48
116.327685,0,2008-10-29 09:45:53
116.327693,0,2008-10-29 09:45:58
116.327704,0,2008-10-29 09:46:03
116.327712,0,2008-10-29 09:46:08
116.327723,0,2008-10-29 09:46:13
116.327734,0,2008-10-29 09:46:18
116.327745,0,2008-10-29 09:46:23
116.327749,0,2008-10-29 09:46:28
116.32775,0,2008-10-29 09:46:33
116.327735,0,2008-10-29 09:46:38
116.327688,0,2008-10-29 09:46:43
116.326565,0,2008-11-03 10:13:36
116.326175,0,2008-11-03 10:13:41
116.326154,0,2008-11-03 10:13:46
116.326081,0,2008-11-03 10:13:51
116.326645,0,2008-11-03 10:15:51
116.326536,0,2008-11-03 10:15:56
116.326341,0,2008-11-03 10:16:01
116.325747,0,2008-11-03 23:21:53
116.325763,0,2008-11-03 23:21:58
116.326968,0,2008-11-03 23:22:03
116.326629,0,2008-11-03 23:22:08
116.326572,0,2008-11-03 23:22:13
116.32648,0,2008-11-03 23:22:18
116.326425,0,2008-11-03 23:22:23
116.326402,0,2008-11-03 23:22:28
116.326379,0,2008-11-03 23:22:33
116.326359,0,2008-11-03 23:22:38
116.32641,0,2008-11-03 23:22:43
116.326393,0,2008-11-03 23:22:48
116.326337,0,2008-11-03 23:22:53
116.326232,0,2008-11-03 23:22:58
116.326244,0,2008-11-03 23:23:03
116.326237,0,2008-11-03 23:23:08
116.326218,0,2008-11-03 23:23:13
116.32626,0,2008-11-03 23:23:18
116.326315,0,2008-11-03 23:23:23
116.326331,0,2008-11-03 23:23:28
116.326313,0,2008-11-03 23:23:33
116.326294,0,2008-11-03 23:23:38
116.326314,0,2008-11-03 23:23:43
116.326337,0,2008-11-03 23:23:48
116.326329,0,2008-11-03 23:23:53
116.32633,0,2008-11-03 23:23:58
116.326333,0,2008-11-03 23:24:03
116.326287,0,2008-11-03 23:24:08
116.326202,0,2008-11-03 23:24:13
116.325983,0,2008-11-03 23:24:18
116.325777,0,2008-11-03 23:24:23
116.325661,0,2008-11-03 23:24:28
116.325509,0,2008-11-03 23:24:33
116.325225,0,2008-11-03 23:24:38
116.324942,0,2008-11-03 23:24:43
116.324633,0,2008-11-03 23:24:48
116.324318,0,2008-11-03 23:24:53
116.324037,0,2008-11-03 23:24:58
116.323689,0,2008-11-03 23:25:03
116.323383,0,2008-11-03 23:25:08
116.323156,0,2008-11-03 23:25:13
116.322976,0,2008-11-03 23:25:18
116.322804,0,2008-11-03 23:25:23
116.322658,0,2008-11-03 23:25:28
116.322422,0,2008-11-03 23:25:33
116.322091,0,2008-11-03 23:25:38
116.321853,0,2008-11-03 23:25:43
116.321787,0,2008-11-03 23:25:48
116.321848,0,2008-11-03 23:25:53
116.321859,0,2008-11-03 23:25:58
116.32181,0,2008-11-03 23:26:03
116.321746,0,2008-11-03 23:26:08
116.321722,0,2008-11-03 23:26:13
116.32174,0,2008-11-03 23:26:18
116.321808,0,2008-11-03 23:26:23
116.321826,0,2008-11-03 23:26:28
116.32178,0,2008-11-03 23:26:33
116.321727,0,2008-11-03 23:26:38
116.321693,0,2008-11-03 23:26:43
116.321617,0,2008-11-03 23:26:48
116.321579,0,2008-11-03 23:26:53
116.321537,0,2008-11-03 23:26:58
116.321495,0,2008-11-03 23:27:03
116.321473,0,2008-11-03 23:27:08
116.321471,0,2008-11-03 23:27:13
116.321474,0,2008-11-03 23:27:18
116.321448,0,2008-11-03 23:27:23
116.321442,0,2008-11-03 23:27:28
116.321434,0,2008-11-03 23:27:33
116.321408,0,2008-11-03 23:27:38
116.321382,0,2008-11-03 23:27:43
116.32135,0,2008-11-03 23:27:48
116.321285,0,2008-11-03 23:27:53
116.321246,0,2008-11-03 23:27:58
116.321062,0,2008-11-03 23:28:03
116.320829,0,2008-11-03 23:28:08
116.320597,0,2008-11-03 23:28:13
116.3204,0,2008-11-03 23:28:18
116.320156,0,2008-11-03 23:28:23
116.319857,0,2008-11-03 23:28:28
116.319573,0,2008-11-03 23:28:33
116.319279,0,2008-11-03 23:28:38
116.319009,0,2008-11-03 23:28:43
116.318782,0,2008-11-03 23:28:48
116.318504,0,2008-11-03 23:28:53
116.318219,0,2008-11-03 23:28:58
116.317985,0,2008-11-03 23:29:03
116.317746,0,2008-11-03 23:29:08
116.31751,0,2008-11-03 23:29:13
116.317255,0,2008-11-03 23:29:18
116.316997,0,2008-11-03 23:29:23
116.316771,0,2008-11-03 23:29:28
116.316443,0,2008-11-03 23:29:33
116.31616,0,2008-11-03 23:29:38
116.315866,0,2008-11-03 23:29:43
116.31559,0,2008-11-03 23:29:48
116.315324,0,2008-11-03 23:29:53
116.315015,0,2008-11-03 23:29:58
116.314709,0,2008-11-03 23:30:03
116.314445,0,2008-11-03 23:30:08
116.314257,0,2008-11-03 23:30:13
116.31405,0,2008-11-03 23:30:18
116.313756,0,2008-11-03 23:30:23
116.313472,0,2008-11-03 23:30:28
116.313206,0,2008-11-03 23:30:33
116.312947,0,2008-11-03 23:30:38
116.312703,0,2008-11-03 23:30:43
116.312524,0,2008-11-03 23:30:48
116.312425,0,2008-11-03 23:30:53
116.31234,0,2008-11-03 23:30:58
116.312446,0,2008-11-03 23:31:03
116.312544,0,2008-11-03 23:31:08
116.312507,0,2008-11-03 23:31:13
116.312458,0,2008-11-03 23:31:18
116.312413,0,2008-11-03 23:31:23
116.312349,0,2008-11-03 23:31:28
116.312337,0,2008-11-03 23:31:33
116.312326,0,2008-11-03 23:31:38
116.312308,0,2008-11-03 23:31:43
116.312278,0,2008-11-03 23:31:48
116.312319,0,2008-11-03 23:31:53
116.312339,0,2008-11-03 23:31:58
116.312328,0,2008-11-03 23:32:03
116.312323,0,2008-11-03 23:32:08
116.312311,0,2008-11-03 23:32:13
116.312305,0,2008-11-03 23:32:18
116.312273,0,2008-11-03 23:32:23
116.312259,0,2008-11-03 23:32:28
116.312259,0,2008-11-03 23:32:31
116.312263,0,2008-11-03 23:32:33
116.312276,0,2008-11-03 23:32:38
116.312267,0,2008-11-03 23:32:43
116.31231,0,2008-11-03 23:32:48
116.312387,0,2008-11-03 23:32:53
116.312437,0,2008-11-03 23:32:58
116.312384,0,2008-11-03 23:33:03
116.312321,0,2008-11-03 23:33:08
116.312274,0,2008-11-03 23:33:13
116.312251,0,2008-11-03 23:33:18
116.31233,0,2008-11-03 23:33:23
116.312345,0,2008-11-03 23:33:28
116.312366,0,2008-11-03 23:33:33
116.312414,0,2008-11-03 23:33:38
116.312424,0,2008-11-03 23:33:43
116.312426,0,2008-11-03 23:33:48
116.312411,0,2008-11-03 23:33:53
116.312442,0,2008-11-03 23:33:58
116.312482,0,2008-11-03 23:34:03
116.31218,0,2008-11-03 23:42:28
116.312095,0,2008-11-03 23:42:33
116.312001,0,2008-11-03 23:42:38
116.311941,0,2008-11-03 23:42:43
116.311869,0,2008-11-03 23:42:48
116.311803,0,2008-11-03 23:42:53
116.311732,0,2008-11-03 23:42:58
116.311695,0,2008-11-03 23:43:03
116.311636,0,2008-11-03 23:43:08
116.311566,0,2008-11-03 23:43:13
116.3115,0,2008-11-03 23:43:18
116.311434,0,2008-11-03 23:43:23
116.311338,0,2008-11-03 23:43:28
116.311259,0,2008-11-03 23:43:33
116.311183,0,2008-11-03 23:43:38
116.311092,0,2008-11-03 23:43:43
116.31104,0,2008-11-03 23:43:48
116.310981,0,2008-11-03 23:43:53
116.31092,0,2008-11-03 23:43:58
116.310865,0,2008-11-03 23:44:03
116.310805,0,2008-11-03 23:44:08
116.310735,0,2008-11-03 23:44:13
116.310676,0,2008-11-03 23:44:18
116.310607,0,2008-11-03 23:44:23
116.310547,0,2008-11-03 23:44:28
116.310474,0,2008-11-03 23:44:33
116.310399,0,2008-11-03 23:44:38
116.310325,0,2008-11-03 23:44:43
116.310278,0,2008-11-03 23:44:48
116.310242,0,2008-11-03 23:44:53
116.310201,0,2008-11-03 23:44:58
116.310169,0,2008-11-03 23:45:03
116.310118,0,2008-11-03 23:45:08
116.310052,0,2008-11-03 23:45:13
116.309984,0,2008-11-03 23:45:18
116.309903,0,2008-11-03 23:45:23
116.309847,0,2008-11-03 23:45:28
116.30979,0,2008-11-03 23:45:33
116.309741,0,2008-11-03 23:45:38
116.309692,0,2008-11-03 23:45:43
116.309647,0,2008-11-03 23:45:48
116.30959,0,2008-11-03 23:45:53
116.309546,0,2008-11-03 23:45:58
116.30945,0,2008-11-03 23:46:03
116.309407,0,2008-11-03 23:46:08
116.309387,0,2008-11-03 23:46:13
116.30942,0,2008-11-03 23:46:18
116.309392,0,2008-11-03 23:46:23
116.309359,0,2008-11-03 23:46:28
116.309313,0,2008-11-03 23:46:33
116.309272,0,2008-11-03 23:46:38
116.309272,0,2008-11-03 23:46:41
116.309266,0,2008-11-03 23:46:43
116.309219,0,2008-11-03 23:46:48
116.309186,0,2008-11-03 23:46:53
116.309144,0,2008-11-03 23:46:58
116.30911,0,2008-11-03 23:47:03
116.309048,0,2008-11-03 23:47:08
116.308979,0,2008-11-03 23:47:13
116.308946,0,2008-11-03 23:47:18
116.308926,0,2008-11-03 23:47:23
116.308907,0,2008-11-03 23:47:28
116.308913,0,2008-11-03 23:47:33
116.308908,0,2008-11-03 23:47:38
116.308932,0,2008-11-03 23:47:43
116.308914,0,2008-11-03 23:47:48
116.308903,0,2008-11-03 23:47:53
116.3089,0,2008-11-03 23:47:58
116.308908,0,2008-11-03 23:48:03
116.308924,0,2008-11-03 23:48:08
116.308896,0,2008-11-03 23:48:13
116.308863,0,2008-11-03 23:48:18
116.308834,0,2008-11-03 23:48:23
116.308861,0,2008-11-03 23:48:28
116.308853,0,2008-11-03 23:48:33
116.308801,0,2008-11-03 23:48:38
116.308755,0,2008-11-03 23:48:43
116.308702,0,2008-11-03 23:48:48
116.308662,0,2008-11-03 23:48:53
116.308621,0,2008-11-03 23:48:58
116.308602,0,2008-11-03 23:49:03
116.308577,0,2008-11-03 23:49:08
116.308545,0,2008-11-03 23:49:13
116.308518,0,2008-11-03 23:49:18
116.308496,0,2008-11-03 23:49:23
116.308478,0,2008-11-03 23:49:28
116.308442,0,2008-11-03 23:49:33
116.30838,0,2008-11-03 23:49:38
116.30831,0,2008-11-03 23:49:43
116.308216,0,2008-11-03 23:49:48
116.308141,0,2008-11-03 23:49:53
116.308085,0,2008-11-03 23:49:58
116.308036,0,2008-11-03 23:50:03
116.307965,0,2008-11-03 23:50:08
116.307926,0,2008-11-03 23:50:13
116.307887,0,2008-11-03 23:50:18
116.307814,0,2008-11-03 23:50:23
116.307714,0,2008-11-03 23:50:28
116.307612,0,2008-11-03 23:50:33
116.307547,0,2008-11-03 23:50:38
116.307469,0,2008-11-03 23:50:43
116.307349,0,2008-11-03 23:50:48
116.307251,0,2008-11-03 23:50:53
116.307157,0,2008-11-03 23:50:58
116.30711,0,2008-11-03 23:51:03
116.307023,0,2008-11-03 23:51:08
116.306918,0,2008-11-03 23:51:13
116.306794,0,2008-11-03 23:51:18
116.306705,0,2008-11-03 23:51:23
116.30664,0,2008-11-03 23:51:28
116.306548,0,2008-11-03 23:51:33
116.306487,0,2008-11-03 23:51:38
116.306424,0,2008-11-03 23:51:43
116.306345,0,2008-11-03 23:51:48
116.30625,0,2008-11-03 23:51:53
116.306152,0,2008-11-03 23:51:58
116.306069,0,2008-11-03 23:52:03
116.305992,0,2008-11-03 23:52:08
116.305904,0,2008-11-03 23:52:13
116.305836,0,2008-11-03 23:52:18
116.305814,0,2008-11-03 23:52:23
116.305723,0,2008-11-03 23:52:28
116.305656,0,2008-11-03 23:52:33
116.305582,0,2008-11-03 23:52:38
116.305493,0,2008-11-03 23:52:43
116.305387,0,2008-11-03 23:52:48
116.305276,0,2008-11-03 23:52:53
116.305221,0,2008-11-03 23:52:58
116.305183,0,2008-11-03 23:53:03
116.305111,0,2008-11-03 23:53:08
116.305027,0,2008-11-03 23:53:13
116.304932,0,2008-11-03 23:53:18
116.304827,0,2008-11-03 23:53:23
116.304749,0,2008-11-03 23:53:28
116.304683,0,2008-11-03 23:53:33
116.304597,0,2008-11-03 23:53:38
116.304501,0,2008-11-03 23:53:43
116.304435,0,2008-11-03 23:53:48
116.304347,0,2008-11-03 23:53:53
116.304272,0,2008-11-03 23:53:58
116.304175,0,2008-11-03 23:54:03
116.30408,0,2008-11-03 23:54:08
116.304003,0,2008-11-03 23:54:13
116.30394,0,2008-11-03 23:54:18
116.303848,0,2008-11-03 23:54:23
116.303779,0,2008-11-03 23:54:28
116.303716,0,2008-11-03 23:54:33
116.303622,0,2008-11-03 23:54:38
116.30354,0,2008-11-03 23:54:43
116.303485,0,2008-11-03 23:54:48
116.303453,0,2008-11-03 23:54:53
116.303385,0,2008-11-03 23:54:58
116.303332,0,2008-11-03 23:55:03
116.303275,0,2008-11-03 23:55:08
116.303209,0,2008-11-03 23:55:13
116.303187,0,2008-11-03 23:55:18
116.303195,0,2008-11-03 23:55:23
116.303136,0,2008-11-03 23:55:28
116.303048,0,2008-11-03 23:55:33
116.302936,0,2008-11-03 23:55:38
116.302873,0,2008-11-03 23:55:43
116.302828,0,2008-11-03 23:55:48
116.302795,0,2008-11-03 23:55:53
116.302742,0,2008-11-03 23:55:58
116.30268,0,2008-11-03 23:56:03
116.302643,0,2008-11-03 23:56:08
116.302628,0,2008-11-03 23:56:13
116.302598,0,2008-11-03 23:56:18
116.30257,0,2008-11-03 23:56:23
116.302557,0,2008-11-03 23:56:28
116.302556,0,2008-11-03 23:56:33
116.302508,0,2008-11-03 23:56:38
116.302456,0,2008-11-03 23:56:43
116.302415,0,2008-11-03 23:56:48
116.302373,0,2008-11-03 23:56:53
116.302318,0,2008-11-03 23:56:58
116.302212,0,2008-11-03 23:57:03
116.302132,0,2008-11-03 23:57:08
116.302075,0,2008-11-03 23:57:13
116.302015,0,2008-11-03 23:57:18
116.301942,0,2008-11-03 23:57:23
116.301847,0,2008-11-03 23:57:28
116.301766,0,2008-11-03 23:57:33
116.301673,0,2008-11-03 23:57:38
116.30159,0,2008-11-03 23:57:43
116.30162,0,2008-11-03 23:57:48
116.301621,0,2008-11-03 23:57:53
116.301594,0,2008-11-03 23:57:58
116.30152,0,2008-11-03 23:58:03
116.301412,0,2008-11-03 23:58:08
116.301295,0,2008-11-03 23:58:13
116.301276,0,2008-11-03 23:58:18
116.301287,0,2008-11-03 23:58:23
116.301238,0,2008-11-03 23:58:28
116.30119,0,2008-11-03 23:58:33
116.301211,0,2008-11-03 23:58:38
116.301269,0,2008-11-03 23:58:43
116.301355,0,2008-11-03 23:58:48
116.30141,0,2008-11-03 23:58:53
116.301432,0,2008-11-03 23:58:58
116.301405,0,2008-11-03 23:59:03
116.301408,0,2008-11-03 23:59:08
116.301382,0,2008-11-03 23:59:13
116.301405,0,2008-11-03 23:59:18
116.301402,0,2008-11-03 23:59:23
116.301413,0,2008-11-03 23:59:28
116.301423,0,2008-11-03 23:59:33
116.301442,0,2008-11-03 23:59:38
116.301441,0,2008-11-03 23:59:43
116.301448,0,2008-11-03 23:59:48
116.301473,0,2008-11-03 23:59:53
116.301505,0,2008-11-03 23:59:58
116.301524,0,2008-11-04 00:00:03
116.301508,0,2008-11-04 00:00:08
116.301518,0,2008-11-04 00:00:13
116.301521,0,2008-11-04 00:00:18
116.301545,0,2008-11-04 00:00:23
116.301612,0,2008-11-04 00:00:28
116.301669,0,2008-11-04 00:00:33
116.301696,0,2008-11-04 00:00:38
116.3017,0,2008-11-04 00:00:43
116.301677,0,2008-11-04 00:00:48
116.301638,0,2008-11-04 00:00:53
116.301612,0,2008-11-04 00:00:58
116.301533,0,2008-11-04 00:01:03
116.301482,0,2008-11-04 00:01:08
116.301435,0,2008-11-04 00:01:13
116.301391,0,2008-11-04 00:01:18
116.301348,0,2008-11-04 00:01:23
116.3013,0,2008-11-04 00:01:28
116.301252,0,2008-11-04 00:01:33
116.301189,0,2008-11-04 00:01:38
116.301149,0,2008-11-04 00:01:43
116.301123,0,2008-11-04 00:01:48
116.30111,0,2008-11-04 00:01:53
116.301124,0,2008-11-04 00:01:58
116.30115,0,2008-11-04 00:02:03
116.301141,0,2008-11-04 00:02:08
116.301101,0,2008-11-04 00:02:13
116.301058,0,2008-11-04 00:02:18
116.301056,0,2008-11-04 00:02:23
116.301051,0,2008-11-04 00:02:28
116.301082,0,2008-11-04 00:02:33
116.301116,0,2008-11-04 00:02:38
116.301101,0,2008-11-04 00:02:43
116.301096,0,2008-11-04 00:02:48
116.301069,0,2008-11-04 00:02:53
116.301028,0,2008-11-04 00:02:58
116.301001,0,2008-11-04 00:03:03
116.300949,0,2008-11-04 00:03:08
116.300916,0,2008-11-04 00:03:13
116.30089,0,2008-11-04 00:03:18
116.300853,0,2008-11-04 00:03:23
116.300803,0,2008-11-04 00:03:28
116.300746,0,2008-11-04 00:03:33
116.300705,0,2008-11-04 00:03:38
116.300673,0,2008-11-04 00:03:43
116.300671,0,2008-11-04 00:03:48
116.300671,0,2008-11-04 00:03:53
116.300643,0,2008-11-04 00:03:58
116.300583,0,2008-11-04 00:04:03
116.300528,0,2008-11-04 00:04:08
116.300457,0,2008-11-04 00:04:13
116.300353,0,2008-11-04 00:04:18
116.30028,0,2008-11-04 00:04:23
116.30026,0,2008-11-04 00:04:28
116.300222,0,2008-11-04 00:04:33
116.300186,0,2008-11-04 00:04:38
116.300187,0,2008-11-04 00:04:43
116.300152,0,2008-11-04 00:04:48
116.300132,0,2008-11-04 00:04:53
116.300105,0,2008-11-04 00:04:58
116.300082,0,2008-11-04 00:05:03
116.30005,0,2008-11-04 00:05:08
116.300033,0,2008-11-04 00:05:13
116.299982,0,2008-11-04 00:05:18
116.299925,0,2008-11-04 00:05:23
116.299855,0,2008-11-04 00:05:28
116.299772,0,2008-11-04 00:05:33
116.299652,0,2008-11-04 00:05:38
116.299544,0,2008-11-04 00:05:43
116.299439,0,2008-11-04 00:05:48
116.299365,0,2008-11-04 00:05:53
116.299307,0,2008-11-04 00:05:58
116.299227,0,2008-11-04 00:06:03
116.299154,0,2008-11-04 00:06:08
116.299075,0,2008-11-04 00:06:13
116.299001,0,2008-11-04 00:06:18
116.298925,0,2008-11-04 00:06:23
116.298826,0,2008-11-04 00:06:28
116.298726,0,2008-11-04 00:06:33
116.298627,0,2008-11-04 00:06:38
116.298521,0,2008-11-04 00:06:43
116.298436,0,2008-11-04 00:06:48
116.298362,0,2008-11-04 00:06:53
116.298262,0,2008-11-04 00:06:58
116.298208,0,2008-11-04 00:07:03
116.29818,0,2008-11-04 00:07:08
116.298133,0,2008-11-04 00:07:13
116.298085,0,2008-11-04 00:07:18
116.298018,0,2008-11-04 00:07:23
116.29796,0,2008-11-04 00:07:28
116.29789,0,2008-11-04 00:07:33
116.297795,0,2008-11-04 00:07:38
116.297687,0,2008-11-04 00:07:43
116.297604,0,2008-11-04 00:07:48
116.297513,0,2008-11-04 00:07:53
116.297418,0,2008-11-04 00:07:58
116.297339,0,2008-11-04 00:08:03
116.297266,0,2008-11-04 00:08:08
116.297197,0,2008-11-04 00:08:13
116.297122,0,2008-11-04 00:08:18
116.297037,0,2008-11-04 00:08:23
116.29695,0,2008-11-04 00:08:28
116.296864,0,2008-11-04 00:08:33
116.296787,0,2008-11-04 00:08:38
116.296727,0,2008-11-04 00:08:43
116.296691,0,2008-11-04 00:08:48
116.296643,0,2008-11-04 00:08:53
116.296579,0,2008-11-04 00:08:58
116.296534,0,2008-11-04 00:09:03
116.296615,0,2008-11-04 00:09:08
116.296714,0,2008-11-04 00:09:13
116.296726,0,2008-11-04 00:09:18
116.296829,0,2008-11-04 00:09:23
116.296841,0,2008-11-04 00:09:28
116.296858,0,2008-11-04 00:09:33
116.296884,0,2008-11-04 00:09:38
116.296913,0,2008-11-04 00:09:43
116.296922,0,2008-11-04 00:09:48
116.296967,0,2008-11-04 00:09:53
116.296979,0,2008-11-04 00:09:58
116.296945,0,2008-11-04 00:10:03
116.296929,0,2008-11-04 00:10:08
116.296844,0,2008-11-04 00:10:13
116.296796,0,2008-11-04 00:10:18
116.296752,0,2008-11-04 00:10:23
116.296739,0,2008-11-04 00:10:28
116.296705,0,2008-11-04 00:10:33
116.296694,0,2008-11-04 00:10:38
116.296638,0,2008-11-04 00:10:43
116.296592,0,2008-11-04 00:10:48
116.296547,0,2008-11-04 00:10:53
116.296518,0,2008-11-04 00:10:58
116.296478,0,2008-11-04 00:11:03
116.296459,0,2008-11-04 00:11:08
116.296451,0,2008-11-04 00:11:13
116.296469,0,2008-11-04 00:11:18
116.296461,0,2008-11-04 00:11:23
116.296461,0,2008-11-04 00:11:26
116.296462,0,2008-11-04 00:11:28
116.296458,0,2008-11-04 00:11:33
116.296488,0,2008-11-04 00:11:38
116.296582,0,2008-11-04 00:11:43
116.296608,0,2008-11-04 00:11:48
116.296639,0,2008-11-04 00:11:53
116.296709,0,2008-11-04 00:11:58
116.296759,0,2008-11-04 00:12:03
116.296767,0,2008-11-04 00:12:08
116.296767,0,2008-11-04 00:12:11
116.296763,0,2008-11-04 00:12:13
116.296798,0,2008-11-04 00:12:18
116.29682,0,2008-11-04 00:12:23
116.296819,0,2008-11-04 00:12:28
116.296831,0,2008-11-04 00:12:33
116.296827,0,2008-11-04 00:12:38
116.296825,0,2008-11-04 00:12:43
116.296823,0,2008-11-04 00:12:48
116.296823,0,2008-11-04 00:12:51
116.296819,0,2008-11-04 00:12:53
116.296827,0,2008-11-04 00:12:58
116.296827,0,2008-11-04 00:13:03
116.296827,0,2008-11-04 00:13:06
116.296821,0,2008-11-04 00:13:08
116.296812,0,2008-11-04 00:13:13
116.296818,0,2008-11-04 00:13:18
116.296833,0,2008-11-04 00:13:23
116.296849,0,2008-11-04 00:13:28
116.296876,0,2008-11-04 00:13:33
116.296901,0,2008-11-04 00:13:38
116.296933,0,2008-11-04 00:13:43
116.2969,0,2008-11-04 00:13:48
116.296909,0,2008-11-04 00:13:53
116.29686,0,2008-11-04 00:13:58
116.296847,0,2008-11-04 00:14:03
116.296881,0,2008-11-04 00:14:08
116.296897,0,2008-11-04 00:14:13
116.296906,0,2008-11-04 00:14:18
116.296925,0,2008-11-04 00:14:23
116.29694,0,2008-11-04 00:14:28
116.296951,0,2008-11-04 00:14:33
116.296954,0,2008-11-04 00:14:38
116.296955,0,2008-11-04 00:14:43
116.296966,0,2008-11-04 00:14:48
116.296976,0,2008-11-04 00:14:53
116.297025,0,2008-11-04 00:14:58
116.29708,0,2008-11-04 00:15:03
116.297156,0,2008-11-04 00:15:08
116.296968,0,2008-11-04 00:15:48
116.297014,0,2008-11-04 00:15:53
116.296927,0,2008-11-04 00:15:58
116.296875,0,2008-11-04 00:16:03
116.296866,0,2008-11-04 00:16:08
116.296859,0,2008-11-04 00:16:13
116.296866,0,2008-11-04 00:16:18
116.296878,0,2008-11-04 00:16:23
116.296904,0,2008-11-04 00:16:28
116.296898,0,2008-11-04 00:16:33
116.296889,0,2008-11-04 00:16:38
116.296915,0,2008-11-04 00:16:43
116.296971,0,2008-11-04 00:16:48
116.297045,0,2008-11-04 00:16:53
116.297096,0,2008-11-04 00:16:58
116.297156,0,2008-11-04 00:17:03
116.297212,0,2008-11-04 00:17:08
116.297228,0,2008-11-04 00:17:13
116.297242,0,2008-11-04 00:17:18
116.297255,0,2008-11-04 00:17:23
116.297255,0,2008-11-04 00:17:26
116.297263,0,2008-11-04 00:17:28
116.297273,0,2008-11-04 00:17:33
116.297273,0,2008-11-04 00:17:36
116.297281,0,2008-11-04 00:17:38
116.297309,0,2008-11-04 00:17:43
116.297319,0,2008-11-04 00:17:48
116.29734,0,2008-11-04 00:17:53
116.297268,0,2008-11-04 00:17:58
116.297011,0,2008-11-04 00:18:03
116.296928,0,2008-11-04 00:18:08
116.296886,0,2008-11-04 00:18:13
116.296844,0,2008-11-04 00:18:18
116.296827,0,2008-11-04 00:18:23
116.296838,0,2008-11-04 00:18:28
116.296839,0,2008-11-04 00:18:33
116.296839,0,2008-11-04 00:18:36
116.296841,0,2008-11-04 00:18:38
116.296848,0,2008-11-04 00:18:43
116.296854,0,2008-11-04 00:18:48
116.296852,0,2008-11-04 00:18:53
116.296844,0,2008-11-04 00:18:58
116.296844,0,2008-11-04 00:19:01
116.296839,0,2008-11-04 00:19:03
116.296822,0,2008-11-04 00:19:08
116.296798,0,2008-11-04 00:19:13
116.296767,0,2008-11-04 00:19:18
116.296489,0,2008-11-04 00:23:08
116.296411,0,2008-11-04 00:23:13
116.296351,0,2008-11-04 00:23:18
116.296315,0,2008-11-04 00:23:23
116.296331,0,2008-11-04 00:23:28
116.296378,0,2008-11-04 00:23:33
116.296476,0,2008-11-04 00:23:38
116.296612,0,2008-11-04 00:23:43
116.296776,0,2008-11-04 00:23:48
116.296867,0,2008-11-04 00:23:53
116.296904,0,2008-11-04 00:23:58
116.296854,0,2008-11-04 00:24:03
116.296859,0,2008-11-04 00:24:08
116.296548,0,2008-11-04 00:24:13
116.296412,0,2008-11-04 00:24:18
116.296403,0,2008-11-04 00:24:23
116.296521,0,2008-11-04 00:24:28
116.296597,0,2008-11-04 00:24:33
116.29666,0,2008-11-04 00:24:38
116.296704,0,2008-11-04 00:24:43
116.296737,0,2008-11-04 00:24:48
116.296696,0,2008-11-04 00:24:53
116.296696,0,2008-11-04 00:24:58
116.296725,0,2008-11-04 00:25:03
116.296729,0,2008-11-04 00:25:08
116.296749,0,2008-11-04 00:25:13
116.296768,0,2008-11-04 00:25:18
116.296797,0,2008-11-04 00:25:23
116.29682,0,2008-11-04 00:25:28
116.29682,0,2008-11-04 00:25:33
116.296797,0,2008-11-04 00:25:38
116.296764,0,2008-11-04 00:25:43
116.29676,0,2008-11-04 00:25:48
116.296763,0,2008-11-04 00:25:53
116.296764,0,2008-11-04 00:25:58
116.296763,0,2008-11-04 00:26:03
116.296763,0,2008-11-04 00:26:06
116.296766,0,2008-11-04 00:26:08
116.296762,0,2008-11-04 00:26:13
116.296769,0,2008-11-04 00:26:18
116.296769,0,2008-11-04 00:26:21
116.296774,0,2008-11-04 00:26:23
116.296775,0,2008-11-04 00:26:28
116.296748,0,2008-11-04 00:26:33
116.296719,0,2008-11-04 00:26:38
116.296733,0,2008-11-04 00:26:43
116.296745,0,2008-11-04 00:26:48
116.296759,0,2008-11-04 00:26:53
116.296754,0,2008-11-04 00:26:58
116.296761,0,2008-11-04 00:27:03
116.296772,0,2008-11-04 00:27:08
116.296768,0,2008-11-04 00:27:13
116.296768,0,2008-11-04 00:27:16
116.296817,0,2008-11-04 00:52:33
116.296825,0,2008-11-04 00:52:38
116.296802,0,2008-11-04 00:52:43
116.296781,0,2008-11-04 00:52:48
116.296779,0,2008-11-04 00:52:53
116.296779,0,2008-11-04 00:52:56
116.29678,0,2008-11-04 00:52:58
116.296786,0,2008-11-04 00:53:03
116.296824,0,2008-11-04 00:53:08
116.296811,0,2008-11-04 00:53:13
116.296802,0,2008-11-04 00:53:18
116.296778,0,2008-11-04 00:53:23
116.296775,0,2008-11-04 00:53:28
116.296783,0,2008-11-04 00:53:33
116.296783,0,2008-11-04 00:53:36
116.296785,0,2008-11-04 00:53:38
116.296796,0,2008-11-04 00:53:43
116.29681,0,2008-11-04 00:53:48
116.296808,0,2008-11-04 00:53:53
116.296838,0,2008-11-04 00:53:58
116.29686,0,2008-11-04 00:54:03
116.296821,0,2008-11-04 00:54:08
116.296801,0,2008-11-04 00:54:13
116.296781,0,2008-11-04 00:54:18
116.296789,0,2008-11-04 00:54:23
116.296789,0,2008-11-04 00:54:26
116.296795,0,2008-11-04 00:54:28
116.296804,0,2008-11-04 00:54:33
116.296804,0,2008-11-04 00:54:36
116.296796,0,2008-11-04 00:54:38
116.296748,0,2008-11-04 00:54:43
116.296686,0,2008-11-04 00:54:48
116.29668,0,2008-11-04 00:54:53
116.296687,0,2008-11-04 00:54:58
116.2967,0,2008-11-04 00:55:03
116.296726,0,2008-11-04 00:55:08
116.296755,0,2008-11-04 00:55:13
116.296733,0,2008-11-04 00:55:18
116.296775,0,2008-11-04 00:55:23
116.2968,0,2008-11-04 00:55:28
116.296821,0,2008-11-04 00:55:33
116.296845,0,2008-11-04 00:55:38
116.296862,0,2008-11-04 00:55:43
116.296862,0,2008-11-04 00:55:46
116.296869,0,2008-11-04 00:55:48
116.29688,0,2008-11-04 00:55:53
116.29689,0,2008-11-04 00:55:58
116.29689,0,2008-11-04 00:56:01
116.296895,0,2008-11-04 00:56:03
116.296866,0,2008-11-04 00:56:08
116.296793,0,2008-11-04 00:56:13
116.296804,0,2008-11-04 00:56:18
116.296814,0,2008-11-04 00:56:23
116.29685,0,2008-11-04 00:56:28
116.29685,0,2008-11-04 00:56:31
116.296853,0,2008-11-04 00:56:33
116.296881,0,2008-11-04 00:56:38
116.296887,0,2008-11-04 00:56:43
116.29688,0,2008-11-04 00:56:48
116.29688,0,2008-11-04 00:56:51
116.296884,0,2008-11-04 00:56:53
116.296888,0,2008-11-04 00:56:58
116.296897,0,2008-11-04 00:57:03
116.296888,0,2008-11-04 00:57:08
116.296879,0,2008-11-04 00:57:13
116.296878,0,2008-11-04 00:57:18
116.296878,0,2008-11-04 00:57:21
116.29688,0,2008-11-04 00:57:23
116.296884,0,2008-11-04 00:57:28
116.296879,0,2008-11-04 00:57:33
116.296879,0,2008-11-04 00:57:36
116.296884,0,2008-11-04 00:57:38
116.296897,0,2008-11-04 00:57:43
116.296883,0,2008-11-04 00:57:48
116.296861,0,2008-11-04 00:57:53
116.296838,0,2008-11-04 00:57:58
116.296824,0,2008-11-04 00:58:03
116.296846,0,2008-11-04 00:58:08
116.296872,0,2008-11-04 00:58:13
116.296866,0,2008-11-04 00:58:18
116.296859,0,2008-11-04 00:58:23
116.296869,0,2008-11-04 00:58:28
116.296881,0,2008-11-04 00:58:33
116.296894,0,2008-11-04 00:58:38
116.296872,0,2008-11-04 00:58:43
116.296863,0,2008-11-04 00:58:48
116.296862,0,2008-11-04 00:58:53
116.296862,0,2008-11-04 00:58:56
116.296868,0,2008-11-04 00:58:58
116.296883,0,2008-11-04 00:59:03
116.29689,0,2008-11-04 00:59:08
116.296892,0,2008-11-04 00:59:13
116.296926,0,2008-11-04 00:59:18
116.296953,0,2008-11-04 00:59:23
116.296959,0,2008-11-04 00:59:28
116.296963,0,2008-11-04 00:59:33
116.296964,0,2008-11-04 00:59:38
116.296984,0,2008-11-04 00:59:43
116.296977,0,2008-11-04 00:59:48
116.296975,0,2008-11-04 00:59:53
116.296937,0,2008-11-04 00:59:58
116.296897,0,2008-11-04 01:00:03
116.296874,0,2008-11-04 01:00:08
116.296884,0,2008-11-04 01:00:13
116.296882,0,2008-11-04 01:00:18
116.296895,0,2008-11-04 01:00:23
116.296928,0,2008-11-04 01:00:28
116.296933,0,2008-11-04 01:00:33
116.296954,0,2008-11-04 01:00:38
116.29697,0,2008-11-04 01:00:43
116.29698,0,2008-11-04 01:00:48
116.296969,0,2008-11-04 01:00:53
116.296983,0,2008-11-04 01:00:58
116.296963,0,2008-11-04 01:01:03
116.296967,0,2008-11-04 01:01:08
116.296975,0,2008-11-04 01:01:13
116.29696,0,2008-11-04 01:01:18
116.296978,0,2008-11-04 01:01:23
116.29699,0,2008-11-04 01:01:28
116.297021,0,2008-11-04 01:01:33
116.296967,0,2008-11-04 01:01:38
116.296893,0,2008-11-04 01:01:43
116.296888,0,2008-11-04 01:01:48
116.296888,0,2008-11-04 01:01:51
116.296896,0,2008-11-04 01:01:53
116.296908,0,2008-11-04 01:01:58
116.296919,0,2008-11-04 01:02:03
116.296931,0,2008-11-04 01:02:08
116.296958,0,2008-11-04 01:02:13
116.296956,0,2008-11-04 01:02:18
116.296956,0,2008-11-04 01:02:21
116.296963,0,2008-11-04 01:02:23
116.296973,0,2008-11-04 01:02:28
116.296973,0,2008-11-04 01:02:31
116.296971,0,2008-11-04 01:02:33
116.296977,0,2008-11-04 01:02:38
116.296977,0,2008-11-04 01:02:43
116.296986,0,2008-11-04 01:02:48
116.296977,0,2008-11-04 01:02:53
116.296982,0,2008-11-04 01:02:58
116.296962,0,2008-11-04 01:03:03
116.296971,0,2008-11-04 01:03:08
116.297017,0,2008-11-04 01:03:13
116.297039,0,2008-11-04 01:03:18
116.297048,0,2008-11-04 01:03:23
116.297064,0,2008-11-04 01:03:28
116.297105,0,2008-11-04 01:03:33
116.297145,0,2008-11-04 01:03:38
116.297134,0,2008-11-04 01:03:43
116.297143,0,2008-11-04 01:03:48
116.297119,0,2008-11-04 01:03:53
116.297117,0,2008-11-04 01:03:58
116.297124,0,2008-11-04 01:04:03
116.297114,0,2008-11-04 01:04:08
116.297099,0,2008-11-04 01:04:13
116.297104,0,2008-11-04 01:04:18
116.297138,0,2008-11-04 01:04:23
116.297124,0,2008-11-04 01:04:28
116.297144,0,2008-11-04 01:04:33
116.297163,0,2008-11-04 01:04:38
116.297163,0,2008-11-04 01:04:41
116.297156,0,2008-11-04 01:04:43
116.297144,0,2008-11-04 01:04:48
116.297146,0,2008-11-04 01:04:53
116.297146,0,2008-11-04 01:04:56
116.297146,0,2008-11-04 01:04:58
116.297142,0,2008-11-04 01:05:03
116.297148,0,2008-11-04 01:05:08
116.297141,0,2008-11-04 01:05:13
116.297117,0,2008-11-04 01:05:18
116.297092,0,2008-11-04 01:05:23
116.29707,0,2008-11-04 01:05:28
116.297057,0,2008-11-04 01:05:33
116.297028,0,2008-11-04 01:05:38
116.29702,0,2008-11-04 01:05:43
116.29702,0,2008-11-04 01:05:46
116.297015,0,2008-11-04 01:05:48
116.29701,0,2008-11-04 01:05:53
116.297004,0,2008-11-04 01:05:58
116.297004,0,2008-11-04 01:06:01
116.297001,0,2008-11-04 01:06:03
116.297015,0,2008-11-04 01:06:08
116.297028,0,2008-11-04 01:06:13
116.297054,0,2008-11-04 01:06:18
116.297065,0,2008-11-04 01:06:23
116.297067,0,2008-11-04 01:06:28
116.297061,0,2008-11-04 01:06:33
116.297061,0,2008-11-04 01:06:36
116.297058,0,2008-11-04 01:06:38
116.297041,0,2008-11-04 01:06:43
116.29703,0,2008-11-04 01:06:48
116.297029,0,2008-11-04 01:06:53
116.297054,0,2008-11-04 01:06:58
116.29706,0,2008-11-04 01:07:03
116.297056,0,2008-11-04 01:07:08
116.297067,0,2008-11-04 01:07:13
116.297066,0,2008-11-04 01:07:18
116.297062,0,2008-11-04 01:07:23
116.29705,0,2008-11-04 01:07:28
116.297043,0,2008-11-04 01:07:33
116.297023,0,2008-11-04 01:07:38
116.297016,0,2008-11-04 01:07:43
116.297004,0,2008-11-04 01:07:48
116.296975,0,2008-11-04 01:07:53
116.296958,0,2008-11-04 01:07:58
116.296948,0,2008-11-04 01:08:03
116.296927,0,2008-11-04 01:08:08
116.296916,0,2008-11-04 01:08:13
116.296928,0,2008-11-04 01:08:18
116.296939,0,2008-11-04 01:08:23
116.296926,0,2008-11-04 01:08:28
116.296923,0,2008-11-04 01:08:33
116.296913,0,2008-11-04 01:08:38
116.29689,0,2008-11-04 01:08:43
116.296842,0,2008-11-04 01:08:48
116.296813,0,2008-11-04 01:08:53
116.296823,0,2008-11-04 01:08:58
116.296846,0,2008-11-04 01:09:03
116.29686,0,2008-11-04 01:09:08
116.296836,0,2008-11-04 01:09:13
116.296836,0,2008-11-04 01:09:16
116.296843,0,2008-11-04 01:09:18
116.296818,0,2008-11-04 01:09:23
116.296827,0,2008-11-04 01:09:28
116.296829,0,2008-11-04 01:09:33
116.296829,0,2008-11-04 01:09:36
116.296836,0,2008-11-04 01:09:38
116.296845,0,2008-11-04 01:09:43
116.296851,0,2008-11-04 01:09:48
116.296858,0,2008-11-04 01:09:53
116.296858,0,2008-11-04 01:09:56
116.296865,0,2008-11-04 01:09:58
116.296884,0,2008-11-04 01:10:03
116.296884,0,2008-11-04 01:10:06
116.296887,0,2008-11-04 01:10:08
116.296875,0,2008-11-04 01:10:13
116.296857,0,2008-11-04 01:10:18
116.296847,0,2008-11-04 01:10:23
116.296826,0,2008-11-04 01:10:28
116.296849,0,2008-11-04 01:10:33
116.29687,0,2008-11-04 01:10:38
116.296912,0,2008-11-04 01:10:43
116.296912,0,2008-11-04 01:10:46
116.296914,0,2008-11-04 01:10:48
116.296936,0,2008-11-04 01:10:53
116.296921,0,2008-11-04 01:10:58
116.296946,0,2008-11-04 01:11:03
116.296963,0,2008-11-04 01:11:08
116.29701,0,2008-11-04 01:11:13
116.297059,0,2008-11-04 01:11:18
116.297102,0,2008-11-04 01:11:23
116.29714,0,2008-11-04 01:11:28
116.297183,0,2008-11-04 01:11:33
116.297217,0,2008-11-04 01:11:38
116.297228,0,2008-11-04 01:11:43
116.297242,0,2008-11-04 01:11:48
116.297267,0,2008-11-04 01:11:53
116.2973,0,2008-11-04 01:11:58
116.297319,0,2008-11-04 01:12:03
116.297334,0,2008-11-04 01:12:08
116.297321,0,2008-11-04 01:12:13
116.29731,0,2008-11-04 01:12:18
116.297308,0,2008-11-04 01:12:23
116.297275,0,2008-11-04 01:12:28
116.297258,0,2008-11-04 01:12:33
116.29725,0,2008-11-04 01:12:38
116.297219,0,2008-11-04 01:12:43
116.297194,0,2008-11-04 01:12:48
116.297194,0,2008-11-04 01:12:53
116.297186,0,2008-11-04 01:12:58
116.297165,0,2008-11-04 01:13:03
116.29718,0,2008-11-04 01:13:08
116.297171,0,2008-11-04 01:13:13
116.297155,0,2008-11-04 01:13:18
116.297137,0,2008-11-04 01:13:23
116.297083,0,2008-11-04 01:13:28
116.297046,0,2008-11-04 01:13:33
116.297048,0,2008-11-04 01:13:38
116.297032,0,2008-11-04 01:13:43
116.297017,0,2008-11-04 01:13:48
116.296995,0,2008-11-04 01:13:53
116.296981,0,2008-11-04 01:13:58
116.29695,0,2008-11-04 01:14:03
116.296932,0,2008-11-04 01:14:08
116.296894,0,2008-11-04 01:14:13
116.296885,0,2008-11-04 01:14:18
116.296875,0,2008-11-04 01:14:23
116.296847,0,2008-11-04 01:14:28
116.296828,0,2008-11-04 01:14:33
116.296805,0,2008-11-04 01:14:38
116.296803,0,2008-11-04 01:14:43
116.296782,0,2008-11-04 01:14:48
116.296792,0,2008-11-04 01:14:53
116.296749,0,2008-11-04 01:14:58
116.296722,0,2008-11-04 01:15:03
116.296697,0,2008-11-04 01:15:08
116.29668,0,2008-11-04 01:15:13
116.296675,0,2008-11-04 01:15:18
116.296674,0,2008-11-04 01:15:23
116.29666,0,2008-11-04 01:15:28
116.296669,0,2008-11-04 01:15:33
116.296654,0,2008-11-04 01:15:38
116.296643,0,2008-11-04 01:15:43
116.296631,0,2008-11-04 01:15:48
116.296623,0,2008-11-04 01:15:53
116.296624,0,2008-11-04 01:15:58
116.296638,0,2008-11-04 01:16:03
116.296655,0,2008-11-04 01:16:08
116.296657,0,2008-11-04 01:16:13
116.29665,0,2008-11-04 01:16:18
116.296636,0,2008-11-04 01:16:23
116.296642,0,2008-11-04 01:16:28
116.296655,0,2008-11-04 01:16:33
116.296669,0,2008-11-04 01:16:38
116.29668,0,2008-11-04 01:16:43
116.29668,0,2008-11-04 01:16:48
116.296681,0,2008-11-04 01:16:53
116.296668,0,2008-11-04 01:16:58
116.296618,0,2008-11-04 01:17:03
116.296628,0,2008-11-04 01:17:08
116.296697,0,2008-11-04 01:17:13
116.296711,0,2008-11-04 01:17:18
116.296707,0,2008-11-04 01:17:23
116.296695,0,2008-11-04 01:17:28
116.296695,0,2008-11-04 01:17:33
116.296694,0,2008-11-04 01:17:38
116.296694,0,2008-11-04 01:17:43
116.296711,0,2008-11-04 01:17:48
116.296731,0,2008-11-04 01:17:53
116.296768,0,2008-11-04 01:17:58
116.296758,0,2008-11-04 01:18:03
116.296722,0,2008-11-04 01:18:08
116.296707,0,2008-11-04 01:18:13
116.2967,0,2008-11-04 01:18:18
116.296726,0,2008-11-04 01:18:23
116.296775,0,2008-11-04 01:18:28
116.296812,0,2008-11-04 01:18:33
116.296855,0,2008-11-04 01:18:38
116.296909,0,2008-11-04 01:18:43
116.296923,0,2008-11-04 01:18:48
116.296954,0,2008-11-04 01:18:53
116.296942,0,2008-11-04 01:18:58
116.296966,0,2008-11-04 01:19:03
116.296984,0,2008-11-04 01:19:08
116.297018,0,2008-11-04 01:19:13
116.297022,0,2008-11-04 01:19:18
116.297034,0,2008-11-04 01:19:23
116.297063,0,2008-11-04 01:19:28
116.297095,0,2008-11-04 01:19:33
116.297122,0,2008-11-04 01:19:38
116.297139,0,2008-11-04 01:19:43
116.297148,0,2008-11-04 01:19:48
116.29719,0,2008-11-04 01:19:53
116.2972,0,2008-11-04 01:19:58
116.297224,0,2008-11-04 01:20:03
116.297259,0,2008-11-04 01:20:08
116.297273,0,2008-11-04 01:20:13
116.297267,0,2008-11-04 01:20:18
116.297243,0,2008-11-04 01:20:23
116.297255,0,2008-11-04 01:20:28
116.297278,0,2008-11-04 01:20:33
116.297301,0,2008-11-04 01:20:38
116.297297,0,2008-11-04 01:20:43
116.297293,0,2008-11-04 01:20:48
116.297293,0,2008-11-04 01:20:51
116.297294,0,2008-11-04 01:20:53
116.2973,0,2008-11-04 01:20:58
116.2972,0,2008-11-04 01:27:28
116.297198,0,2008-11-04 01:27:33
116.297198,0,2008-11-04 01:27:38
116.297192,0,2008-11-04 01:27:43
116.297175,0,2008-11-04 01:27:48
116.29719,0,2008-11-04 01:27:53
116.297206,0,2008-11-04 01:27:58
116.297209,0,2008-11-04 01:28:03
116.297236,0,2008-11-04 01:28:08
116.297246,0,2008-11-04 01:28:13
116.297254,0,2008-11-04 01:28:18
116.297236,0,2008-11-04 01:28:23
116.297205,0,2008-11-04 01:28:28
116.297182,0,2008-11-04 01:28:33
116.29715,0,2008-11-04 01:28:38
116.297137,0,2008-11-04 01:28:43
116.2971,0,2008-11-04 01:28:48
116.297053,0,2008-11-04 01:28:53
116.297014,0,2008-11-04 01:28:58
116.296998,0,2008-11-04 01:29:03
116.296937,0,2008-11-04 01:29:08
116.296884,0,2008-11-04 01:29:13
116.296847,0,2008-11-04 01:29:18
116.296813,0,2008-11-04 01:29:23
116.296757,0,2008-11-04 01:29:28
116.296737,0,2008-11-04 01:29:33
116.296713,0,2008-11-04 01:29:38
116.296654,0,2008-11-04 01:29:43
116.296608,0,2008-11-04 01:29:48
116.296591,0,2008-11-04 01:29:53
116.296591,0,2008-11-04 01:29:58
116.296596,0,2008-11-04 01:30:03
116.296596,0,2008-11-04 01:30:08
116.296588,0,2008-11-04 01:30:13
116.296569,0,2008-11-04 01:30:18
116.296567,0,2008-11-04 01:30:23
116.296577,0,2008-11-04 01:30:28
116.296552,0,2008-11-04 01:30:33
116.296532,0,2008-11-04 01:30:38
116.296505,0,2008-11-04 01:30:43
116.29647,0,2008-11-04 01:30:48
116.29647,0,2008-11-04 01:30:53
116.296456,0,2008-11-04 01:30:58
116.29645,0,2008-11-04 01:31:03
116.296455,0,2008-11-04 01:31:08
116.296463,0,2008-11-04 01:31:13
116.296465,0,2008-11-04 01:31:18
116.296437,0,2008-11-04 01:31:23
116.296434,0,2008-11-04 01:31:28
116.29642,0,2008-11-04 01:31:33
116.296373,0,2008-11-04 01:31:38
116.296334,0,2008-11-04 01:31:43
116.296305,0,2008-11-04 01:31:48
116.296248,0,2008-11-04 01:31:53
116.2962,0,2008-11-04 01:31:58
116.296166,0,2008-11-04 01:32:03
116.296154,0,2008-11-04 01:32:08
116.296162,0,2008-11-04 01:32:13
116.296177,0,2008-11-04 01:32:18
116.296195,0,2008-11-04 01:32:23
116.296207,0,2008-11-04 01:32:28
116.296223,0,2008-11-04 01:32:33
116.296223,0,2008-11-04 01:32:36
116.296223,0,2008-11-04 01:32:38
116.296235,0,2008-11-04 01:32:43
116.296243,0,2008-11-04 01:32:48
116.296233,0,2008-11-04 01:32:53
116.296223,0,2008-11-04 01:32:58
116.296269,0,2008-11-04 01:33:03
116.296248,0,2008-11-04 01:33:08
116.296236,0,2008-11-04 01:33:13
116.296229,0,2008-11-04 01:33:18
116.296232,0,2008-11-04 01:33:23
116.29624,0,2008-11-04 01:33:28
116.296222,0,2008-11-04 01:33:33
116.296188,0,2008-11-04 01:33:38
116.296167,0,2008-11-04 01:33:43
116.296158,0,2008-11-04 01:33:48
116.296161,0,2008-11-04 01:33:53
116.296147,0,2008-11-04 01:33:58
116.296141,0,2008-11-04 01:34:03
116.296135,0,2008-11-04 01:34:08
116.29615,0,2008-11-04 01:34:13
116.296149,0,2008-11-04 01:34:18
116.296144,0,2008-11-04 01:34:23
116.296114,0,2008-11-04 01:34:28
116.296102,0,2008-11-04 01:34:33
116.296086,0,2008-11-04 01:34:38
116.296071,0,2008-11-04 01:34:43
116.296074,0,2008-11-04 01:34:48
116.296054,0,2008-11-04 01:34:53
116.296045,0,2008-11-04 01:34:58
116.296062,0,2008-11-04 01:35:03
116.296062,0,2008-11-04 01:35:08
116.296045,0,2008-11-04 01:35:13
116.296013,0,2008-11-04 01:35:18
116.295976,0,2008-11-04 01:35:23
116.295962,0,2008-11-04 01:35:28
116.295956,0,2008-11-04 01:35:33
116.295925,0,2008-11-04 01:35:38
116.2959,0,2008-11-04 01:35:43
116.295892,0,2008-11-04 01:35:48
116.295889,0,2008-11-04 01:35:53
116.295889,0,2008-11-04 01:35:56
116.295886,0,2008-11-04 01:35:58
116.295861,0,2008-11-04 01:36:03
116.295864,0,2008-11-04 01:36:08
116.295866,0,2008-11-04 01:36:13
116.29588,0,2008-11-04 01:36:18
116.295877,0,2008-11-04 01:36:23
116.295877,0,2008-11-04 01:36:26
116.295869,0,2008-11-04 01:36:28
116.295856,0,2008-11-04 01:36:33
116.295856,0,2008-11-04 01:36:36
116.295848,0,2008-11-04 01:36:38
116.295836,0,2008-11-04 01:36:43
116.295836,0,2008-11-04 01:36:46
116.295834,0,2008-11-04 01:36:48
116.295829,0,2008-11-04 01:36:53
116.295837,0,2008-11-04 01:36:58
116.295816,0,2008-11-04 01:37:03
116.295786,0,2008-11-04 01:37:08
116.295781,0,2008-11-04 01:37:13
116.295766,0,2008-11-04 01:37:18
116.295765,0,2008-11-04 01:37:23
116.295751,0,2008-11-04 01:37:28
116.295742,0,2008-11-04 01:37:33
116.295744,0,2008-11-04 01:37:38
116.295733,0,2008-11-04 01:37:43
116.295728,0,2008-11-04 01:37:48
116.295716,0,2008-11-04 01:37:53
116.2957,0,2008-11-04 01:37:58
116.2957,0,2008-11-04 01:38:03
116.295703,0,2008-11-04 01:38:08
116.295692,0,2008-11-04 01:38:13
116.295708,0,2008-11-04 01:38:18
116.295713,0,2008-11-04 01:38:23
116.295723,0,2008-11-04 01:38:28
116.295723,0,2008-11-04 01:38:31
116.295719,0,2008-11-04 01:38:33
116.295724,0,2008-11-04 01:38:38
116.295719,0,2008-11-04 01:38:43
116.295727,0,2008-11-04 01:38:48
116.295714,0,2008-11-04 01:38:53
116.295714,0,2008-11-04 01:38:58
116.295742,0,2008-11-04 01:39:03
116.295762,0,2008-11-04 01:39:08
116.295827,0,2008-11-04 01:39:13
116.295892,0,2008-11-04 01:39:18
116.295906,0,2008-11-04 01:39:23
116.296248,0,2008-11-04 01:42:43
116.296283,0,2008-11-04 01:42:48
116.296299,0,2008-11-04 01:42:53
116.296308,0,2008-11-04 01:42:58
116.29633,0,2008-11-04 01:43:03
116.296324,0,2008-11-04 01:43:08
116.29632,0,2008-11-04 01:43:13
116.296315,0,2008-11-04 01:43:18
116.296275,0,2008-11-04 01:43:23
116.296229,0,2008-11-04 01:43:28
116.296182,0,2008-11-04 01:43:33
116.296146,0,2008-11-04 01:43:38
116.296123,0,2008-11-04 01:43:43
116.29611,0,2008-11-04 01:43:48
116.296095,0,2008-11-04 01:43:53
116.296106,0,2008-11-04 01:43:58
116.296098,0,2008-11-04 01:44:03
116.296102,0,2008-11-04 01:44:08
116.296091,0,2008-11-04 01:44:13
116.296073,0,2008-11-04 01:44:18
116.296056,0,2008-11-04 01:44:23
116.296056,0,2008-11-04 01:44:26
116.29605,0,2008-11-04 01:44:28
116.29603,0,2008-11-04 01:44:33
116.296003,0,2008-11-04 01:44:38
116.295963,0,2008-11-04 01:44:43
116.295949,0,2008-11-04 01:44:48
116.295961,0,2008-11-04 01:44:53
116.29594,0,2008-11-04 01:44:58
116.295945,0,2008-11-04 01:45:03
116.295945,0,2008-11-04 01:45:06
116.29595,0,2008-11-04 01:45:08
116.295936,0,2008-11-04 01:45:13
116.295899,0,2008-11-04 01:45:18
116.295897,0,2008-11-04 01:45:23
116.295866,0,2008-11-04 01:45:28
116.295866,0,2008-11-04 01:45:31
116.295862,0,2008-11-04 01:45:33
116.295846,0,2008-11-04 01:45:38
116.295772,0,2008-11-04 01:45:43
116.295767,0,2008-11-04 01:45:48
116.295829,0,2008-11-04 01:45:53
116.295829,0,2008-11-04 01:45:56
116.29583,0,2008-11-04 01:45:58
116.295847,0,2008-11-04 01:46:03
116.295892,0,2008-11-04 01:46:08
116.295898,0,2008-11-04 01:46:13
116.295898,0,2008-11-04 01:46:16
116.2959,0,2008-11-04 01:46:18
116.295891,0,2008-11-04 01:46:23
116.295879,0,2008-11-04 01:46:28
116.295878,0,2008-11-04 01:46:33
116.295878,0,2008-11-04 01:46:36
116.295883,0,2008-11-04 01:46:38
116.295907,0,2008-11-04 01:46:43
116.295914,0,2008-11-04 01:46:48
116.295891,0,2008-11-04 01:46:53
116.295904,0,2008-11-04 01:46:58
116.295894,0,2008-11-04 01:47:03
116.295886,0,2008-11-04 01:47:08
116.295886,0,2008-11-04 01:47:11
116.295883,0,2008-11-04 01:47:13
116.295881,0,2008-11-04 01:47:18
116.295884,0,2008-11-04 01:47:23
116.295882,0,2008-11-04 01:47:28
116.29588,0,2008-11-04 01:47:33
116.29588,0,2008-11-04 01:47:36
116.295873,0,2008-11-04 01:47:38
116.295885,0,2008-11-04 01:47:43
116.295902,0,2008-11-04 01:47:48
116.295902,0,2008-11-04 01:47:51
116.295901,0,2008-11-04 01:47:53
116.295892,0,2008-11-04 01:47:58
116.295882,0,2008-11-04 01:48:03
116.295882,0,2008-11-04 01:48:06
116.295878,0,2008-11-04 01:48:08
116.295882,0,2008-11-04 01:48:13
116.295902,0,2008-11-04 01:48:18
116.295908,0,2008-11-04 01:48:23
116.295901,0,2008-11-04 01:48:28
116.295902,0,2008-11-04 01:48:33
116.295898,0,2008-11-04 01:48:38
116.295904,0,2008-11-04 01:48:43
116.295904,0,2008-11-04 01:48:46
116.295911,0,2008-11-04 01:48:48
116.295902,0,2008-11-04 01:48:53
116.29589,0,2008-11-04 01:48:58
116.295895,0,2008-11-04 01:49:03
116.295893,0,2008-11-04 01:49:08
116.295864,0,2008-11-04 01:49:13
116.295854,0,2008-11-04 01:49:18
116.295854,0,2008-11-04 01:49:23
116.29587,0,2008-11-04 01:49:28
116.295872,0,2008-11-04 01:49:33
116.295889,0,2008-11-04 01:49:38
116.295873,0,2008-11-04 01:49:43
116.295863,0,2008-11-04 01:49:48
116.295863,0,2008-11-04 01:49:51
116.295857,0,2008-11-04 01:49:53
116.295853,0,2008-11-04 01:49:58
116.295856,0,2008-11-04 01:50:03
116.295853,0,2008-11-04 01:50:08
116.295854,0,2008-11-04 01:50:13
116.29587,0,2008-11-04 01:50:18
116.295797,0,2008-11-04 01:53:18
116.295791,0,2008-11-04 01:53:23
116.295778,0,2008-11-04 01:53:28
116.295802,0,2008-11-04 01:53:33
116.295822,0,2008-11-04 01:53:38
116.295863,0,2008-11-04 01:53:43
116.295923,0,2008-11-04 01:53:48
116.295983,0,2008-11-04 01:53:53
116.296043,0,2008-11-04 01:53:58
116.296129,0,2008-11-04 01:54:03
116.2962,0,2008-11-04 01:54:08
116.296269,0,2008-11-04 01:54:13
116.296334,0,2008-11-04 01:54:18
116.296412,0,2008-11-04 01:54:23
116.296456,0,2008-11-04 01:54:28
116.296499,0,2008-11-04 01:54:33
116.296569,0,2008-11-04 01:54:38
116.296616,0,2008-11-04 01:54:43
116.296681,0,2008-11-04 01:54:48
116.296761,0,2008-11-04 01:54:53
116.296811,0,2008-11-04 01:54:58
116.296854,0,2008-11-04 01:55:03
116.296925,0,2008-11-04 01:55:08
116.296956,0,2008-11-04 01:55:13
116.296963,0,2008-11-04 01:55:18
116.296977,0,2008-11-04 01:55:23
116.296999,0,2008-11-04 01:55:28
116.297002,0,2008-11-04 01:55:33
116.297023,0,2008-11-04 01:55:38
116.297028,0,2008-11-04 01:55:43
116.296992,0,2008-11-04 01:55:48
116.296992,0,2008-11-04 01:55:53
116.29697,0,2008-11-04 01:55:58
116.296944,0,2008-11-04 01:56:03
116.296908,0,2008-11-04 01:56:08
116.296875,0,2008-11-04 01:56:13
116.296839,0,2008-11-04 01:56:18
116.29682,0,2008-11-04 01:56:23
116.29682,0,2008-11-04 01:56:26
116.296819,0,2008-11-04 01:56:28
116.296815,0,2008-11-04 01:56:33
116.296806,0,2008-11-04 01:56:38
116.296806,0,2008-11-04 01:56:41
116.29686,0,2008-11-04 01:59:38
116.29685,0,2008-11-04 01:59:43
116.296844,0,2008-11-04 01:59:48
116.296815,0,2008-11-04 01:59:53
116.296813,0,2008-11-04 01:59:58
116.29683,0,2008-11-04 02:00:03
116.296848,0,2008-11-04 02:00:08
116.296847,0,2008-11-04 02:00:13
116.296847,0,2008-11-04 02:00:16
116.296846,0,2008-11-04 02:00:18
116.296847,0,2008-11-04 02:00:23
116.296849,0,2008-11-04 02:00:28
116.296854,0,2008-11-04 02:00:33
116.296857,0,2008-11-04 02:00:38
116.296855,0,2008-11-04 02:00:43
116.296855,0,2008-11-04 02:00:46
116.296856,0,2008-11-04 02:00:48
116.296861,0,2008-11-04 02:00:53
116.29686,0,2008-11-04 02:00:58
116.296859,0,2008-11-04 02:01:03
116.296859,0,2008-11-04 02:01:06
116.296859,0,2008-11-04 02:01:08
116.296861,0,2008-11-04 02:01:13
116.296861,0,2008-11-04 02:01:16
116.296864,0,2008-11-04 02:01:18
116.296865,0,2008-11-04 02:01:23
116.296861,0,2008-11-04 02:01:28
116.296857,0,2008-11-04 02:01:33
116.296861,0,2008-11-04 02:01:38
116.296861,0,2008-11-04 02:01:41
116.296859,0,2008-11-04 02:01:43
116.296856,0,2008-11-04 02:01:48
116.296845,0,2008-11-04 02:01:53
116.296857,0,2008-11-04 02:01:58
116.296851,0,2008-11-04 02:02:03
116.296849,0,2008-11-04 02:02:08
116.296848,0,2008-11-04 02:02:13
116.296848,0,2008-11-04 02:02:16
116.296844,0,2008-11-04 02:02:18
116.296849,0,2008-11-04 02:02:23
116.296867,0,2008-11-04 02:02:28
116.296862,0,2008-11-04 02:02:33
116.296856,0,2008-11-04 02:02:38
116.296856,0,2008-11-04 02:02:41
116.296862,0,2008-11-04 02:02:43
116.296857,0,2008-11-04 02:02:48
116.296866,0,2008-11-04 02:02:53
116.29687,0,2008-11-04 02:02:58
116.296854,0,2008-11-04 02:03:03
116.296834,0,2008-11-04 02:03:08
116.296781,0,2008-11-04 02:03:13
116.296734,0,2008-11-04 02:03:18
116.296693,0,2008-11-04 02:03:23
116.296672,0,2008-11-04 02:03:28
116.296664,0,2008-11-04 02:03:33
116.296673,0,2008-11-04 02:03:38
116.296665,0,2008-11-04 02:03:43
116.296681,0,2008-11-04 02:03:48
116.296688,0,2008-11-04 02:03:53
116.296699,0,2008-11-04 02:03:58
116.296741,0,2008-11-04 02:04:03
116.296793,0,2008-11-04 02:04:08
116.296847,0,2008-11-04 02:04:13
116.296927,0,2008-11-04 02:04:18
116.296971,0,2008-11-04 02:04:23
116.29702,0,2008-11-04 02:04:28
116.297104,0,2008-11-04 02:04:33
116.297164,0,2008-11-04 02:04:38
116.297215,0,2008-11-04 02:04:43
116.297276,0,2008-11-04 02:04:48
116.29732,0,2008-11-04 02:04:53
116.297384,0,2008-11-04 02:04:58
116.297454,0,2008-11-04 02:05:03
116.297501,0,2008-11-04 02:05:08
116.29752,0,2008-11-04 02:05:13
116.29751,0,2008-11-04 02:05:18
116.297499,0,2008-11-04 02:05:23
116.2975,0,2008-11-04 02:05:28
116.297484,0,2008-11-04 02:05:33
116.29747,0,2008-11-04 02:05:38
116.297476,0,2008-11-04 02:05:43
116.297486,0,2008-11-04 02:05:48
116.297469,0,2008-11-04 02:05:53
116.297469,0,2008-11-04 02:05:56
116.297475,0,2008-11-04 02:05:58
116.297489,0,2008-11-04 02:06:03
116.297499,0,2008-11-04 02:06:08
116.297494,0,2008-11-04 02:06:13
116.297522,0,2008-11-04 02:06:18
116.297535,0,2008-11-04 02:06:23
116.297553,0,2008-11-04 02:06:28
116.297537,0,2008-11-04 02:06:33
116.297537,0,2008-11-04 02:06:36
116.297543,0,2008-11-04 02:06:38
116.297557,0,2008-11-04 02:06:43
116.297555,0,2008-11-04 02:06:48
116.297554,0,2008-11-04 02:06:53
116.297554,0,2008-11-04 02:06:56
116.297552,0,2008-11-04 02:06:58
116.29755,0,2008-11-04 02:07:03
116.297494,0,2008-11-04 02:07:08
116.297494,0,2008-11-04 02:07:11
116.297489,0,2008-11-04 02:07:13
116.297501,0,2008-11-04 02:07:18
116.297515,0,2008-11-04 02:07:23
116.297508,0,2008-11-04 02:07:28
116.297521,0,2008-11-04 02:07:33
116.297531,0,2008-11-04 02:07:38
116.297531,0,2008-11-04 02:07:41
116.297526,0,2008-11-04 02:07:43
116.297484,0,2008-11-04 02:07:48
116.297484,0,2008-11-04 02:07:53
116.297504,0,2008-11-04 02:07:58
116.29748,0,2008-11-04 02:08:03
116.297472,0,2008-11-04 02:08:08
116.29718,0,2008-11-04 02:11:18
116.297148,0,2008-11-04 02:11:23
116.297136,0,2008-11-04 02:11:28
116.297122,0,2008-11-04 02:11:33
116.297126,0,2008-11-04 02:11:38
116.29712,0,2008-11-04 02:11:43
116.297143,0,2008-11-04 02:11:48
116.297143,0,2008-11-04 02:11:51
116.297139,0,2008-11-04 02:11:53
116.297129,0,2008-11-04 02:11:58
116.297122,0,2008-11-04 02:12:03
116.29714,0,2008-11-04 02:12:08
116.29713,0,2008-11-04 02:12:13
116.297138,0,2008-11-04 02:12:18
116.297155,0,2008-11-04 02:12:23
116.297203,0,2008-11-04 02:12:28
116.297236,0,2008-11-04 02:12:33
116.297228,0,2008-11-04 02:12:38
116.297164,0,2008-11-04 02:12:43
116.297132,0,2008-11-04 02:12:48
116.297129,0,2008-11-04 02:12:53
116.297118,0,2008-11-04 02:12:58
116.297079,0,2008-11-04 02:13:03
116.297075,0,2008-11-04 02:13:08
116.297075,0,2008-11-04 02:13:11
116.29707,0,2008-11-04 02:13:13
116.297087,0,2008-11-04 02:13:18
116.297095,0,2008-11-04 02:13:23
116.297108,0,2008-11-04 02:13:28
116.29713,0,2008-11-04 02:13:33
116.297108,0,2008-11-04 02:13:38
116.297091,0,2008-11-04 02:13:43
116.297091,0,2008-11-04 02:13:46
116.297088,0,2008-11-04 02:13:48
116.297055,0,2008-11-04 02:13:53
116.297048,0,2008-11-04 02:13:58
116.297038,0,2008-11-04 02:14:03
116.297061,0,2008-11-04 02:14:08
116.297058,0,2008-11-04 02:14:13
116.297053,0,2008-11-04 02:14:18
116.297051,0,2008-11-04 02:14:23
116.297186,0,2008-11-04 02:17:58
116.297211,0,2008-11-04 02:18:03
116.297208,0,2008-11-04 02:18:08
116.297204,0,2008-11-04 02:18:13
116.297194,0,2008-11-04 02:18:18
116.297175,0,2008-11-04 02:18:23
116.297169,0,2008-11-04 02:18:28
116.297163,0,2008-11-04 02:18:33
116.297163,0,2008-11-04 02:18:36
116.29716,0,2008-11-04 02:18:38
116.297169,0,2008-11-04 02:18:43
116.297156,0,2008-11-04 02:18:48
116.297152,0,2008-11-04 02:18:53
116.297152,0,2008-11-04 02:18:56
116.297158,0,2008-11-04 02:18:58
116.297146,0,2008-11-04 02:19:03
116.297137,0,2008-11-04 02:19:08
116.297135,0,2008-11-04 02:19:13
116.297135,0,2008-11-04 02:19:16
116.297135,0,2008-11-04 02:19:18
116.297132,0,2008-11-04 02:19:23
116.297114,0,2008-11-04 02:19:28
116.297085,0,2008-11-04 02:19:33
116.297067,0,2008-11-04 02:19:38
116.297054,0,2008-11-04 02:19:43
116.297056,0,2008-11-04 02:19:48
116.297043,0,2008-11-04 02:19:53
116.297027,0,2008-11-04 02:19:58
116.297027,0,2008-11-04 02:20:01
116.297021,0,2008-11-04 02:20:03
116.296975,0,2008-11-04 02:20:08
116.296931,0,2008-11-04 02:20:13
116.296911,0,2008-11-04 02:20:18
116.296874,0,2008-11-04 02:20:23
116.296863,0,2008-11-04 02:20:28
116.29688,0,2008-11-04 02:20:33
116.296883,0,2008-11-04 02:20:38
116.296888,0,2008-11-04 02:20:43
116.296901,0,2008-11-04 02:20:48
116.296926,0,2008-11-04 02:20:53
116.296955,0,2008-11-04 02:20:58
116.296947,0,2008-11-04 02:21:03
116.296879,0,2008-11-04 02:21:08
116.296835,0,2008-11-04 02:21:13
116.296778,0,2008-11-04 02:21:18
116.29679,0,2008-11-04 02:21:23
116.296824,0,2008-11-04 02:21:28
116.29686,0,2008-11-04 02:21:33
116.296877,0,2008-11-04 02:21:38
116.296878,0,2008-11-04 02:21:43
116.296864,0,2008-11-04 02:21:48
116.296872,0,2008-11-04 02:21:53
116.296878,0,2008-11-04 02:21:58
116.296887,0,2008-11-04 02:22:03
116.296853,0,2008-11-04 02:22:08
116.296867,0,2008-11-04 02:22:13
116.29688,0,2008-11-04 02:22:18
116.296868,0,2008-11-04 02:22:23
116.296861,0,2008-11-04 02:22:28
116.296826,0,2008-11-04 02:22:33
116.296793,0,2008-11-04 02:22:38
116.296761,0,2008-11-04 02:22:43
116.296721,0,2008-11-04 02:22:48
116.296642,0,2008-11-04 02:22:53
116.296589,0,2008-11-04 02:22:58
116.296486,0,2008-11-04 02:23:03
116.296362,0,2008-11-04 02:23:08
116.296267,0,2008-11-04 02:23:13
116.296183,0,2008-11-04 02:23:18
116.296097,0,2008-11-04 02:23:23
116.296008,0,2008-11-04 02:23:28
116.295937,0,2008-11-04 02:23:33
116.295896,0,2008-11-04 02:23:38
116.295878,0,2008-11-04 02:23:43
116.295861,0,2008-11-04 02:23:48
116.295892,0,2008-11-04 02:23:53
116.295913,0,2008-11-04 02:23:58
116.295874,0,2008-11-04 02:24:03
116.295803,0,2008-11-04 02:24:08
116.295791,0,2008-11-04 02:24:13
116.295799,0,2008-11-04 02:24:18
116.295786,0,2008-11-04 02:24:23
116.295757,0,2008-11-04 02:24:28
116.29575,0,2008-11-04 02:24:33
116.295708,0,2008-11-04 02:24:38
116.295677,0,2008-11-04 02:24:43
116.295649,0,2008-11-04 02:24:48
116.295619,0,2008-11-04 02:24:53
116.29561,0,2008-11-04 02:24:58
116.29561,0,2008-11-04 02:25:01
116.295603,0,2008-11-04 02:25:03
116.295584,0,2008-11-04 02:25:08
116.295546,0,2008-11-04 02:25:13
116.295527,0,2008-11-04 02:25:18
116.295553,0,2008-11-04 02:25:23
116.29557,0,2008-11-04 02:25:28
116.295574,0,2008-11-04 02:25:33
116.295609,0,2008-11-04 02:25:38
116.295661,0,2008-11-04 02:25:43
116.295683,0,2008-11-04 02:25:48
116.295668,0,2008-11-04 02:25:53
116.295693,0,2008-11-04 02:25:58
116.295691,0,2008-11-04 02:26:03
116.295659,0,2008-11-04 02:26:08
116.295731,0,2008-11-04 02:26:13
116.295808,0,2008-11-04 02:26:18
116.295849,0,2008-11-04 02:26:23
116.295866,0,2008-11-04 02:26:28
116.295921,0,2008-11-04 02:26:33
116.295953,0,2008-11-04 02:26:38
116.295998,0,2008-11-04 02:26:43
116.29605,0,2008-11-04 02:26:48
116.296115,0,2008-11-04 02:26:53
116.296183,0,2008-11-04 02:26:58
116.296226,0,2008-11-04 02:27:03
116.296293,0,2008-11-04 02:27:08
116.296411,0,2008-11-04 02:27:13
116.296545,0,2008-11-04 02:27:18
116.296657,0,2008-11-04 02:27:23
116.296746,0,2008-11-04 02:27:28
116.296858,0,2008-11-04 02:27:33
116.296904,0,2008-11-04 02:27:38
116.29693,0,2008-11-04 02:27:43
116.296997,0,2008-11-04 02:27:48
116.297044,0,2008-11-04 02:27:53
116.297067,0,2008-11-04 02:27:58
116.297029,0,2008-11-04 02:28:03
116.297029,0,2008-11-04 02:28:08
116.297029,0,2008-11-04 02:28:11
116.297024,0,2008-11-04 02:28:13
116.297062,0,2008-11-04 02:28:18
116.2971,0,2008-11-04 02:28:23
116.29714,0,2008-11-04 02:28:28
116.297176,0,2008-11-04 02:28:33
116.297237,0,2008-11-04 02:28:38
116.297281,0,2008-11-04 02:28:43
116.297265,0,2008-11-04 02:28:48
116.297229,0,2008-11-04 02:28:53
116.297218,0,2008-11-04 02:28:58
116.297192,0,2008-11-04 02:29:03
116.297173,0,2008-11-04 02:29:08
116.297144,0,2008-11-04 02:29:13
116.297115,0,2008-11-04 02:29:18
116.297097,0,2008-11-04 02:29:23
116.297094,0,2008-11-04 02:29:28
116.297084,0,2008-11-04 02:29:33
116.297103,0,2008-11-04 02:29:38
116.297112,0,2008-11-04 02:29:43
116.297121,0,2008-11-04 02:29:48
116.297135,0,2008-11-04 02:29:53
116.297135,0,2008-11-04 02:29:56
116.297137,0,2008-11-04 02:29:58
116.297113,0,2008-11-04 02:30:03
116.297105,0,2008-11-04 02:30:08
116.297076,0,2008-11-04 02:30:13
116.297051,0,2008-11-04 02:30:18
116.297005,0,2008-11-04 02:30:23
116.296955,0,2008-11-04 02:30:28
116.296879,0,2008-11-04 02:30:33
116.296805,0,2008-11-04 02:30:38
116.296752,0,2008-11-04 02:30:43
116.296683,0,2008-11-04 02:30:48
116.296642,0,2008-11-04 02:30:53
116.29661,0,2008-11-04 02:30:58
116.296606,0,2008-11-04 02:31:03
116.296585,0,2008-11-04 02:31:08
116.29649,0,2008-11-04 02:31:13
116.296415,0,2008-11-04 02:31:18
116.296344,0,2008-11-04 02:31:23
116.296311,0,2008-11-04 02:31:28
116.296296,0,2008-11-04 02:31:33
116.296294,0,2008-11-04 02:31:38
116.296277,0,2008-11-04 02:31:43
116.296263,0,2008-11-04 02:31:48
116.29628,0,2008-11-04 02:31:53
116.296305,0,2008-11-04 02:31:58
116.29634,0,2008-11-04 02:32:03
116.296353,0,2008-11-04 02:32:08
116.296384,0,2008-11-04 02:32:13
116.296441,0,2008-11-04 02:32:18
116.296523,0,2008-11-04 02:32:23
116.296633,0,2008-11-04 02:32:28
116.296685,0,2008-11-04 02:32:33
116.296737,0,2008-11-04 02:32:38
116.296842,0,2008-11-04 02:32:43
116.296958,0,2008-11-04 02:32:48
116.297027,0,2008-11-04 02:32:53
116.297058,0,2008-11-04 02:32:58
116.29708,0,2008-11-04 02:33:03
116.297136,0,2008-11-04 02:33:08
116.297202,0,2008-11-04 02:33:13
116.297247,0,2008-11-04 02:33:18
116.297279,0,2008-11-04 02:33:23
116.297287,0,2008-11-04 02:33:28
116.297236,0,2008-11-04 02:33:33
116.29713,0,2008-11-04 02:33:38
116.297067,0,2008-11-04 02:33:43
116.297047,0,2008-11-04 02:33:48
116.29704,0,2008-11-04 02:33:53
116.297009,0,2008-11-04 02:33:58
116.296982,0,2008-11-04 02:34:03
116.296975,0,2008-11-04 02:34:08
116.297022,0,2008-11-04 02:34:13
116.297022,0,2008-11-04 02:34:18
116.297032,0,2008-11-04 02:34:23
116.297022,0,2008-11-04 02:34:28
116.297075,0,2008-11-04 02:34:33
116.297062,0,2008-11-04 02:34:38
116.296996,0,2008-11-04 02:34:43
116.296945,0,2008-11-04 02:34:48
116.296906,0,2008-11-04 02:34:53
116.296876,0,2008-11-04 02:34:58
116.296841,0,2008-11-04 02:35:03
116.296841,0,2008-11-04 02:35:08
116.296815,0,2008-11-04 02:35:13
116.296784,0,2008-11-04 02:35:18
116.296784,0,2008-11-04 02:35:21
116.296792,0,2008-11-04 02:35:23
116.296779,0,2008-11-04 02:35:28
116.296808,0,2008-11-04 02:35:33
116.296819,0,2008-11-04 02:35:38
116.296822,0,2008-11-04 02:35:43
116.296802,0,2008-11-04 02:35:48
116.296818,0,2008-11-04 02:35:53
116.296824,0,2008-11-04 02:35:58
116.296808,0,2008-11-04 02:36:03
116.296837,0,2008-11-04 02:36:08
116.296863,0,2008-11-04 02:36:13
116.296876,0,2008-11-04 02:36:18
116.296886,0,2008-11-04 02:36:23
116.296869,0,2008-11-04 02:36:28
116.296869,0,2008-11-04 02:36:33
116.296843,0,2008-11-04 02:36:38
116.296834,0,2008-11-04 02:36:43
116.296772,0,2008-11-04 02:36:48
116.296647,0,2008-11-04 02:36:53
116.296708,0,2008-11-04 02:36:58
116.296761,0,2008-11-04 02:37:03
116.296836,0,2008-11-04 02:37:08
116.296837,0,2008-11-04 02:37:13
116.296852,0,2008-11-04 02:37:18
116.296917,0,2008-11-04 02:37:23
116.296957,0,2008-11-04 02:37:28
116.296961,0,2008-11-04 02:37:33
116.296973,0,2008-11-04 02:37:38
116.296972,0,2008-11-04 02:37:43
116.296978,0,2008-11-04 02:37:48
116.29695,0,2008-11-04 02:37:53
116.296938,0,2008-11-04 02:37:58
116.29693,0,2008-11-04 02:38:03
116.29693,0,2008-11-04 02:38:06
116.296922,0,2008-11-04 02:38:08
116.296945,0,2008-11-04 02:38:13
116.296902,0,2008-11-04 02:38:18
116.296914,0,2008-11-04 02:38:23
116.296927,0,2008-11-04 02:38:28
116.296931,0,2008-11-04 02:38:33
116.296895,0,2008-11-04 02:38:38
116.296898,0,2008-11-04 02:38:43
116.296945,0,2008-11-04 02:38:48
116.296961,0,2008-11-04 02:38:53
116.297007,0,2008-11-04 02:38:58
116.297041,0,2008-11-04 02:39:03
116.297063,0,2008-11-04 02:39:08
116.296944,0,2008-11-04 02:41:58
116.296912,0,2008-11-04 02:42:03
116.296922,0,2008-11-04 02:42:08
116.296951,0,2008-11-04 02:42:13
116.296946,0,2008-11-04 02:42:18
116.296946,0,2008-11-04 02:42:21
116.296947,0,2008-11-04 02:42:23
116.296954,0,2008-11-04 02:42:28
116.296954,0,2008-11-04 02:42:31
116.296961,0,2008-11-04 02:42:33
116.296943,0,2008-11-04 02:42:38
116.296917,0,2008-11-04 02:42:43
116.296924,0,2008-11-04 02:42:48
116.296907,0,2008-11-04 02:42:53
116.296909,0,2008-11-04 02:42:58
116.296905,0,2008-11-04 02:43:03
116.296905,0,2008-11-04 02:43:06
116.296899,0,2008-11-04 02:43:08
116.296878,0,2008-11-04 02:43:13
116.296893,0,2008-11-04 02:43:18
116.296887,0,2008-11-04 02:43:23
116.296893,0,2008-11-04 02:43:28
116.296935,0,2008-11-04 02:43:33
116.296975,0,2008-11-04 02:43:38
116.297014,0,2008-11-04 02:43:43
116.297014,0,2008-11-04 02:43:46
116.297018,0,2008-11-04 02:43:48
116.296982,0,2008-11-04 02:43:53
116.296982,0,2008-11-04 02:43:56
116.296979,0,2008-11-04 02:43:58
116.296965,0,2008-11-04 02:44:03
116.296962,0,2008-11-04 02:44:08
116.296962,0,2008-11-04 02:44:11
116.29697,0,2008-11-04 02:44:13
116.296965,0,2008-11-04 02:44:18
116.296936,0,2008-11-04 02:44:23
116.296926,0,2008-11-04 02:44:28
116.296934,0,2008-11-04 02:44:33
116.296927,0,2008-11-04 02:44:38
116.296956,0,2008-11-04 02:44:43
116.296981,0,2008-11-04 02:44:48
116.296809,0,2008-11-04 02:53:13
116.296804,0,2008-11-04 02:53:18
116.296731,0,2008-11-04 02:53:23
116.296659,0,2008-11-04 02:53:28
116.296596,0,2008-11-04 02:53:33
116.296559,0,2008-11-04 02:53:38
116.296506,0,2008-11-04 02:53:43
116.296401,0,2008-11-04 02:53:48
116.296288,0,2008-11-04 02:53:53
116.296247,0,2008-11-04 02:53:58
116.296223,0,2008-11-04 02:54:03
116.296224,0,2008-11-04 02:54:08
116.296231,0,2008-11-04 02:54:13
116.296252,0,2008-11-04 02:54:18
116.296307,0,2008-11-04 02:54:23
116.2964,0,2008-11-04 02:54:28
116.296489,0,2008-11-04 02:54:33
116.296592,0,2008-11-04 02:54:38
116.296689,0,2008-11-04 02:54:43
116.296732,0,2008-11-04 02:54:48
116.296775,0,2008-11-04 02:54:53
116.296788,0,2008-11-04 02:54:58
116.296788,0,2008-11-04 02:55:03
116.296807,0,2008-11-04 02:55:08
116.296857,0,2008-11-04 02:55:13
116.29693,0,2008-11-04 02:55:18
116.29696,0,2008-11-04 02:55:23
116.296941,0,2008-11-04 02:55:28
116.296985,0,2008-11-04 02:55:33
116.297048,0,2008-11-04 02:55:38
116.297145,0,2008-11-04 02:55:43
116.29721,0,2008-11-04 02:55:48
116.297296,0,2008-11-04 02:55:53
116.297407,0,2008-11-04 02:55:58
116.297474,0,2008-11-04 02:56:03
116.29755,0,2008-11-04 02:56:08
116.297644,0,2008-11-04 02:56:13
116.297741,0,2008-11-04 02:56:18
116.297804,0,2008-11-04 02:56:23
116.29788,0,2008-11-04 02:56:28
116.297951,0,2008-11-04 02:56:33
116.298058,0,2008-11-04 02:56:38
116.298158,0,2008-11-04 02:56:43
116.298247,0,2008-11-04 02:56:48
116.298306,0,2008-11-04 02:56:53
116.29835,0,2008-11-04 02:56:58
116.298442,0,2008-11-04 02:57:03
116.298521,0,2008-11-04 02:57:08
116.298599,0,2008-11-04 02:57:13
116.298726,0,2008-11-04 02:57:18
116.298814,0,2008-11-04 02:57:23
116.298886,0,2008-11-04 02:57:28
116.298976,0,2008-11-04 02:57:33
116.299064,0,2008-11-04 02:57:38
116.299136,0,2008-11-04 02:57:43
116.299215,0,2008-11-04 02:57:48
116.299318,0,2008-11-04 02:57:53
116.299431,0,2008-11-04 02:57:58
116.299589,0,2008-11-04 02:58:03
116.299689,0,2008-11-04 02:58:08
116.299742,0,2008-11-04 02:58:13
116.299795,0,2008-11-04 02:58:18
116.299869,0,2008-11-04 02:58:23
116.299943,0,2008-11-04 02:58:28
116.300003,0,2008-11-04 02:58:33
116.300058,0,2008-11-04 02:58:38
116.300118,0,2008-11-04 02:58:43
116.30018,0,2008-11-04 02:58:48
116.300249,0,2008-11-04 02:58:53
116.300316,0,2008-11-04 02:58:58
116.30038,0,2008-11-04 02:59:03
116.300478,0,2008-11-04 02:59:08
116.300585,0,2008-11-04 02:59:13
116.300664,0,2008-11-04 02:59:18
116.300731,0,2008-11-04 02:59:23
116.300757,0,2008-11-04 02:59:28
116.30078,0,2008-11-04 02:59:33
116.300804,0,2008-11-04 02:59:38
116.300848,0,2008-11-04 02:59:43
116.300862,0,2008-11-04 02:59:48
116.300862,0,2008-11-04 02:59:51
116.30086,0,2008-11-04 02:59:53
116.300834,0,2008-11-04 02:59:58
116.300866,0,2008-11-04 03:00:03
116.300977,0,2008-11-04 03:00:08
116.301015,0,2008-11-04 03:00:13
116.301062,0,2008-11-04 03:00:18
116.301107,0,2008-11-04 03:00:23
116.301137,0,2008-11-04 03:00:28
116.301127,0,2008-11-04 03:00:33
116.301149,0,2008-11-04 03:00:38
116.301178,0,2008-11-04 03:00:43
116.301217,0,2008-11-04 03:00:48
116.301228,0,2008-11-04 03:00:53
116.301238,0,2008-11-04 03:00:58
116.301235,0,2008-11-04 03:01:03
116.301223,0,2008-11-04 03:01:08
116.301192,0,2008-11-04 03:01:13
116.301209,0,2008-11-04 03:01:18
116.301233,0,2008-11-04 03:01:23
116.301228,0,2008-11-04 03:01:28
116.301229,0,2008-11-04 03:01:33
116.301244,0,2008-11-04 03:01:38
116.301268,0,2008-11-04 03:01:43
116.301281,0,2008-11-04 03:01:48
116.301246,0,2008-11-04 03:01:53
116.301208,0,2008-11-04 03:01:58
116.301121,0,2008-11-04 03:02:03
116.301069,0,2008-11-04 03:02:08
116.301056,0,2008-11-04 03:02:13
116.301067,0,2008-11-04 03:02:18
116.301087,0,2008-11-04 03:02:23
116.301105,0,2008-11-04 03:02:28
116.301148,0,2008-11-04 03:02:33
116.301188,0,2008-11-04 03:02:38
116.301189,0,2008-11-04 03:02:43
116.301196,0,2008-11-04 03:02:48
116.301209,0,2008-11-04 03:02:53
116.301251,0,2008-11-04 03:02:58
116.301293,0,2008-11-04 03:03:03
116.301378,0,2008-11-04 03:03:08
116.301437,0,2008-11-04 03:03:13
116.301462,0,2008-11-04 03:03:18
116.301449,0,2008-11-04 03:03:23
116.301467,0,2008-11-04 03:03:28
116.301451,0,2008-11-04 03:03:33
116.301481,0,2008-11-04 03:03:38
116.301516,0,2008-11-04 03:03:43
116.30156,0,2008-11-04 03:03:48
116.301572,0,2008-11-04 03:03:53
116.301555,0,2008-11-04 03:03:58
116.301479,0,2008-11-04 03:04:03
116.301423,0,2008-11-04 03:04:08
116.301423,0,2008-11-04 03:04:13
116.301425,0,2008-11-04 03:04:18
116.301399,0,2008-11-04 03:04:23
116.301368,0,2008-11-04 03:04:28
116.30136,0,2008-11-04 03:04:33
116.301385,0,2008-11-04 03:04:38
116.301405,0,2008-11-04 03:04:43
116.301387,0,2008-11-04 03:04:48
116.301379,0,2008-11-04 03:04:53
116.301371,0,2008-11-04 03:04:58
116.301376,0,2008-11-04 03:05:03
116.301346,0,2008-11-04 03:05:08
116.301285,0,2008-11-04 03:05:13
116.301263,0,2008-11-04 03:05:18
116.301218,0,2008-11-04 03:05:23
116.3012,0,2008-11-04 03:05:28
116.301214,0,2008-11-04 03:05:33
116.301252,0,2008-11-04 03:05:38
116.301276,0,2008-11-04 03:05:43
116.301303,0,2008-11-04 03:05:48
116.301379,0,2008-11-04 03:05:53
116.301498,0,2008-11-04 03:05:58
116.301575,0,2008-11-04 03:06:03
116.301661,0,2008-11-04 03:06:08
116.301772,0,2008-11-04 03:06:13
116.301861,0,2008-11-04 03:06:18
116.301908,0,2008-11-04 03:06:23
116.301932,0,2008-11-04 03:06:28
116.301947,0,2008-11-04 03:06:33
116.301977,0,2008-11-04 03:06:38
116.301997,0,2008-11-04 03:06:43
116.302012,0,2008-11-04 03:06:48
116.302,0,2008-11-04 03:06:53
116.302004,0,2008-11-04 03:06:58
116.302021,0,2008-11-04 03:07:03
116.302021,0,2008-11-04 03:07:06
116.302023,0,2008-11-04 03:07:08
116.302054,0,2008-11-04 03:07:13
116.302214,0,2008-11-04 03:07:18
116.302308,0,2008-11-04 03:07:23
116.30237,0,2008-11-04 03:07:28
116.302437,0,2008-11-04 03:07:33
116.302477,0,2008-11-04 03:07:38
116.302442,0,2008-11-04 03:07:43
116.302523,0,2008-11-04 03:07:48
116.302607,0,2008-11-04 03:07:53
116.302678,0,2008-11-04 03:07:58
116.302707,0,2008-11-04 03:08:03
116.302716,0,2008-11-04 03:08:08
116.302704,0,2008-11-04 03:08:13
116.302705,0,2008-11-04 03:08:18
116.302705,0,2008-11-04 03:08:23
116.302712,0,2008-11-04 03:08:28
116.302802,0,2008-11-04 03:08:33
116.302896,0,2008-11-04 03:08:38
116.302947,0,2008-11-04 03:08:43
116.302989,0,2008-11-04 03:08:48
116.302997,0,2008-11-04 03:08:53
116.303014,0,2008-11-04 03:08:58
116.303036,0,2008-11-04 03:09:03
116.303075,0,2008-11-04 03:09:08
116.303145,0,2008-11-04 03:09:13
116.303225,0,2008-11-04 03:09:18
116.303291,0,2008-11-04 03:09:23
116.303332,0,2008-11-04 03:09:28
116.303347,0,2008-11-04 03:09:33
116.303384,0,2008-11-04 03:09:38
116.303477,0,2008-11-04 03:09:43
116.303607,0,2008-11-04 03:09:48
116.303741,0,2008-11-04 03:09:53
116.303826,0,2008-11-04 03:09:58
116.3039,0,2008-11-04 03:10:03
116.303971,0,2008-11-04 03:10:08
116.304039,0,2008-11-04 03:10:13
116.304107,0,2008-11-04 03:10:18
116.304165,0,2008-11-04 03:10:23
116.304206,0,2008-11-04 03:10:28
116.304262,0,2008-11-04 03:10:33
116.304338,0,2008-11-04 03:10:38
116.304429,0,2008-11-04 03:10:43
116.304499,0,2008-11-04 03:10:48
116.304537,0,2008-11-04 03:10:53
116.304613,0,2008-11-04 03:10:58
116.304719,0,2008-11-04 03:11:03
116.304812,0,2008-11-04 03:11:08
116.304904,0,2008-11-04 03:11:13
116.304993,0,2008-11-04 03:11:18
116.305062,0,2008-11-04 03:11:23
116.305132,0,2008-11-04 03:11:28
116.3052,0,2008-11-04 03:11:33
116.305266,0,2008-11-04 03:11:38
116.305306,0,2008-11-04 03:11:43
116.305368,0,2008-11-04 03:11:48
116.305455,0,2008-11-04 03:11:53
116.305512,0,2008-11-04 03:11:58
116.30559,0,2008-11-04 03:12:03
116.305675,0,2008-11-04 03:12:08
116.305743,0,2008-11-04 03:12:13
116.305795,0,2008-11-04 03:12:18
116.305862,0,2008-11-04 03:12:23
116.305955,0,2008-11-04 03:12:28
116.306026,0,2008-11-04 03:12:33
116.306097,0,2008-11-04 03:12:38
116.306167,0,2008-11-04 03:12:43
116.306271,0,2008-11-04 03:12:48
116.306402,0,2008-11-04 03:12:53
116.306515,0,2008-11-04 03:12:58
116.3066,0,2008-11-04 03:13:03
116.306693,0,2008-11-04 03:13:08
116.306764,0,2008-11-04 03:13:13
116.306803,0,2008-11-04 03:13:18
116.306864,0,2008-11-04 03:13:23
116.306934,0,2008-11-04 03:13:28
116.306974,0,2008-11-04 03:13:33
116.307022,0,2008-11-04 03:13:38
116.307094,0,2008-11-04 03:13:43
116.307177,0,2008-11-04 03:13:48
116.307235,0,2008-11-04 03:13:53
116.30729,0,2008-11-04 03:13:58
116.307385,0,2008-11-04 03:14:03
116.307455,0,2008-11-04 03:14:08
116.307521,0,2008-11-04 03:14:13
116.30758,0,2008-11-04 03:14:18
116.307663,0,2008-11-04 03:14:23
116.307746,0,2008-11-04 03:14:28
116.307848,0,2008-11-04 03:14:33
116.30791,0,2008-11-04 03:14:38
116.30795,0,2008-11-04 03:14:43
116.308029,0,2008-11-04 03:14:48
116.308104,0,2008-11-04 03:14:53
116.308168,0,2008-11-04 03:14:58
116.308246,0,2008-11-04 03:15:03
116.308313,0,2008-11-04 03:15:08
116.308389,0,2008-11-04 03:15:13
116.308447,0,2008-11-04 03:15:18
116.308543,0,2008-11-04 03:15:23
116.308597,0,2008-11-04 03:15:28
116.308597,0,2008-11-04 03:15:31
116.30859,0,2008-11-04 03:15:33
116.30855,0,2008-11-04 03:15:38
116.308497,0,2008-11-04 03:15:43
116.30844,0,2008-11-04 03:15:48
116.308439,0,2008-11-04 03:15:53
116.308445,0,2008-11-04 03:15:58
116.308467,0,2008-11-04 03:16:03
116.308468,0,2008-11-04 03:16:08
116.308478,0,2008-11-04 03:16:13
116.308521,0,2008-11-04 03:16:18
116.30854,0,2008-11-04 03:16:23
116.30854,0,2008-11-04 03:16:26
116.308545,0,2008-11-04 03:16:28
116.308608,0,2008-11-04 03:16:33
116.308666,0,2008-11-04 03:16:38
116.308748,0,2008-11-04 03:16:43
116.308811,0,2008-11-04 03:16:48
116.308846,0,2008-11-04 03:16:53
116.308845,0,2008-11-04 03:16:58
116.308882,0,2008-11-04 03:17:03
116.308896,0,2008-11-04 03:17:08
116.308903,0,2008-11-04 03:17:13
116.308896,0,2008-11-04 03:17:18
116.30889,0,2008-11-04 03:17:23
116.30889,0,2008-11-04 03:17:28
116.308881,0,2008-11-04 03:17:33
116.30887,0,2008-11-04 03:17:38
116.30889,0,2008-11-04 03:17:43
116.308937,0,2008-11-04 03:17:48
116.308961,0,2008-11-04 03:17:53
116.308969,0,2008-11-04 03:17:58
116.308941,0,2008-11-04 03:18:03
116.30891,0,2008-11-04 03:18:08
116.308899,0,2008-11-04 03:18:13
116.308892,0,2008-11-04 03:18:18
116.30888,0,2008-11-04 03:18:23
116.308898,0,2008-11-04 03:18:28
116.308909,0,2008-11-04 03:18:33
116.308941,0,2008-11-04 03:18:38
116.308955,0,2008-11-04 03:18:43
116.308977,0,2008-11-04 03:18:48
116.309075,0,2008-11-04 03:18:53
116.309174,0,2008-11-04 03:18:58
116.309254,0,2008-11-04 03:19:03
116.30935,0,2008-11-04 03:19:08
116.309425,0,2008-11-04 03:19:13
116.309474,0,2008-11-04 03:19:18
116.309504,0,2008-11-04 03:19:23
116.309526,0,2008-11-04 03:19:28
116.309526,0,2008-11-04 03:19:33
116.309576,0,2008-11-04 03:19:38
116.309666,0,2008-11-04 03:19:43
116.309782,0,2008-11-04 03:19:48
116.309858,0,2008-11-04 03:19:53
116.309904,0,2008-11-04 03:19:58
116.309939,0,2008-11-04 03:20:03
116.309991,0,2008-11-04 03:20:08
116.310042,0,2008-11-04 03:20:13
116.310078,0,2008-11-04 03:20:18
116.310146,0,2008-11-04 03:20:23
116.31023,0,2008-11-04 03:20:28
116.310352,0,2008-11-04 03:20:33
116.31045,0,2008-11-04 03:20:38
116.310505,0,2008-11-04 03:20:43
116.310551,0,2008-11-04 03:20:48
116.310624,0,2008-11-04 03:20:53
116.310683,0,2008-11-04 03:20:58
116.310759,0,2008-11-04 03:21:03
116.310829,0,2008-11-04 03:21:08
116.31092,0,2008-11-04 03:21:13
116.311037,0,2008-11-04 03:21:18
116.311121,0,2008-11-04 03:21:23
116.31119,0,2008-11-04 03:21:28
116.311274,0,2008-11-04 03:21:33
116.311367,0,2008-11-04 03:21:38
116.311449,0,2008-11-04 03:21:43
116.31152,0,2008-11-04 03:21:48
116.311578,0,2008-11-04 03:21:53
116.311631,0,2008-11-04 03:21:58
116.31169,0,2008-11-04 03:22:03
116.311761,0,2008-11-04 03:22:08
116.311853,0,2008-11-04 03:22:13
116.311989,0,2008-11-04 03:22:18
116.312084,0,2008-11-04 03:22:23
116.31215,0,2008-11-04 03:22:28
116.312211,0,2008-11-04 03:22:33
116.312295,0,2008-11-04 03:22:38
116.312377,0,2008-11-04 03:22:43
116.312502,0,2008-11-04 03:22:48
116.312609,0,2008-11-04 03:22:53
116.3127,0,2008-11-04 03:22:58
116.312793,0,2008-11-04 03:23:03
116.312864,0,2008-11-04 03:23:08
116.312932,0,2008-11-04 03:23:13
116.312945,0,2008-11-04 03:23:18
116.312908,0,2008-11-04 03:23:23
116.312894,0,2008-11-04 03:23:28
116.312967,0,2008-11-04 03:23:33
116.313067,0,2008-11-04 03:23:38
116.313177,0,2008-11-04 03:23:43
116.313291,0,2008-11-04 03:23:48
116.313392,0,2008-11-04 03:23:53
116.313478,0,2008-11-04 03:23:58
116.31359,0,2008-11-04 03:24:03
116.313717,0,2008-11-04 03:24:08
116.313865,0,2008-11-04 03:24:13
116.314014,0,2008-11-04 03:24:18
116.314151,0,2008-11-04 03:24:23
116.314293,0,2008-11-04 03:24:28
116.314389,0,2008-11-04 03:24:33
116.314489,0,2008-11-04 03:24:38
116.314623,0,2008-11-04 03:24:43
116.314845,0,2008-11-04 03:24:48
116.315077,0,2008-11-04 03:24:53
116.315328,0,2008-11-04 03:24:58
116.315557,0,2008-11-04 03:25:03
116.315749,0,2008-11-04 03:25:08
116.315963,0,2008-11-04 03:25:13
116.3162,0,2008-11-04 03:25:18
116.316444,0,2008-11-04 03:25:23
116.316676,0,2008-11-04 03:25:28
116.316877,0,2008-11-04 03:25:33
116.317089,0,2008-11-04 03:25:38
116.317292,0,2008-11-04 03:25:43
116.317516,0,2008-11-04 03:25:48
116.31778,0,2008-11-04 03:25:53
116.318052,0,2008-11-04 03:25:58
116.318317,0,2008-11-04 03:26:03
116.318531,0,2008-11-04 03:26:08
116.318719,0,2008-11-04 03:26:13
116.318925,0,2008-11-04 03:26:18
116.319144,0,2008-11-04 03:26:23
116.319383,0,2008-11-04 03:26:28
116.319605,0,2008-11-04 03:26:33
116.319866,0,2008-11-04 03:26:38
116.32009,0,2008-11-04 03:26:43
116.320321,0,2008-11-04 03:26:48
116.320549,0,2008-11-04 03:26:53
116.320749,0,2008-11-04 03:26:58
116.32092,0,2008-11-04 03:27:03
116.321104,0,2008-11-04 03:27:08
116.321229,0,2008-11-04 03:27:13
116.321274,0,2008-11-04 03:27:18
116.321315,0,2008-11-04 03:27:23
116.321303,0,2008-11-04 03:27:28
116.321281,0,2008-11-04 03:27:33
116.321235,0,2008-11-04 03:27:38
116.321156,0,2008-11-04 03:27:43
116.321101,0,2008-11-04 03:27:48
116.321075,0,2008-11-04 03:27:53
116.321057,0,2008-11-04 03:27:58
116.320994,0,2008-11-04 03:28:03
116.320958,0,2008-11-04 03:28:08
116.320957,0,2008-11-04 03:28:13
116.320968,0,2008-11-04 03:28:18
116.320974,0,2008-11-04 03:28:23
116.321,0,2008-11-04 03:28:28
116.321033,0,2008-11-04 03:28:33
116.321064,0,2008-11-04 03:28:38
116.321089,0,2008-11-04 03:28:43
116.321095,0,2008-11-04 03:28:48
116.321106,0,2008-11-04 03:28:53
116.321113,0,2008-11-04 03:28:58
116.321166,0,2008-11-04 03:29:03
116.32124,0,2008-11-04 03:29:08
116.321348,0,2008-11-04 03:29:13
116.321458,0,2008-11-04 03:29:18
116.3216,0,2008-11-04 03:29:23
116.321628,0,2008-11-04 03:29:28
116.321699,0,2008-11-04 03:29:33
116.321858,0,2008-11-04 03:29:38
116.322019,0,2008-11-04 03:29:43
116.322247,0,2008-11-04 03:29:48
116.322342,0,2008-11-04 03:29:53
116.322544,0,2008-11-04 03:29:58
116.322822,0,2008-11-04 03:30:03
116.323066,0,2008-11-04 03:30:08
116.32327,0,2008-11-04 03:30:13
116.323423,0,2008-11-04 03:30:18
116.323597,0,2008-11-04 03:30:23
116.323793,0,2008-11-04 03:30:28
116.32398,0,2008-11-04 03:30:33
116.324193,0,2008-11-04 03:30:38
116.324445,0,2008-11-04 03:30:43
116.32465,0,2008-11-04 03:30:48
116.324729,0,2008-11-04 03:30:53
116.32474,0,2008-11-04 03:30:58
116.324769,0,2008-11-04 03:31:03
116.324747,0,2008-11-04 03:31:08
116.32648,0,2008-11-10 01:36:37
116.32653,0,2008-11-10 01:36:42
116.32654,0,2008-11-10 01:36:47
116.326526,0,2008-11-10 01:36:52
116.326441,0,2008-11-10 01:36:57
116.326354,0,2008-11-10 01:37:02
116.326227,0,2008-11-10 01:37:07
116.326079,0,2008-11-10 01:37:12
116.325943,0,2008-11-10 01:37:17
116.325793,0,2008-11-10 01:37:22
116.326294,0,2008-11-10 01:37:57
116.32601,0,2008-11-10 01:38:02
116.326025,0,2008-11-10 01:38:07
116.326089,0,2008-11-10 01:38:12
116.326175,0,2008-11-10 01:38:17
116.32623,0,2008-11-10 01:38:22
116.32626,0,2008-11-10 01:38:27
116.32626,0,2008-11-10 01:38:32
116.326215,0,2008-11-10 01:38:37
116.325553,0,2008-11-10 01:39:17
116.325891,0,2008-11-10 01:39:22
116.326011,0,2008-11-10 01:39:27
116.326027,0,2008-11-10 01:39:32
116.326034,0,2008-11-10 01:39:37
116.325997,0,2008-11-10 01:39:42
116.325961,0,2008-11-10 01:39:47
116.325924,0,2008-11-10 01:39:52
116.32597,0,2008-11-10 01:39:57
116.3261,0,2008-11-10 01:40:02
116.326325,0,2008-11-10 01:40:07
116.326554,0,2008-11-10 01:40:12
116.326812,0,2008-11-10 01:40:17
116.327067,0,2008-11-10 01:40:22
116.326849,0,2008-11-10 01:40:27
116.326819,0,2008-11-10 01:40:32
116.326786,0,2008-11-10 01:40:37
116.326742,0,2008-11-10 01:40:42
116.326649,0,2008-11-10 01:40:47
116.326526,0,2008-11-10 01:41:37
116.326508,0,2008-11-10 01:41:42
116.326494,0,2008-11-10 01:41:47
116.326546,0,2008-11-10 01:41:52
116.326602,0,2008-11-10 01:41:57
116.326493,0,2008-11-10 01:42:12
116.326567,0,2008-11-10 01:42:17
116.326583,0,2008-11-10 01:42:22
116.326562,0,2008-11-10 01:42:27
116.326526,0,2008-11-10 01:42:32
116.326514,0,2008-11-10 01:42:37
116.326565,0,2008-11-10 01:42:42
116.32656,0,2008-11-10 01:42:47
116.326568,0,2008-11-10 01:42:52
116.32665,0,2008-11-10 01:42:57
116.326737,0,2008-11-10 01:43:02
116.326835,0,2008-11-10 01:43:07
116.326939,0,2008-11-10 01:43:12
116.327116,0,2008-11-10 01:43:17
116.327286,0,2008-11-10 01:43:22
116.327469,0,2008-11-10 01:43:27
116.327638,0,2008-11-10 01:43:32
116.327825,0,2008-11-10 01:43:37
116.328034,0,2008-11-10 01:43:42
116.32833,0,2008-11-10 01:43:47
116.328702,0,2008-11-10 01:43:52
116.32907,0,2008-11-10 01:43:57
116.329297,0,2008-11-10 01:44:02
116.329384,0,2008-11-10 01:44:07
116.329351,0,2008-11-10 01:44:12
116.329375,0,2008-11-10 01:44:17
116.329496,0,2008-11-10 01:44:22
116.329723,0,2008-11-10 01:44:27
116.329912,0,2008-11-10 01:44:32
116.329999,0,2008-11-10 01:44:37
116.330046,0,2008-11-10 01:44:47
116.330056,0,2008-11-10 01:44:52
116.330049,0,2008-11-10 01:44:57
116.329827,0,2008-11-10 01:45:02
116.328236,0,2008-11-10 01:45:07
116.326987,0,2008-11-10 01:45:12
116.326919,0,2008-11-10 01:45:17
116.32694,0,2008-11-10 01:45:22
116.32692,0,2008-11-10 01:45:27
116.326808,0,2008-11-10 01:45:32
116.326711,0,2008-11-10 01:45:37
116.326666,0,2008-11-10 01:45:42
116.32667,0,2008-11-10 01:45:47
116.326699,0,2008-11-10 01:45:52
116.326682,0,2008-11-10 01:45:57
116.326701,0,2008-11-10 01:46:02
116.326797,0,2008-11-10 01:46:07
116.326908,0,2008-11-10 01:46:12
116.327007,0,2008-11-10 01:46:17
116.327062,0,2008-11-10 01:46:22
116.327105,0,2008-11-10 01:46:27
116.327143,0,2008-11-10 01:46:32
116.327199,0,2008-11-10 01:46:37
116.327258,0,2008-11-10 01:46:42
116.32732,0,2008-11-10 01:46:47
116.327524,0,2008-11-10 01:48:12
116.327399,0,2008-11-10 01:48:17
116.327327,0,2008-11-10 01:48:22
116.327077,0,2008-11-10 01:48:27
116.331727,0,2008-11-10 01:51:47
116.33171,0,2008-11-10 01:51:52
116.332503,0,2008-11-10 01:51:57
116.332728,0,2008-11-10 01:52:02
116.332551,0,2008-11-10 01:52:07
116.332532,0,2008-11-10 01:52:12
116.332486,0,2008-11-10 01:52:17
116.332416,0,2008-11-10 01:52:22
116.33185,0,2008-11-10 03:27:57
116.331929,0,2008-11-10 03:28:02
116.331714,0,2008-11-10 03:28:07
116.331371,0,2008-11-10 03:28:12
116.331917,0,2008-11-10 03:28:17
116.331732,0,2008-11-10 03:28:22
116.332055,0,2008-11-10 03:28:27
116.332058,0,2008-11-10 03:28:32
116.332043,0,2008-11-10 03:28:37
116.33196,0,2008-11-10 03:28:42
116.331908,0,2008-11-10 03:28:47
116.331805,0,2008-11-10 03:28:52
116.331769,0,2008-11-10 03:28:57
116.331749,0,2008-11-10 03:29:02
116.331731,0,2008-11-10 03:29:07
116.331701,0,2008-11-10 03:29:12
116.33168,0,2008-11-10 03:29:17
116.325788,0,2008-11-10 03:31:07
116.327436,0,2008-11-10 03:31:12
116.327736,0,2008-11-10 03:31:17
116.327953,0,2008-11-10 03:31:22
116.327955,0,2008-11-10 03:31:27
116.327922,0,2008-11-10 03:31:32
116.327872,0,2008-11-10 03:31:37
116.32785,0,2008-11-10 03:31:42
116.32783,0,2008-11-10 03:31:47
116.327834,0,2008-11-10 03:31:52
116.327856,0,2008-11-10 03:31:57
116.327875,0,2008-11-10 03:32:02
116.327904,0,2008-11-10 03:32:07
116.327934,0,2008-11-10 03:32:12
116.327925,0,2008-11-10 03:32:17
116.32761,0,2008-11-10 03:33:17
116.327699,0,2008-11-10 03:33:22
116.327758,0,2008-11-10 03:33:27
116.327844,0,2008-11-10 03:33:32
116.327949,0,2008-11-10 03:33:37
116.32807,0,2008-11-10 03:33:42
116.328193,0,2008-11-10 03:33:47
116.328231,0,2008-11-10 03:33:52
116.328183,0,2008-11-10 03:33:57
116.328065,0,2008-11-10 03:34:02
116.327917,0,2008-11-10 03:34:07
116.327759,0,2008-11-10 03:34:12
116.327637,0,2008-11-10 03:34:17
116.327562,0,2008-11-10 03:34:22
116.327512,0,2008-11-10 03:34:27
116.327492,0,2008-11-10 03:34:32
116.327549,0,2008-11-10 03:35:17
116.327547,0,2008-11-10 03:35:22
116.327525,0,2008-11-10 03:35:27
116.327572,0,2008-11-10 03:35:32
116.32765,0,2008-11-10 03:35:37
116.327664,0,2008-11-10 03:35:42
116.327692,0,2008-11-10 03:35:47
116.327727,0,2008-11-10 03:35:52
116.327749,0,2008-11-10 03:35:57
116.327725,0,2008-11-10 03:36:02
116.327668,0,2008-11-10 03:36:07
116.327596,0,2008-11-10 03:36:12
116.327616,0,2008-11-10 03:36:17
116.327637,0,2008-11-10 03:36:22
116.327676,0,2008-11-10 03:36:27
116.327761,0,2008-11-10 03:36:32
116.327792,0,2008-11-10 03:36:37
116.327669,0,2008-11-10 03:36:42
116.327689,0,2008-11-10 03:36:47
116.32776,0,2008-11-10 03:36:52
116.327816,0,2008-11-10 03:36:57
116.327803,0,2008-11-10 03:37:02
116.327772,0,2008-11-10 03:37:07
116.327769,0,2008-11-10 03:37:12
116.327701,0,2008-11-10 03:37:17
116.327554,0,2008-11-10 03:37:22
116.327465,0,2008-11-10 03:37:27
116.327427,0,2008-11-10 03:37:32
116.32739,0,2008-11-10 03:37:37
116.327346,0,2008-11-10 03:37:42
116.327296,0,2008-11-10 03:37:47
116.327291,0,2008-11-10 03:37:52
116.327275,0,2008-11-10 03:37:57
116.327247,0,2008-11-10 03:38:02
116.327221,0,2008-11-10 03:38:07
116.327214,0,2008-11-10 03:38:12
116.327222,0,2008-11-10 03:38:17
116.327251,0,2008-11-10 03:38:22
116.32729,0,2008-11-10 03:38:27
116.327332,0,2008-11-10 03:38:32
116.327324,0,2008-11-10 03:38:37
116.327355,0,2008-11-10 03:38:42
116.327291,0,2008-11-10 03:38:47
116.327215,0,2008-11-10 03:38:52
116.327139,0,2008-11-10 03:38:57
116.327087,0,2008-11-10 03:39:02
116.32709,0,2008-11-10 03:39:07
116.326953,0,2008-11-10 03:39:12
116.326902,0,2008-11-10 03:39:17
116.326892,0,2008-11-10 03:39:22
116.326898,0,2008-11-10 03:39:27
116.326882,0,2008-11-10 03:39:32
116.326974,0,2008-11-10 03:39:37
116.327,0,2008-11-10 03:39:42
116.327034,0,2008-11-10 03:39:47
116.327044,0,2008-11-10 03:39:52
116.327049,0,2008-11-10 03:39:57
116.327035,0,2008-11-10 03:40:02
116.326993,0,2008-11-10 03:40:07
116.32695,0,2008-11-10 03:40:12
116.326916,0,2008-11-10 03:40:17
116.326885,0,2008-11-10 03:40:22
116.326861,0,2008-11-10 03:40:27
116.32688,0,2008-11-10 03:40:32
116.326952,0,2008-11-10 03:40:37
116.327001,0,2008-11-10 03:40:42
116.327014,0,2008-11-10 03:40:47
116.326974,0,2008-11-10 03:40:52
116.326927,0,2008-11-10 03:40:57
116.326934,0,2008-11-10 03:41:02
116.327026,0,2008-11-10 03:41:07
116.327111,0,2008-11-10 03:41:12
116.327156,0,2008-11-10 03:41:17
116.326907,0,2008-11-10 03:41:52
116.327066,0,2008-11-10 03:41:57
116.32706,0,2008-11-10 03:42:02
116.327061,0,2008-11-10 03:42:07
116.327065,0,2008-11-10 03:42:12
116.327065,0,2008-11-10 03:42:15
116.327072,0,2008-11-10 03:42:17
116.327085,0,2008-11-10 03:42:22
116.327093,0,2008-11-10 03:42:27
116.327095,0,2008-11-10 03:42:32
116.327122,0,2008-11-10 03:42:37
116.327124,0,2008-11-10 03:42:42
116.327101,0,2008-11-10 03:42:47
116.327042,0,2008-11-10 03:42:52
116.327009,0,2008-11-10 03:42:57
116.326979,0,2008-11-10 03:43:02
116.326942,0,2008-11-10 03:43:07
116.326895,0,2008-11-10 03:43:12
116.326849,0,2008-11-10 03:43:17
116.326848,0,2008-11-10 03:43:22
116.326902,0,2008-11-10 03:43:27
116.326956,0,2008-11-10 03:43:32
116.326972,0,2008-11-10 03:43:37
116.326998,0,2008-11-10 03:43:42
116.326952,0,2008-11-10 03:43:47
116.326902,0,2008-11-10 03:43:52
116.326845,0,2008-11-10 03:43:57
116.326784,0,2008-11-10 03:44:02
116.326749,0,2008-11-10 03:44:07
116.326743,0,2008-11-10 03:44:12
116.326736,0,2008-11-10 03:44:17
116.326713,0,2008-11-10 03:44:22
116.326669,0,2008-11-10 03:44:27
116.326601,0,2008-11-10 03:44:32
116.326556,0,2008-11-10 03:44:37
116.326562,0,2008-11-10 03:44:42
116.326543,0,2008-11-10 03:44:47
116.326509,0,2008-11-10 03:44:52
116.32736,0,2008-11-10 03:46:02
116.327229,0,2008-11-10 03:46:07
116.327042,0,2008-11-10 03:46:12
116.297026,0,2008-11-11 00:17:04
116.29693,0,2008-11-11 00:17:09
116.296928,0,2008-11-11 00:17:14
116.296871,0,2008-11-11 00:17:19
116.296835,0,2008-11-11 00:17:24
116.29682,0,2008-11-11 00:17:29
116.296841,0,2008-11-11 00:17:34
116.296841,0,2008-11-11 00:17:37
116.296835,0,2008-11-11 00:17:39
116.296837,0,2008-11-11 00:17:44
116.296828,0,2008-11-11 00:17:49
116.296828,0,2008-11-11 00:17:52
116.296831,0,2008-11-11 00:17:54
116.296827,0,2008-11-11 00:17:59
116.296818,0,2008-11-11 00:18:04
116.296804,0,2008-11-11 00:18:09
116.29677,0,2008-11-11 00:18:14
116.296743,0,2008-11-11 00:18:19
116.296755,0,2008-11-11 00:18:24
116.296787,0,2008-11-11 00:18:29
116.296797,0,2008-11-11 00:18:34
116.296753,0,2008-11-11 00:18:39
116.296722,0,2008-11-11 00:18:44
116.296726,0,2008-11-11 00:18:49
116.296736,0,2008-11-11 00:18:54
116.29672,0,2008-11-11 00:18:59
116.296718,0,2008-11-11 00:19:04
116.296708,0,2008-11-11 00:19:09
116.296695,0,2008-11-11 00:19:14
116.296695,0,2008-11-11 00:19:17
116.296694,0,2008-11-11 00:19:19
116.296701,0,2008-11-11 00:19:24
116.296707,0,2008-11-11 00:19:29
116.296691,0,2008-11-11 00:19:34
116.296669,0,2008-11-11 00:19:39
116.296644,0,2008-11-11 00:19:44
116.296596,0,2008-11-11 00:19:49
116.296561,0,2008-11-11 00:19:54
116.296512,0,2008-11-11 00:19:59
116.296501,0,2008-11-11 00:20:04
116.296525,0,2008-11-11 00:20:09
116.296534,0,2008-11-11 00:20:14
116.296528,0,2008-11-11 00:20:19
116.296528,0,2008-11-11 00:20:22
116.296521,0,2008-11-11 00:20:24
116.296449,0,2008-11-11 00:20:29
116.296382,0,2008-11-11 00:20:34
116.296306,0,2008-11-11 00:20:39
116.296248,0,2008-11-11 00:20:44
116.29621,0,2008-11-11 00:20:49
116.296174,0,2008-11-11 00:20:54
116.296232,0,2008-11-11 00:20:59
116.296261,0,2008-11-11 00:21:04
116.296359,0,2008-11-11 00:21:09
116.296398,0,2008-11-11 00:21:14
116.296373,0,2008-11-11 00:21:19
116.296313,0,2008-11-11 00:21:24
116.296236,0,2008-11-11 00:21:29
116.296147,0,2008-11-11 00:21:34
116.296124,0,2008-11-11 00:21:39
116.296238,0,2008-11-11 00:21:44
116.296305,0,2008-11-11 00:21:49
116.296326,0,2008-11-11 00:21:54
116.296363,0,2008-11-11 00:21:59
116.296404,0,2008-11-11 00:22:04
116.296415,0,2008-11-11 00:22:09
116.296497,0,2008-11-11 00:22:14
116.296602,0,2008-11-11 00:22:19
116.296922,0,2008-11-11 00:34:29
116.296943,0,2008-11-11 00:34:34
116.296911,0,2008-11-11 00:34:39
116.296848,0,2008-11-11 00:34:44
116.29681,0,2008-11-11 00:34:49
116.296803,0,2008-11-11 00:34:54
116.296813,0,2008-11-11 00:34:59
116.296828,0,2008-11-11 00:35:04
116.296836,0,2008-11-11 00:35:09
116.296836,0,2008-11-11 00:35:12
116.296839,0,2008-11-11 00:35:14
116.296849,0,2008-11-11 00:35:19
116.296854,0,2008-11-11 00:35:24
116.296852,0,2008-11-11 00:35:29
116.296852,0,2008-11-11 00:35:32
116.296846,0,2008-11-11 00:35:34
116.296844,0,2008-11-11 00:35:39
116.296841,0,2008-11-11 00:35:44
116.296862,0,2008-11-11 00:35:49
116.296862,0,2008-11-11 00:35:54
116.296845,0,2008-11-11 00:35:59
116.296845,0,2008-11-11 00:36:02
116.296852,0,2008-11-11 00:36:04
116.296871,0,2008-11-11 00:36:09
116.296887,0,2008-11-11 00:36:14
116.296898,0,2008-11-11 00:36:19
116.296888,0,2008-11-11 00:36:24
116.296895,0,2008-11-11 00:36:29
116.2969,0,2008-11-11 00:36:34
116.296894,0,2008-11-11 00:36:39
116.296887,0,2008-11-11 00:36:44
116.296891,0,2008-11-11 00:36:49
116.296899,0,2008-11-11 00:36:54
116.296899,0,2008-11-11 00:36:57
116.296907,0,2008-11-11 00:36:59
116.296919,0,2008-11-11 00:37:04
116.296912,0,2008-11-11 00:37:09
116.296923,0,2008-11-11 00:37:14
116.29693,0,2008-11-11 00:37:19
116.296925,0,2008-11-11 00:37:24
116.296919,0,2008-11-11 00:37:29
116.296905,0,2008-11-11 00:37:34
116.296873,0,2008-11-11 00:37:39
116.296874,0,2008-11-11 00:37:44
116.296877,0,2008-11-11 00:37:49
116.296887,0,2008-11-11 00:37:54
116.296871,0,2008-11-11 00:37:59
116.296838,0,2008-11-11 00:38:04
116.296819,0,2008-11-11 00:38:09
116.296827,0,2008-11-11 00:38:14
116.296836,0,2008-11-11 00:38:19
116.296862,0,2008-11-11 00:38:24
116.296863,0,2008-11-11 00:38:29
116.296863,0,2008-11-11 00:38:32
116.296855,0,2008-11-11 00:38:34
116.296835,0,2008-11-11 00:38:39
116.296819,0,2008-11-11 00:38:44
116.29682,0,2008-11-11 00:38:49
116.296825,0,2008-11-11 00:38:54
116.296818,0,2008-11-11 00:38:59
116.296818,0,2008-11-11 00:39:02
116.29682,0,2008-11-11 00:39:04
116.296822,0,2008-11-11 00:39:09
116.296826,0,2008-11-11 00:39:14
116.296834,0,2008-11-11 00:39:19
116.296827,0,2008-11-11 00:39:24
116.296809,0,2008-11-11 00:39:29
116.29679,0,2008-11-11 00:39:34
116.296822,0,2008-11-11 00:39:39
116.296904,0,2008-11-11 00:39:44
116.296982,0,2008-11-11 00:39:49
116.297039,0,2008-11-11 00:39:54
116.297064,0,2008-11-11 00:39:59
116.29706,0,2008-11-11 00:40:04
116.297073,0,2008-11-11 00:40:09
116.297107,0,2008-11-11 00:40:14
116.297117,0,2008-11-11 00:40:19
116.29713,0,2008-11-11 00:40:24
116.297118,0,2008-11-11 00:40:29
116.297097,0,2008-11-11 00:40:34
116.297097,0,2008-11-11 00:40:37
116.29709,0,2008-11-11 00:40:39
116.297056,0,2008-11-11 00:40:44
116.297056,0,2008-11-11 00:40:47
116.297051,0,2008-11-11 00:40:49
116.297067,0,2008-11-11 00:40:54
116.297075,0,2008-11-11 00:40:59
116.297047,0,2008-11-11 00:41:04
116.296976,0,2008-11-11 00:41:09
116.296884,0,2008-11-11 00:41:14
116.296855,0,2008-11-11 00:41:19
116.296824,0,2008-11-11 00:41:24
116.296824,0,2008-11-11 00:41:27
116.296826,0,2008-11-11 00:41:29
116.296837,0,2008-11-11 00:41:34
116.296842,0,2008-11-11 00:41:39
116.296853,0,2008-11-11 00:41:44
116.296852,0,2008-11-11 00:41:49
116.296852,0,2008-11-11 00:41:52
116.296848,0,2008-11-11 00:41:54
116.296837,0,2008-11-11 00:41:59
116.296837,0,2008-11-11 00:42:02
116.29684,0,2008-11-11 00:42:04
116.296849,0,2008-11-11 00:42:09
116.296849,0,2008-11-11 00:42:12
116.296842,0,2008-11-11 00:42:14
116.296786,0,2008-11-11 00:42:19
116.29679,0,2008-11-11 00:42:24
116.296806,0,2008-11-11 00:42:29
116.296793,0,2008-11-11 00:42:34
116.29678,0,2008-11-11 00:42:39
116.296743,0,2008-11-11 00:42:44
116.29673,0,2008-11-11 00:42:49
116.296714,0,2008-11-11 00:42:54
116.296754,0,2008-11-11 00:42:59
116.296762,0,2008-11-11 00:43:04
116.296763,0,2008-11-11 00:43:09
116.296755,0,2008-11-11 00:43:14
116.296755,0,2008-11-11 00:43:17
116.296755,0,2008-11-11 00:43:19
116.296745,0,2008-11-11 00:43:24
116.296737,0,2008-11-11 00:43:29
116.296787,0,2008-11-11 00:43:34
116.296828,0,2008-11-11 00:43:39
116.29682,0,2008-11-11 00:43:44
116.296796,0,2008-11-11 00:43:49
116.296776,0,2008-11-11 00:43:54
116.296768,0,2008-11-11 00:43:59
116.296757,0,2008-11-11 00:44:04
116.296757,0,2008-11-11 00:44:07
116.296758,0,2008-11-11 00:44:09
116.296797,0,2008-11-11 00:44:14
116.296776,0,2008-11-11 00:44:19
116.296771,0,2008-11-11 00:44:24
116.296773,0,2008-11-11 00:44:29
116.29679,0,2008-11-11 00:44:34
116.29679,0,2008-11-11 00:44:37
116.296786,0,2008-11-11 00:44:39
116.296784,0,2008-11-11 00:44:44
116.296769,0,2008-11-11 00:44:49
116.296794,0,2008-11-11 00:44:54
116.296818,0,2008-11-11 00:44:59
116.296818,0,2008-11-11 00:45:02
116.296819,0,2008-11-11 00:45:04
116.296835,0,2008-11-11 00:45:09
116.296849,0,2008-11-11 00:45:14
116.296842,0,2008-11-11 00:45:19
116.296816,0,2008-11-11 00:45:24
116.29679,0,2008-11-11 00:45:29
116.29675,0,2008-11-11 00:45:34
116.296752,0,2008-11-11 00:45:39
116.296825,0,2008-11-11 00:45:44
116.296855,0,2008-11-11 00:45:49
116.296845,0,2008-11-11 00:45:54
116.296849,0,2008-11-11 00:45:59
116.296862,0,2008-11-11 00:46:04
116.296886,0,2008-11-11 00:46:09
116.296852,0,2008-11-11 00:46:14
116.296843,0,2008-11-11 00:46:19
116.296843,0,2008-11-11 00:46:22
116.296845,0,2008-11-11 00:46:24
116.296832,0,2008-11-11 00:46:29
116.29683,0,2008-11-11 00:46:34
116.296831,0,2008-11-11 00:46:39
116.296838,0,2008-11-11 00:46:44
116.296896,0,2008-11-11 00:46:49
116.29696,0,2008-11-11 00:46:54
116.297017,0,2008-11-11 00:46:59
116.297048,0,2008-11-11 00:47:04
116.297011,0,2008-11-11 00:47:09
116.296983,0,2008-11-11 00:47:14
116.297036,0,2008-11-11 00:47:19
116.297096,0,2008-11-11 00:47:24
116.297126,0,2008-11-11 00:47:29
116.297097,0,2008-11-11 00:47:34
116.297039,0,2008-11-11 00:47:39
116.296975,0,2008-11-11 00:47:44
116.296936,0,2008-11-11 00:47:49
116.296906,0,2008-11-11 00:47:54
116.296906,0,2008-11-11 00:47:57
116.29691,0,2008-11-11 00:47:59
116.2969,0,2008-11-11 00:48:04
116.296865,0,2008-11-11 00:48:09
116.296811,0,2008-11-11 00:48:14
116.29675,0,2008-11-11 00:48:19
116.296695,0,2008-11-11 00:48:24
116.296684,0,2008-11-11 00:48:29
116.296723,0,2008-11-11 00:48:34
116.296862,0,2008-11-11 00:48:39
116.296937,0,2008-11-11 00:48:44
116.297015,0,2008-11-11 00:48:49
116.297057,0,2008-11-11 00:48:54
116.29711,0,2008-11-11 00:48:59
116.297132,0,2008-11-11 00:49:04
116.297152,0,2008-11-11 00:49:09
116.297176,0,2008-11-11 00:49:14
116.297177,0,2008-11-11 00:49:19
116.297167,0,2008-11-11 00:49:24
116.297165,0,2008-11-11 00:49:29
116.29712,0,2008-11-11 00:49:34
116.297076,0,2008-11-11 00:49:39
116.297052,0,2008-11-11 00:49:44
116.297018,0,2008-11-11 00:49:49
116.296989,0,2008-11-11 00:49:54
116.296967,0,2008-11-11 00:49:59
116.296932,0,2008-11-11 00:50:04
116.296882,0,2008-11-11 00:50:09
116.296804,0,2008-11-11 00:50:14
116.296745,0,2008-11-11 00:50:19
116.296719,0,2008-11-11 00:50:24
116.296719,0,2008-11-11 00:50:27
116.296715,0,2008-11-11 00:50:29
116.296715,0,2008-11-11 00:50:34
116.296655,0,2008-11-11 00:50:39
116.296631,0,2008-11-11 00:50:44
116.296655,0,2008-11-11 00:50:49
116.296692,0,2008-11-11 00:50:54
116.296712,0,2008-11-11 00:50:59
116.296691,0,2008-11-11 00:51:04
116.296702,0,2008-11-11 00:51:09
116.296741,0,2008-11-11 00:51:14
116.296806,0,2008-11-11 00:51:19
116.296861,0,2008-11-11 00:51:24
116.296878,0,2008-11-11 00:51:29
116.296808,0,2008-11-11 00:51:34
116.296803,0,2008-11-11 00:51:39
116.296828,0,2008-11-11 00:51:44
116.296864,0,2008-11-11 00:51:49
116.29687,0,2008-11-11 00:51:54
116.296884,0,2008-11-11 00:51:59
116.296914,0,2008-11-11 00:52:04
116.296943,0,2008-11-11 00:52:09
116.29697,0,2008-11-11 00:52:14
116.297001,0,2008-11-11 00:52:19
116.297028,0,2008-11-11 00:52:24
116.297061,0,2008-11-11 00:52:29
116.297061,0,2008-11-11 00:52:32
116.297064,0,2008-11-11 00:52:34
116.297056,0,2008-11-11 00:52:39
116.297067,0,2008-11-11 00:52:44
116.297067,0,2008-11-11 00:52:47
116.297074,0,2008-11-11 00:52:49
116.297064,0,2008-11-11 00:52:54
116.297021,0,2008-11-11 00:52:59
116.296992,0,2008-11-11 00:53:04
116.296979,0,2008-11-11 00:53:09
116.296978,0,2008-11-11 00:53:14
116.296982,0,2008-11-11 00:53:19
116.296982,0,2008-11-11 00:53:22
116.296989,0,2008-11-11 00:53:24
116.297007,0,2008-11-11 00:53:29
116.297065,0,2008-11-11 00:53:34
116.297094,0,2008-11-11 00:53:39
116.297125,0,2008-11-11 00:53:44
116.297172,0,2008-11-11 00:53:49
116.297231,0,2008-11-11 00:53:54
116.297245,0,2008-11-11 00:53:59
116.297239,0,2008-11-11 00:54:04
116.297257,0,2008-11-11 00:54:09
116.297277,0,2008-11-11 00:54:14
116.297304,0,2008-11-11 00:54:19
116.297289,0,2008-11-11 00:54:24
116.297242,0,2008-11-11 00:54:29
116.297189,0,2008-11-11 00:54:34
116.297167,0,2008-11-11 00:54:39
116.297156,0,2008-11-11 00:54:44
116.297129,0,2008-11-11 00:54:49
116.297129,0,2008-11-11 00:54:52
116.297132,0,2008-11-11 00:54:54
116.297123,0,2008-11-11 00:54:59
116.297123,0,2008-11-11 00:55:02
116.297124,0,2008-11-11 00:55:04
116.297103,0,2008-11-11 00:55:09
116.297075,0,2008-11-11 00:55:14
116.297062,0,2008-11-11 00:55:19
116.297061,0,2008-11-11 00:55:24
116.297061,0,2008-11-11 00:55:27
116.297062,0,2008-11-11 00:55:29
116.297083,0,2008-11-11 00:55:34
116.297073,0,2008-11-11 00:55:39
116.297053,0,2008-11-11 00:55:44
116.296981,0,2008-11-11 00:55:49
116.296905,0,2008-11-11 00:55:54
116.296869,0,2008-11-11 00:55:59
116.296818,0,2008-11-11 00:56:04
116.296793,0,2008-11-11 00:56:09
116.296736,0,2008-11-11 00:56:14
116.296681,0,2008-11-11 00:56:19
116.29664,0,2008-11-11 00:56:24
116.296622,0,2008-11-11 00:56:29
116.296611,0,2008-11-11 00:56:34
116.296594,0,2008-11-11 00:56:39
116.296571,0,2008-11-11 00:56:44
116.296604,0,2008-11-11 00:56:49
116.296563,0,2008-11-11 00:56:54
116.296523,0,2008-11-11 00:56:59
116.296473,0,2008-11-11 00:57:04
116.296434,0,2008-11-11 00:57:09
116.296397,0,2008-11-11 00:57:14
116.296372,0,2008-11-11 00:57:19
116.29636,0,2008-11-11 00:57:24
116.296347,0,2008-11-11 00:57:29
116.296306,0,2008-11-11 00:57:34
116.296279,0,2008-11-11 00:57:39
116.29624,0,2008-11-11 00:57:44
116.296203,0,2008-11-11 00:57:49
116.296133,0,2008-11-11 00:57:54
116.296056,0,2008-11-11 00:57:59
116.295973,0,2008-11-11 00:58:04
116.295915,0,2008-11-11 00:58:09
116.295867,0,2008-11-11 00:58:14
116.295823,0,2008-11-11 00:58:19
116.295762,0,2008-11-11 00:58:24
116.295721,0,2008-11-11 00:58:29
116.295714,0,2008-11-11 00:58:34
116.295728,0,2008-11-11 00:58:39
116.295735,0,2008-11-11 00:58:44
116.295706,0,2008-11-11 00:58:49
116.295685,0,2008-11-11 00:58:54
116.295661,0,2008-11-11 00:58:59
116.295681,0,2008-11-11 00:59:04
116.2957,0,2008-11-11 00:59:09
116.295702,0,2008-11-11 00:59:14
116.295739,0,2008-11-11 00:59:19
116.295722,0,2008-11-11 00:59:24
116.295673,0,2008-11-11 00:59:29
116.295606,0,2008-11-11 00:59:34
116.295566,0,2008-11-11 00:59:39
116.295539,0,2008-11-11 00:59:44
116.295551,0,2008-11-11 00:59:49
116.295523,0,2008-11-11 00:59:54
116.295694,0,2008-11-11 00:59:59
116.295854,0,2008-11-11 01:00:04
116.295917,0,2008-11-11 01:00:09
116.295951,0,2008-11-11 01:00:14
116.295974,0,2008-11-11 01:00:19
116.296016,0,2008-11-11 01:00:24
116.296081,0,2008-11-11 01:00:29
116.296169,0,2008-11-11 01:00:34
116.296271,0,2008-11-11 01:00:39
116.29629,0,2008-11-11 01:00:44
116.296296,0,2008-11-11 01:00:49
116.296267,0,2008-11-11 01:00:54
116.296286,0,2008-11-11 01:00:59
116.296304,0,2008-11-11 01:01:04
116.296329,0,2008-11-11 01:01:09
116.296342,0,2008-11-11 01:01:14
116.296358,0,2008-11-11 01:01:19
116.296402,0,2008-11-11 01:01:24
116.296425,0,2008-11-11 01:01:29
116.296445,0,2008-11-11 01:01:34
116.296448,0,2008-11-11 01:01:39
116.296438,0,2008-11-11 01:01:44
116.296374,0,2008-11-11 01:01:49
116.296322,0,2008-11-11 01:01:54
116.296265,0,2008-11-11 01:01:59
116.296194,0,2008-11-11 01:02:04
116.296113,0,2008-11-11 01:02:09
116.296082,0,2008-11-11 01:02:14
116.296103,0,2008-11-11 01:02:19
116.296143,0,2008-11-11 01:02:24
116.296195,0,2008-11-11 01:02:29
116.296239,0,2008-11-11 01:02:34
116.296253,0,2008-11-11 01:02:39
116.296243,0,2008-11-11 01:02:44
116.29625,0,2008-11-11 01:02:49
116.296295,0,2008-11-11 01:02:54
116.296349,0,2008-11-11 01:02:59
116.296421,0,2008-11-11 01:03:04
116.296475,0,2008-11-11 01:03:09
116.296522,0,2008-11-11 01:03:14
116.296603,0,2008-11-11 01:03:19
116.296665,0,2008-11-11 01:03:24
116.296727,0,2008-11-11 01:03:29
116.296797,0,2008-11-11 01:03:34
116.296885,0,2008-11-11 01:03:39
116.296931,0,2008-11-11 01:03:44
116.296938,0,2008-11-11 01:03:49
116.2969,0,2008-11-11 01:03:54
116.296881,0,2008-11-11 01:03:59
116.296823,0,2008-11-11 01:04:04
116.296792,0,2008-11-11 01:04:09
116.296761,0,2008-11-11 01:04:14
116.296735,0,2008-11-11 01:04:19
116.296719,0,2008-11-11 01:04:24
116.296719,0,2008-11-11 01:04:27
116.296718,0,2008-11-11 01:04:29
116.296707,0,2008-11-11 01:04:34
116.296707,0,2008-11-11 01:04:37
116.296705,0,2008-11-11 01:04:39
116.296696,0,2008-11-11 01:04:44
116.296693,0,2008-11-11 01:04:49
116.296638,0,2008-11-11 01:04:54
116.296559,0,2008-11-11 01:04:59
116.296489,0,2008-11-11 01:05:04
116.296439,0,2008-11-11 01:05:09
116.296319,0,2008-11-11 01:05:14
116.296196,0,2008-11-11 01:05:19
116.296145,0,2008-11-11 01:05:24
116.296135,0,2008-11-11 01:05:29
116.296182,0,2008-11-11 01:05:34
116.296299,0,2008-11-11 01:05:39
116.296379,0,2008-11-11 01:05:44
116.296485,0,2008-11-11 01:05:49
116.296478,0,2008-11-11 01:05:54
116.296474,0,2008-11-11 01:05:59
116.296448,0,2008-11-11 01:06:04
116.296416,0,2008-11-11 01:06:09
116.296448,0,2008-11-11 01:06:14
116.296463,0,2008-11-11 01:06:19
116.296427,0,2008-11-11 01:06:24
116.296457,0,2008-11-11 01:06:29
116.296452,0,2008-11-11 01:06:34
116.296385,0,2008-11-11 01:06:39
116.29644,0,2008-11-11 01:06:44
116.296489,0,2008-11-11 01:06:49
116.296494,0,2008-11-11 01:06:54
116.296482,0,2008-11-11 01:06:59
116.296426,0,2008-11-11 01:07:04
116.296394,0,2008-11-11 01:07:09
116.296336,0,2008-11-11 01:07:14
116.296368,0,2008-11-11 01:07:19
116.296479,0,2008-11-11 01:07:24
116.296499,0,2008-11-11 01:07:29
116.296517,0,2008-11-11 01:07:34
116.296522,0,2008-11-11 01:07:39
116.296549,0,2008-11-11 01:07:44
116.296565,0,2008-11-11 01:07:49
116.296583,0,2008-11-11 01:07:54
116.296614,0,2008-11-11 01:07:59
116.296597,0,2008-11-11 01:08:04
116.296535,0,2008-11-11 01:08:09
116.296483,0,2008-11-11 01:08:14
116.296452,0,2008-11-11 01:08:19
116.296406,0,2008-11-11 01:08:24
116.296366,0,2008-11-11 01:08:29
116.296324,0,2008-11-11 01:08:34
116.296287,0,2008-11-11 01:08:39
116.296261,0,2008-11-11 01:08:44
116.296254,0,2008-11-11 01:08:49
116.29626,0,2008-11-11 01:08:54
116.296241,0,2008-11-11 01:08:59
116.296215,0,2008-11-11 01:09:04
116.296188,0,2008-11-11 01:09:09
116.296169,0,2008-11-11 01:09:14
116.296153,0,2008-11-11 01:09:19
116.296144,0,2008-11-11 01:09:24
116.296132,0,2008-11-11 01:09:29
116.296101,0,2008-11-11 01:09:34
116.29606,0,2008-11-11 01:09:39
116.296043,0,2008-11-11 01:09:44
116.296008,0,2008-11-11 01:09:49
116.295941,0,2008-11-11 01:09:54
116.29586,0,2008-11-11 01:09:59
116.295777,0,2008-11-11 01:10:04
116.295682,0,2008-11-11 01:10:09
116.295605,0,2008-11-11 01:10:14
116.295595,0,2008-11-11 01:10:19
116.295635,0,2008-11-11 01:10:24
116.295692,0,2008-11-11 01:10:29
116.295705,0,2008-11-11 01:10:34
116.295681,0,2008-11-11 01:10:39
116.295722,0,2008-11-11 01:10:44
116.295807,0,2008-11-11 01:10:49
116.295834,0,2008-11-11 01:10:54
116.295813,0,2008-11-11 01:10:59
116.295798,0,2008-11-11 01:11:04
116.295751,0,2008-11-11 01:11:09
116.295689,0,2008-11-11 01:11:14
116.295626,0,2008-11-11 01:11:19
116.295587,0,2008-11-11 01:11:24
116.29558,0,2008-11-11 01:11:29
116.295576,0,2008-11-11 01:11:34
116.295546,0,2008-11-11 01:11:39
116.295532,0,2008-11-11 01:11:44
116.295504,0,2008-11-11 01:11:49
116.295484,0,2008-11-11 01:11:54
116.295504,0,2008-11-11 01:11:59
116.295538,0,2008-11-11 01:12:04
116.295578,0,2008-11-11 01:12:09
116.295581,0,2008-11-11 01:12:14
116.295571,0,2008-11-11 01:12:19
116.295572,0,2008-11-11 01:12:24
116.295558,0,2008-11-11 01:12:29
116.295525,0,2008-11-11 01:12:34
116.295486,0,2008-11-11 01:12:39
116.295452,0,2008-11-11 01:12:44
116.295418,0,2008-11-11 01:12:49
116.295411,0,2008-11-11 01:12:54
116.295422,0,2008-11-11 01:12:59
116.295453,0,2008-11-11 01:13:04
116.295493,0,2008-11-11 01:13:09
116.295539,0,2008-11-11 01:13:14
116.295598,0,2008-11-11 01:13:19
116.295637,0,2008-11-11 01:13:24
116.295712,0,2008-11-11 01:13:29
116.295788,0,2008-11-11 01:13:34
116.295873,0,2008-11-11 01:13:39
116.295954,0,2008-11-11 01:13:44
116.296013,0,2008-11-11 01:13:49
116.296074,0,2008-11-11 01:13:54
116.296113,0,2008-11-11 01:13:59
116.296139,0,2008-11-11 01:14:04
116.296201,0,2008-11-11 01:14:09
116.296297,0,2008-11-11 01:14:14
116.29637,0,2008-11-11 01:14:19
116.296459,0,2008-11-11 01:14:24
116.296509,0,2008-11-11 01:14:29
116.296567,0,2008-11-11 01:14:34
116.296647,0,2008-11-11 01:14:39
116.296743,0,2008-11-11 01:14:44
116.296787,0,2008-11-11 01:14:49
116.296844,0,2008-11-11 01:14:54
116.296885,0,2008-11-11 01:14:59
116.296908,0,2008-11-11 01:15:04
116.296926,0,2008-11-11 01:15:09
116.296926,0,2008-11-11 01:15:12
116.296918,0,2008-11-11 01:15:14
116.296936,0,2008-11-11 01:15:19
116.296942,0,2008-11-11 01:15:24
116.296954,0,2008-11-11 01:15:29
116.296942,0,2008-11-11 01:15:34
116.296954,0,2008-11-11 01:15:39
116.296992,0,2008-11-11 01:15:44
116.297026,0,2008-11-11 01:15:49
116.297013,0,2008-11-11 01:15:54
116.296995,0,2008-11-11 01:15:59
116.297006,0,2008-11-11 01:16:04
116.297012,0,2008-11-11 01:16:09
116.297009,0,2008-11-11 01:16:14
116.297006,0,2008-11-11 01:16:19
116.296956,0,2008-11-11 01:16:24
116.296932,0,2008-11-11 01:16:29
116.29696,0,2008-11-11 01:16:34
116.296995,0,2008-11-11 01:16:39
116.296995,0,2008-11-11 01:16:42
116.296998,0,2008-11-11 01:16:44
116.296959,0,2008-11-11 01:16:49
116.296894,0,2008-11-11 01:16:54
116.296816,0,2008-11-11 01:16:59
116.296816,0,2008-11-11 01:17:04
116.296847,0,2008-11-11 01:17:09
116.296884,0,2008-11-11 01:17:14
116.296907,0,2008-11-11 01:17:19
116.296949,0,2008-11-11 01:17:24
116.296994,0,2008-11-11 01:17:29
116.297011,0,2008-11-11 01:17:34
116.297058,0,2008-11-11 01:17:39
116.297098,0,2008-11-11 01:17:44
116.297119,0,2008-11-11 01:17:49
116.297163,0,2008-11-11 01:17:54
116.297163,0,2008-11-11 01:17:57
116.297168,0,2008-11-11 01:17:59
116.29715,0,2008-11-11 01:18:04
116.297132,0,2008-11-11 01:18:09
116.297097,0,2008-11-11 01:18:14
116.297097,0,2008-11-11 01:18:17
116.297097,0,2008-11-11 01:18:19
116.297072,0,2008-11-11 01:18:24
116.297042,0,2008-11-11 01:18:29
116.297031,0,2008-11-11 01:18:34
116.297009,0,2008-11-11 01:18:39
116.296967,0,2008-11-11 01:18:44
116.296946,0,2008-11-11 01:18:49
116.296914,0,2008-11-11 01:18:54
116.296861,0,2008-11-11 01:18:59
116.296849,0,2008-11-11 01:19:04
116.296809,0,2008-11-11 01:19:09
116.296789,0,2008-11-11 01:19:14
116.29677,0,2008-11-11 01:19:19
116.296755,0,2008-11-11 01:19:24
116.296731,0,2008-11-11 01:19:29
116.296718,0,2008-11-11 01:19:34
116.296686,0,2008-11-11 01:19:39
116.296662,0,2008-11-11 01:19:44
116.296718,0,2008-11-11 01:19:49
116.296687,0,2008-11-11 01:19:54
116.296613,0,2008-11-11 01:19:59
116.296564,0,2008-11-11 01:20:04
116.296612,0,2008-11-11 01:20:09
116.296665,0,2008-11-11 01:20:14
116.296816,0,2008-11-11 01:20:19
116.296967,0,2008-11-11 01:20:24
116.297032,0,2008-11-11 01:20:29
116.297064,0,2008-11-11 01:20:34
116.29706,0,2008-11-11 01:20:39
116.297034,0,2008-11-11 01:20:44
116.296994,0,2008-11-11 01:20:49
116.296953,0,2008-11-11 01:20:54
116.296902,0,2008-11-11 01:20:59
116.29692,0,2008-11-11 01:21:04
116.296952,0,2008-11-11 01:21:09
116.296894,0,2008-11-11 01:21:14
116.29683,0,2008-11-11 01:21:19
116.296774,0,2008-11-11 01:21:24
116.296747,0,2008-11-11 01:21:29
116.296777,0,2008-11-11 01:21:34
116.296726,0,2008-11-11 01:21:39
116.296695,0,2008-11-11 01:21:44
116.296649,0,2008-11-11 01:21:49
116.296588,0,2008-11-11 01:21:54
116.296532,0,2008-11-11 01:21:59
116.296471,0,2008-11-11 01:22:04
116.296408,0,2008-11-11 01:22:09
116.296337,0,2008-11-11 01:22:14
116.296232,0,2008-11-11 01:22:19
116.296173,0,2008-11-11 01:22:24
116.296124,0,2008-11-11 01:22:29
116.296136,0,2008-11-11 01:22:34
116.296171,0,2008-11-11 01:22:39
116.296199,0,2008-11-11 01:22:44
116.296156,0,2008-11-11 01:22:49
116.296196,0,2008-11-11 01:22:54
116.296284,0,2008-11-11 01:22:59
116.296435,0,2008-11-11 01:23:04
116.296445,0,2008-11-11 01:23:09
116.29646,0,2008-11-11 01:23:14
116.29634,0,2008-11-11 01:23:19
116.296266,0,2008-11-11 01:23:24
116.296231,0,2008-11-11 01:23:29
116.2962,0,2008-11-11 01:23:34
116.296178,0,2008-11-11 01:23:39
116.296179,0,2008-11-11 01:23:44
116.296219,0,2008-11-11 01:23:49
116.296252,0,2008-11-11 01:23:54
116.296276,0,2008-11-11 01:23:59
116.29627,0,2008-11-11 01:24:04
116.296302,0,2008-11-11 01:24:09
116.296299,0,2008-11-11 01:24:14
116.29629,0,2008-11-11 01:24:19
116.296275,0,2008-11-11 01:24:24
116.296269,0,2008-11-11 01:24:29
116.29626,0,2008-11-11 01:24:34
116.296253,0,2008-11-11 01:24:39
116.296238,0,2008-11-11 01:24:44
116.296238,0,2008-11-11 01:24:47
116.296237,0,2008-11-11 01:24:49
116.296264,0,2008-11-11 01:24:54
116.296273,0,2008-11-11 01:24:59
116.296288,0,2008-11-11 01:25:04
116.296295,0,2008-11-11 01:25:09
116.296299,0,2008-11-11 01:25:14
116.296326,0,2008-11-11 01:25:19
116.29632,0,2008-11-11 01:25:24
116.296351,0,2008-11-11 01:25:29
116.296397,0,2008-11-11 01:25:34
116.296415,0,2008-11-11 01:25:39
116.296444,0,2008-11-11 01:25:44
116.296492,0,2008-11-11 01:25:49
116.29653,0,2008-11-11 01:25:54
116.296569,0,2008-11-11 01:25:59
116.296604,0,2008-11-11 01:26:04
116.296635,0,2008-11-11 01:26:09
116.296654,0,2008-11-11 01:26:14
116.296693,0,2008-11-11 01:26:19
116.296705,0,2008-11-11 01:26:24
116.296748,0,2008-11-11 01:26:29
116.296774,0,2008-11-11 01:26:34
116.296826,0,2008-11-11 01:26:39
116.296887,0,2008-11-11 01:26:44
116.296944,0,2008-11-11 01:26:49
116.296997,0,2008-11-11 01:26:54
116.297037,0,2008-11-11 01:26:59
116.297081,0,2008-11-11 01:27:04
116.297104,0,2008-11-11 01:27:09
116.297147,0,2008-11-11 01:27:14
116.297235,0,2008-11-11 01:27:19
116.297319,0,2008-11-11 01:27:24
116.297398,0,2008-11-11 01:27:29
116.297474,0,2008-11-11 01:27:34
116.297537,0,2008-11-11 01:27:39
116.297556,0,2008-11-11 01:27:44
116.297496,0,2008-11-11 01:27:49
116.297423,0,2008-11-11 01:27:54
116.297364,0,2008-11-11 01:27:59
116.29735,0,2008-11-11 01:28:04
116.297316,0,2008-11-11 01:28:09
116.297325,0,2008-11-11 01:28:14
116.297325,0,2008-11-11 01:28:17
116.29733,0,2008-11-11 01:28:19
116.297408,0,2008-11-11 01:28:24
116.297474,0,2008-11-11 01:28:29
116.297473,0,2008-11-11 01:28:34
116.297491,0,2008-11-11 01:28:39
116.297499,0,2008-11-11 01:28:44
116.297492,0,2008-11-11 01:28:49
116.297489,0,2008-11-11 01:28:54
116.297522,0,2008-11-11 01:28:59
116.29755,0,2008-11-11 01:29:04
116.297614,0,2008-11-11 01:29:09
116.297657,0,2008-11-11 01:29:14
116.297657,0,2008-11-11 01:29:17
116.297654,0,2008-11-11 01:29:19
116.297642,0,2008-11-11 01:29:24
116.297679,0,2008-11-11 01:29:29
116.297734,0,2008-11-11 01:29:34
116.297777,0,2008-11-11 01:29:39
116.297777,0,2008-11-11 01:29:42
116.297784,0,2008-11-11 01:29:44
116.297805,0,2008-11-11 01:29:49
116.297783,0,2008-11-11 01:29:54
116.297742,0,2008-11-11 01:29:59
116.297733,0,2008-11-11 01:30:04
116.297709,0,2008-11-11 01:30:09
116.297691,0,2008-11-11 01:30:14
116.297573,0,2008-11-11 01:30:19
116.297485,0,2008-11-11 01:30:24
116.29742,0,2008-11-11 01:30:29
116.297357,0,2008-11-11 01:30:34
116.297311,0,2008-11-11 01:30:39
116.297299,0,2008-11-11 01:30:44
116.297285,0,2008-11-11 01:30:49
116.297259,0,2008-11-11 01:30:54
116.297229,0,2008-11-11 01:30:59
116.297168,0,2008-11-11 01:31:04
116.297058,0,2008-11-11 01:31:09
116.296929,0,2008-11-11 01:31:14
116.296822,0,2008-11-11 01:31:19
116.296716,0,2008-11-11 01:31:24
116.296605,0,2008-11-11 01:31:29
116.296479,0,2008-11-11 01:31:34
116.296348,0,2008-11-11 01:31:39
116.296232,0,2008-11-11 01:31:44
116.296107,0,2008-11-11 01:31:49
116.295951,0,2008-11-11 01:31:54
116.295768,0,2008-11-11 01:31:59
116.29558,0,2008-11-11 01:32:04
116.295384,0,2008-11-11 01:32:09
116.295258,0,2008-11-11 01:32:14
116.295183,0,2008-11-11 01:32:19
116.295192,0,2008-11-11 01:32:24
116.295211,0,2008-11-11 01:32:29
116.295206,0,2008-11-11 01:32:34
116.295276,0,2008-11-11 01:32:39
116.295334,0,2008-11-11 01:32:44
116.29541,0,2008-11-11 01:32:49
116.295502,0,2008-11-11 01:32:54
116.295528,0,2008-11-11 01:32:59
116.295511,0,2008-11-11 01:33:04
116.29546,0,2008-11-11 01:33:09
116.295402,0,2008-11-11 01:33:14
116.295342,0,2008-11-11 01:33:19
116.295327,0,2008-11-11 01:33:24
116.295294,0,2008-11-11 01:33:29
116.295252,0,2008-11-11 01:33:34
116.295201,0,2008-11-11 01:33:39
116.295141,0,2008-11-11 01:33:44
116.295044,0,2008-11-11 01:33:49
116.294792,0,2008-11-11 01:33:54
116.294573,0,2008-11-11 01:33:59
116.294527,0,2008-11-11 01:34:04
116.294546,0,2008-11-11 01:34:09
116.294516,0,2008-11-11 01:34:14
116.294481,0,2008-11-11 01:34:19
116.294451,0,2008-11-11 01:34:24
116.294412,0,2008-11-11 01:34:29
116.294374,0,2008-11-11 01:34:34
116.294359,0,2008-11-11 01:34:39
116.294372,0,2008-11-11 01:34:44
116.294567,0,2008-11-11 01:34:49
116.2947,0,2008-11-11 01:34:54
116.294772,0,2008-11-11 01:34:59
116.294778,0,2008-11-11 01:35:04
116.294778,0,2008-11-11 01:35:07
116.294783,0,2008-11-11 01:35:09
116.294863,0,2008-11-11 01:35:14
116.294928,0,2008-11-11 01:35:19
116.294972,0,2008-11-11 01:35:24
116.29501,0,2008-11-11 01:35:29
116.29501,0,2008-11-11 01:35:32
116.295002,0,2008-11-11 01:35:34
116.294954,0,2008-11-11 01:35:39
116.294907,0,2008-11-11 01:35:44
116.294862,0,2008-11-11 01:35:49
116.294907,0,2008-11-11 01:35:54
116.294991,0,2008-11-11 01:35:59
116.295089,0,2008-11-11 01:36:04
116.295181,0,2008-11-11 01:36:09
116.295217,0,2008-11-11 01:36:14
116.295247,0,2008-11-11 01:36:19
116.295357,0,2008-11-11 01:36:24
116.295625,0,2008-11-11 01:36:29
116.29616,0,2008-11-11 01:36:34
116.296873,0,2008-11-11 01:36:39
116.297123,0,2008-11-11 01:36:44
116.296751,0,2008-11-11 01:36:49
116.296291,0,2008-11-11 01:36:54
116.295683,0,2008-11-11 01:36:59
116.295383,0,2008-11-11 01:37:04
116.295292,0,2008-11-11 01:37:09
116.295258,0,2008-11-11 01:37:14
116.295245,0,2008-11-11 01:37:19
116.295286,0,2008-11-11 01:37:24
116.295324,0,2008-11-11 01:37:29
116.295313,0,2008-11-11 01:37:34
116.295299,0,2008-11-11 01:37:39
116.295274,0,2008-11-11 01:37:44
116.295224,0,2008-11-11 01:37:49
116.295212,0,2008-11-11 01:37:54
116.295241,0,2008-11-11 01:37:59
116.29522,0,2008-11-11 01:38:04
116.29514,0,2008-11-11 01:38:09
116.295111,0,2008-11-11 01:38:14
116.295182,0,2008-11-11 01:38:19
116.295259,0,2008-11-11 01:38:24
116.295325,0,2008-11-11 01:38:29
116.295346,0,2008-11-11 01:38:34
116.295352,0,2008-11-11 01:38:39
116.295383,0,2008-11-11 01:38:44
116.2954,0,2008-11-11 01:38:49
116.295382,0,2008-11-11 01:38:54
116.295398,0,2008-11-11 01:38:59
116.295402,0,2008-11-11 01:39:04
116.295391,0,2008-11-11 01:39:09
116.295351,0,2008-11-11 01:39:14
116.295343,0,2008-11-11 01:39:19
116.295332,0,2008-11-11 01:39:24
116.295319,0,2008-11-11 01:39:29
116.295346,0,2008-11-11 01:39:34
116.295381,0,2008-11-11 01:39:39
116.29537,0,2008-11-11 01:39:44
116.295378,0,2008-11-11 01:39:49
116.295368,0,2008-11-11 01:39:54
116.295363,0,2008-11-11 01:39:59
116.295396,0,2008-11-11 01:40:04
116.295454,0,2008-11-11 01:40:09
116.295501,0,2008-11-11 01:40:14
116.295519,0,2008-11-11 01:40:19
116.295497,0,2008-11-11 01:40:24
116.295466,0,2008-11-11 01:40:29
116.295459,0,2008-11-11 01:40:34
116.295481,0,2008-11-11 01:40:39
116.295506,0,2008-11-11 01:40:44
116.295531,0,2008-11-11 01:40:49
116.295621,0,2008-11-11 01:40:54
116.295716,0,2008-11-11 01:40:59
116.295794,0,2008-11-11 01:41:04
116.295865,0,2008-11-11 01:41:09
116.295934,0,2008-11-11 01:41:14
116.295963,0,2008-11-11 01:41:19
116.295978,0,2008-11-11 01:41:24
116.295991,0,2008-11-11 01:41:29
116.296037,0,2008-11-11 01:41:34
116.296128,0,2008-11-11 01:41:39
116.296242,0,2008-11-11 01:41:44
116.296377,0,2008-11-11 01:41:49
116.296522,0,2008-11-11 01:41:54
116.296677,0,2008-11-11 01:41:59
116.296808,0,2008-11-11 01:42:04
116.296901,0,2008-11-11 01:42:09
116.297003,0,2008-11-11 01:42:14
116.297127,0,2008-11-11 01:42:19
116.297216,0,2008-11-11 01:42:24
116.297286,0,2008-11-11 01:42:29
116.297356,0,2008-11-11 01:42:34
116.297423,0,2008-11-11 01:42:39
116.297511,0,2008-11-11 01:42:44
116.297553,0,2008-11-11 01:42:49
116.297541,0,2008-11-11 01:42:54
116.297543,0,2008-11-11 01:42:59
116.297588,0,2008-11-11 01:43:04
116.297575,0,2008-11-11 01:43:09
116.297596,0,2008-11-11 01:43:14
116.297608,0,2008-11-11 01:43:19
116.297613,0,2008-11-11 01:43:24
116.297622,0,2008-11-11 01:43:29
116.297661,0,2008-11-11 01:43:34
116.297661,0,2008-11-11 01:43:37
116.29766,0,2008-11-11 01:43:39
116.297674,0,2008-11-11 01:43:44
116.297684,0,2008-11-11 01:43:49
116.297678,0,2008-11-11 01:43:54
116.297666,0,2008-11-11 01:43:59
116.29764,0,2008-11-11 01:44:04
116.29762,0,2008-11-11 01:44:09
116.297624,0,2008-11-11 01:44:14
116.297624,0,2008-11-11 01:44:17
116.297631,0,2008-11-11 01:44:19
116.297668,0,2008-11-11 01:44:24
116.297707,0,2008-11-11 01:44:29
116.297757,0,2008-11-11 01:44:34
116.297772,0,2008-11-11 01:44:39
116.297783,0,2008-11-11 01:44:44
116.297765,0,2008-11-11 01:44:49
116.29777,0,2008-11-11 01:44:54
116.297773,0,2008-11-11 01:44:59
116.297782,0,2008-11-11 01:45:04
116.297794,0,2008-11-11 01:45:09
116.297828,0,2008-11-11 01:45:14
116.297863,0,2008-11-11 01:45:19
116.297875,0,2008-11-11 01:45:24
116.297854,0,2008-11-11 01:45:29
116.297858,0,2008-11-11 01:45:34
116.297858,0,2008-11-11 01:45:37
116.297863,0,2008-11-11 01:45:39
116.297872,0,2008-11-11 01:45:44
116.297865,0,2008-11-11 01:45:49
116.297857,0,2008-11-11 01:45:54
116.297843,0,2008-11-11 01:45:59
116.297851,0,2008-11-11 01:46:04
116.297851,0,2008-11-11 01:46:07
116.297849,0,2008-11-11 01:46:09
116.297828,0,2008-11-11 01:46:14
116.297818,0,2008-11-11 01:46:19
116.297818,0,2008-11-11 01:46:22
116.297813,0,2008-11-11 01:46:24
116.297801,0,2008-11-11 01:46:29
116.297793,0,2008-11-11 01:46:34
116.297793,0,2008-11-11 01:46:37
116.297791,0,2008-11-11 01:46:39
116.297799,0,2008-11-11 01:46:44
116.297757,0,2008-11-11 01:46:49
116.297738,0,2008-11-11 01:46:54
116.297738,0,2008-11-11 01:46:57
116.297735,0,2008-11-11 01:46:59
116.29772,0,2008-11-11 01:47:04
116.297703,0,2008-11-11 01:47:09
116.29768,0,2008-11-11 01:47:14
116.297655,0,2008-11-11 01:47:19
116.297634,0,2008-11-11 01:47:24
116.29765,0,2008-11-11 01:47:29
116.29765,0,2008-11-11 01:47:32
116.297652,0,2008-11-11 01:47:34
116.297653,0,2008-11-11 01:47:39
116.297609,0,2008-11-11 01:47:44
116.297556,0,2008-11-11 01:47:49
116.297457,0,2008-11-11 01:47:54
116.297281,0,2008-11-11 01:47:59
116.297142,0,2008-11-11 01:48:04
116.297128,0,2008-11-11 01:48:09
116.296991,0,2008-11-11 01:48:14
116.296831,0,2008-11-11 01:48:19
116.296776,0,2008-11-11 01:48:24
116.296824,0,2008-11-11 01:48:29
116.296844,0,2008-11-11 01:48:34
116.296813,0,2008-11-11 01:48:39
116.296813,0,2008-11-11 01:48:42
116.29682,0,2008-11-11 01:48:44
116.296863,0,2008-11-11 01:48:49
116.296889,0,2008-11-11 01:48:54
116.296934,0,2008-11-11 01:48:59
116.296962,0,2008-11-11 01:49:04
116.296969,0,2008-11-11 01:49:09
116.296969,0,2008-11-11 01:49:14
116.296976,0,2008-11-11 01:49:19
116.29697,0,2008-11-11 01:49:24
116.296901,0,2008-11-11 01:49:29
116.296779,0,2008-11-11 01:49:34
116.29666,0,2008-11-11 01:49:39
116.296555,0,2008-11-11 01:49:44
116.296462,0,2008-11-11 01:49:49
116.296365,0,2008-11-11 01:49:54
116.296313,0,2008-11-11 01:49:59
116.296253,0,2008-11-11 01:50:04
116.296226,0,2008-11-11 01:50:09
116.296211,0,2008-11-11 01:50:14
116.296144,0,2008-11-11 01:50:19
116.296071,0,2008-11-11 01:50:24
116.296041,0,2008-11-11 01:50:29
116.296013,0,2008-11-11 01:50:34
116.295985,0,2008-11-11 01:50:39
116.296033,0,2008-11-11 01:50:49
116.296081,0,2008-11-11 01:50:54
116.296059,0,2008-11-11 01:50:59
116.296066,0,2008-11-11 01:51:04
116.296126,0,2008-11-11 01:51:09
116.296134,0,2008-11-11 01:51:14
116.296135,0,2008-11-11 01:51:19
116.296084,0,2008-11-11 01:51:24
116.296032,0,2008-11-11 01:51:29
116.295955,0,2008-11-11 01:51:34
116.296016,0,2008-11-11 01:51:39
116.296002,0,2008-11-11 01:51:44
116.296079,0,2008-11-11 01:51:49
116.296052,0,2008-11-11 01:51:54
116.296132,0,2008-11-11 01:51:59
116.296169,0,2008-11-11 01:52:04
116.296169,0,2008-11-11 01:52:07
116.296161,0,2008-11-11 01:52:09
116.296057,0,2008-11-11 01:52:14
116.296085,0,2008-11-11 01:52:19
116.296116,0,2008-11-11 01:52:24
116.296149,0,2008-11-11 01:52:29
116.296167,0,2008-11-11 01:52:34
116.296135,0,2008-11-11 01:52:39
116.296158,0,2008-11-11 01:52:44
116.296203,0,2008-11-11 01:52:49
116.296242,0,2008-11-11 01:52:54
116.296284,0,2008-11-11 01:52:59
116.296305,0,2008-11-11 01:53:04
116.296349,0,2008-11-11 01:53:09
116.296413,0,2008-11-11 01:53:14
116.296304,0,2008-11-11 01:53:34
116.296402,0,2008-11-11 01:53:39
116.296421,0,2008-11-11 01:53:44
116.296442,0,2008-11-11 01:53:49
116.296443,0,2008-11-11 01:53:54
116.296433,0,2008-11-11 01:53:59
116.296461,0,2008-11-11 01:54:04
116.296449,0,2008-11-11 01:54:09
116.296435,0,2008-11-11 01:54:14
116.296409,0,2008-11-11 01:54:19
116.29636,0,2008-11-11 01:54:24
116.296295,0,2008-11-11 01:54:29
116.296313,0,2008-11-11 01:54:34
116.296367,0,2008-11-11 01:54:39
116.296449,0,2008-11-11 01:54:44
116.29641,0,2008-11-11 01:54:49
116.296423,0,2008-11-11 01:54:54
116.296503,0,2008-11-11 01:54:59
116.296615,0,2008-11-11 01:55:04
116.296632,0,2008-11-11 01:55:09
116.296623,0,2008-11-11 01:55:14
116.296541,0,2008-11-11 01:55:19
116.296541,0,2008-11-11 01:55:22
116.296534,0,2008-11-11 01:55:24
116.296503,0,2008-11-11 01:55:29
116.296482,0,2008-11-11 01:55:34
116.296482,0,2008-11-11 01:55:37
116.296475,0,2008-11-11 01:55:39
116.296485,0,2008-11-11 01:55:44
116.296547,0,2008-11-11 01:55:49
116.29653,0,2008-11-11 01:55:54
116.296519,0,2008-11-11 01:55:59
116.296586,0,2008-11-11 01:56:04
116.29664,0,2008-11-11 01:56:09
116.296646,0,2008-11-11 01:56:14
116.296716,0,2008-11-11 01:56:19
116.296859,0,2008-11-11 01:56:24
116.296964,0,2008-11-11 01:56:29
116.297078,0,2008-11-11 01:56:34
116.297114,0,2008-11-11 01:56:39
116.297072,0,2008-11-11 01:56:44
116.296988,0,2008-11-11 01:56:49
116.296917,0,2008-11-11 01:56:54
116.296927,0,2008-11-11 01:56:59
116.296929,0,2008-11-11 01:57:04
116.29692,0,2008-11-11 01:57:09
116.296891,0,2008-11-11 01:57:14
116.29686,0,2008-11-11 01:57:19
116.29682,0,2008-11-11 01:57:24
116.296773,0,2008-11-11 01:57:29
116.29678,0,2008-11-11 01:57:34
116.296822,0,2008-11-11 01:57:39
116.296819,0,2008-11-11 01:57:44
116.296791,0,2008-11-11 01:57:49
116.296846,0,2008-11-11 01:57:54
116.296878,0,2008-11-11 01:57:59
116.296878,0,2008-11-11 01:58:02
116.296883,0,2008-11-11 01:58:04
116.296846,0,2008-11-11 01:58:09
116.296768,0,2008-11-11 01:58:14
116.296692,0,2008-11-11 01:58:19
116.296625,0,2008-11-11 01:58:24
116.29656,0,2008-11-11 01:58:29
116.296508,0,2008-11-11 01:58:34
116.296457,0,2008-11-11 01:58:39
116.296429,0,2008-11-11 01:58:44
116.296427,0,2008-11-11 01:58:49
116.29645,0,2008-11-11 01:58:54
116.296479,0,2008-11-11 01:58:59
116.296488,0,2008-11-11 01:59:04
116.296512,0,2008-11-11 01:59:09
116.29653,0,2008-11-11 01:59:14
116.296566,0,2008-11-11 01:59:19
116.296616,0,2008-11-11 01:59:24
116.296678,0,2008-11-11 01:59:29
116.296689,0,2008-11-11 01:59:34
116.29673,0,2008-11-11 01:59:39
116.296742,0,2008-11-11 01:59:44
116.296692,0,2008-11-11 01:59:49
116.296603,0,2008-11-11 01:59:54
116.296548,0,2008-11-11 01:59:59
116.296584,0,2008-11-11 02:00:04
116.296607,0,2008-11-11 02:00:09
116.296678,0,2008-11-11 02:00:19
116.296797,0,2008-11-11 02:00:24
116.296811,0,2008-11-11 02:00:29
116.29673,0,2008-11-11 02:00:34
116.296702,0,2008-11-11 02:00:39
116.29675,0,2008-11-11 02:00:44
116.296886,0,2008-11-11 02:00:49
116.296882,0,2008-11-11 02:00:54
116.296856,0,2008-11-11 02:00:59
116.296855,0,2008-11-11 02:01:04
116.296887,0,2008-11-11 02:01:09
116.29685,0,2008-11-11 02:01:14
116.296827,0,2008-11-11 02:01:19
116.296807,0,2008-11-11 02:01:24
116.296822,0,2008-11-11 02:01:29
116.296805,0,2008-11-11 02:01:34
116.296764,0,2008-11-11 02:01:39
116.296689,0,2008-11-11 02:01:44
116.296607,0,2008-11-11 02:01:49
116.296513,0,2008-11-11 02:01:54
116.296427,0,2008-11-11 02:01:59
116.296374,0,2008-11-11 02:02:04
116.296339,0,2008-11-11 02:02:09
116.296284,0,2008-11-11 02:02:14
116.296215,0,2008-11-11 02:02:19
116.296158,0,2008-11-11 02:02:24
116.296122,0,2008-11-11 02:02:29
116.296089,0,2008-11-11 02:02:34
116.296089,0,2008-11-11 02:02:37
116.296082,0,2008-11-11 02:02:39
116.296122,0,2008-11-11 02:02:44
116.296162,0,2008-11-11 02:02:49
116.2962,0,2008-11-11 02:02:54
116.296268,0,2008-11-11 02:02:59
116.296285,0,2008-11-11 02:03:04
116.296213,0,2008-11-11 02:03:09
116.296111,0,2008-11-11 02:03:14
116.29604,0,2008-11-11 02:03:19
116.295994,0,2008-11-11 02:03:24
116.296013,0,2008-11-11 02:03:29
116.296042,0,2008-11-11 02:03:34
116.296054,0,2008-11-11 02:03:39
116.296017,0,2008-11-11 02:03:44
116.296078,0,2008-11-11 02:03:49
116.296133,0,2008-11-11 02:03:54
116.296235,0,2008-11-11 02:03:59
116.296415,0,2008-11-11 02:04:04
116.296566,0,2008-11-11 02:04:09
116.29666,0,2008-11-11 02:04:14
116.296707,0,2008-11-11 02:04:19
116.296748,0,2008-11-11 02:04:24
116.296877,0,2008-11-11 02:04:29
116.297091,0,2008-11-11 02:04:34
116.297223,0,2008-11-11 02:04:39
116.297346,0,2008-11-11 02:04:44
116.297457,0,2008-11-11 02:04:49
116.297548,0,2008-11-11 02:04:54
116.297604,0,2008-11-11 02:04:59
116.2977,0,2008-11-11 02:05:04
116.297795,0,2008-11-11 02:05:09
116.297934,0,2008-11-11 02:05:14
116.298029,0,2008-11-11 02:05:19
116.298104,0,2008-11-11 02:05:24
116.298161,0,2008-11-11 02:05:29
116.298172,0,2008-11-11 02:05:34
116.298252,0,2008-11-11 02:05:39
116.298303,0,2008-11-11 02:05:44
116.298384,0,2008-11-11 02:05:49
116.29843,0,2008-11-11 02:05:54
116.29846,0,2008-11-11 02:05:59
116.298505,0,2008-11-11 02:06:04
116.298626,0,2008-11-11 02:06:09
116.298765,0,2008-11-11 02:06:14
116.298919,0,2008-11-11 02:06:19
116.299003,0,2008-11-11 02:06:24
116.299016,0,2008-11-11 02:06:29
116.298985,0,2008-11-11 02:06:34
116.298945,0,2008-11-11 02:06:39
116.29896,0,2008-11-11 02:06:44
116.299058,0,2008-11-11 02:06:49
116.299227,0,2008-11-11 02:06:54
116.299428,0,2008-11-11 02:06:59
116.299596,0,2008-11-11 02:07:04
116.299768,0,2008-11-11 02:07:09
116.299818,0,2008-11-11 02:07:14
116.299867,0,2008-11-11 02:07:19
116.299937,0,2008-11-11 02:07:24
116.299959,0,2008-11-11 02:07:29
116.300007,0,2008-11-11 02:07:34
116.300018,0,2008-11-11 02:07:39
116.299852,0,2008-11-11 02:07:44
116.299765,0,2008-11-11 02:07:49
116.299753,0,2008-11-11 02:07:54
116.29983,0,2008-11-11 02:07:59
116.29995,0,2008-11-11 02:08:04
116.300096,0,2008-11-11 02:08:09
116.300234,0,2008-11-11 02:08:14
116.300395,0,2008-11-11 02:08:19
116.300607,0,2008-11-11 02:08:24
116.300813,0,2008-11-11 02:08:29
116.30103,0,2008-11-11 02:08:34
116.301146,0,2008-11-11 02:08:39
116.301229,0,2008-11-11 02:08:44
116.301343,0,2008-11-11 02:08:49
116.301491,0,2008-11-11 02:08:54
116.301492,0,2008-11-11 02:08:59
116.301377,0,2008-11-11 02:09:04
116.300972,0,2008-11-11 02:14:09
116.301645,0,2008-11-11 02:14:14
116.301833,0,2008-11-11 02:14:19
116.301895,0,2008-11-11 02:14:24
116.301869,0,2008-11-11 02:14:29
116.303108,0,2008-11-11 02:16:44
116.303032,0,2008-11-11 02:16:49
116.303069,0,2008-11-11 02:16:54
116.303135,0,2008-11-11 02:16:59
116.303146,0,2008-11-11 02:17:04
116.303104,0,2008-11-11 02:17:09
116.30308,0,2008-11-11 02:17:14
116.303052,0,2008-11-11 02:17:19
116.303056,0,2008-11-11 02:17:24
116.303075,0,2008-11-11 02:17:29
116.303192,0,2008-11-11 02:17:34
116.303293,0,2008-11-11 02:17:39
116.303363,0,2008-11-11 02:17:44
116.303421,0,2008-11-11 02:17:49
116.303529,0,2008-11-11 02:17:54
116.303597,0,2008-11-11 02:17:59
116.3036,0,2008-11-11 02:18:04
116.30365,0,2008-11-11 02:18:09
116.303727,0,2008-11-11 02:18:14
116.303843,0,2008-11-11 02:18:19
116.303912,0,2008-11-11 02:18:24
116.303972,0,2008-11-11 02:18:29
116.304015,0,2008-11-11 02:18:34
116.304111,0,2008-11-11 02:18:39
116.304204,0,2008-11-11 02:18:44
116.304309,0,2008-11-11 02:18:49
116.304421,0,2008-11-11 02:18:54
116.304459,0,2008-11-11 02:18:59
116.304513,0,2008-11-11 02:19:04
116.304583,0,2008-11-11 02:19:09
116.304672,0,2008-11-11 02:19:14
116.304749,0,2008-11-11 02:19:19
116.304833,0,2008-11-11 02:19:24
116.304928,0,2008-11-11 02:19:29
116.305063,0,2008-11-11 02:19:34
116.305163,0,2008-11-11 02:19:39
116.305286,0,2008-11-11 02:19:44
116.305433,0,2008-11-11 02:19:49
116.305621,0,2008-11-11 02:19:54
116.30582,0,2008-11-11 02:19:59
116.305978,0,2008-11-11 02:20:04
116.306073,0,2008-11-11 02:20:09
116.306111,0,2008-11-11 02:20:14
116.306134,0,2008-11-11 02:20:19
116.306154,0,2008-11-11 02:20:24
116.306164,0,2008-11-11 02:20:29
116.30618,0,2008-11-11 02:20:34
116.306231,0,2008-11-11 02:20:39
116.306294,0,2008-11-11 02:20:44
116.306387,0,2008-11-11 02:20:49
116.306468,0,2008-11-11 02:20:54
116.306515,0,2008-11-11 02:20:59
116.306534,0,2008-11-11 02:21:04
116.306594,0,2008-11-11 02:21:09
116.306743,0,2008-11-11 02:21:14
116.306816,0,2008-11-11 02:21:19
116.306891,0,2008-11-11 02:21:24
116.308675,0,2008-11-11 02:22:09
116.308898,0,2008-11-11 02:22:14
116.308959,0,2008-11-11 02:22:19
116.308945,0,2008-11-11 02:22:24
116.309069,0,2008-11-11 02:22:29
116.309206,0,2008-11-11 02:22:34
116.309393,0,2008-11-11 02:22:39
116.307845,0,2008-11-11 02:22:44
116.307939,0,2008-11-11 02:22:49
116.308247,0,2008-11-11 02:22:54
116.308362,0,2008-11-11 02:22:59
116.308419,0,2008-11-11 02:23:04
116.308376,0,2008-11-11 02:23:09
116.308345,0,2008-11-11 02:23:14
116.308349,0,2008-11-11 02:23:19
116.308384,0,2008-11-11 02:23:24
116.308414,0,2008-11-11 02:23:29
116.308434,0,2008-11-11 02:23:34
116.308439,0,2008-11-11 02:23:39
116.308497,0,2008-11-11 02:23:44
116.308575,0,2008-11-11 02:23:49
116.308659,0,2008-11-11 02:23:54
116.308757,0,2008-11-11 02:23:59
116.308839,0,2008-11-11 02:24:04
116.308854,0,2008-11-11 02:24:09
116.308855,0,2008-11-11 02:24:14
116.308815,0,2008-11-11 02:24:19
116.30878,0,2008-11-11 02:24:24
116.308718,0,2008-11-11 02:24:29
116.308632,0,2008-11-11 02:24:34
116.308556,0,2008-11-11 02:24:39
116.308506,0,2008-11-11 02:24:44
116.30845,0,2008-11-11 02:24:49
116.308375,0,2008-11-11 02:24:54
116.308298,0,2008-11-11 02:24:59
116.308226,0,2008-11-11 02:25:04
116.308139,0,2008-11-11 02:25:09
116.30805,0,2008-11-11 02:25:14
116.307991,0,2008-11-11 02:25:19
116.307884,0,2008-11-11 02:25:24
116.307828,0,2008-11-11 02:25:29
116.309397,0,2008-11-11 02:25:39
116.309405,0,2008-11-11 02:25:44
116.309325,0,2008-11-11 02:25:49
116.309309,0,2008-11-11 02:25:54
116.309332,0,2008-11-11 02:25:59
116.309361,0,2008-11-11 02:26:04
116.309371,0,2008-11-11 02:26:09
116.309383,0,2008-11-11 02:26:14
116.309518,0,2008-11-11 02:26:19
116.309649,0,2008-11-11 02:26:24
116.30978,0,2008-11-11 02:26:29
116.309881,0,2008-11-11 02:26:34
116.309961,0,2008-11-11 02:26:39
116.309995,0,2008-11-11 02:26:44
116.310012,0,2008-11-11 02:26:49
116.310044,0,2008-11-11 02:26:54
116.310101,0,2008-11-11 02:26:59
116.310207,0,2008-11-11 02:27:04
116.3103,0,2008-11-11 02:27:09
116.310349,0,2008-11-11 02:27:14
116.310401,0,2008-11-11 02:27:19
116.310453,0,2008-11-11 02:27:24
116.310485,0,2008-11-11 02:27:29
116.310492,0,2008-11-11 02:27:34
116.310482,0,2008-11-11 02:27:39
116.310466,0,2008-11-11 02:27:44
116.31044,0,2008-11-11 02:27:49
116.31044,0,2008-11-11 02:27:54
116.310493,0,2008-11-11 02:27:59
116.310569,0,2008-11-11 02:28:04
116.310623,0,2008-11-11 02:28:09
116.310684,0,2008-11-11 02:28:14
116.310831,0,2008-11-11 02:28:19
116.310951,0,2008-11-11 02:28:24
116.311025,0,2008-11-11 02:28:29
116.311089,0,2008-11-11 02:28:34
116.311178,0,2008-11-11 02:28:39
116.311298,0,2008-11-11 02:28:44
116.311401,0,2008-11-11 02:28:49
116.311448,0,2008-11-11 02:28:54
116.311506,0,2008-11-11 02:28:59
116.311528,0,2008-11-11 02:29:04
116.311582,0,2008-11-11 02:29:09
116.311667,0,2008-11-11 02:29:14
116.311791,0,2008-11-11 02:29:19
116.31189,0,2008-11-11 02:29:24
116.311964,0,2008-11-11 02:29:29
116.312089,0,2008-11-11 02:29:34
116.312255,0,2008-11-11 02:29:39
116.312412,0,2008-11-11 02:29:44
116.312581,0,2008-11-11 02:29:49
116.312744,0,2008-11-11 02:29:54
116.312917,0,2008-11-11 02:29:59
116.313056,0,2008-11-11 02:30:04
116.313046,0,2008-11-11 02:30:09
116.313001,0,2008-11-11 02:30:14
116.313116,0,2008-11-11 02:30:19
116.313121,0,2008-11-11 02:30:24
116.313133,0,2008-11-11 02:30:29
116.31315,0,2008-11-11 02:30:34
116.313188,0,2008-11-11 02:30:39
116.313244,0,2008-11-11 02:30:44
116.313238,0,2008-11-11 02:30:49
116.313271,0,2008-11-11 02:30:54
116.313305,0,2008-11-11 02:30:59
116.313301,0,2008-11-11 02:31:04
116.313286,0,2008-11-11 02:31:09
116.313298,0,2008-11-11 02:31:14
116.313352,0,2008-11-11 02:31:19
116.313578,0,2008-11-11 02:31:24
116.313888,0,2008-11-11 02:31:29
116.314193,0,2008-11-11 02:31:34
116.314478,0,2008-11-11 02:31:39
116.31473,0,2008-11-11 02:31:44
116.314888,0,2008-11-11 02:31:49
116.315048,0,2008-11-11 02:31:54
116.315258,0,2008-11-11 02:31:59
116.315465,0,2008-11-11 02:32:04
116.315638,0,2008-11-11 02:32:09
116.315831,0,2008-11-11 02:32:14
116.316012,0,2008-11-11 02:32:19
116.316197,0,2008-11-11 02:32:24
116.316462,0,2008-11-11 02:32:29
116.316728,0,2008-11-11 02:32:34
116.316978,0,2008-11-11 02:32:39
116.317218,0,2008-11-11 02:32:44
116.317445,0,2008-11-11 02:32:49
116.317697,0,2008-11-11 02:32:54
116.317961,0,2008-11-11 02:32:59
116.318242,0,2008-11-11 02:33:04
116.318473,0,2008-11-11 02:33:09
116.318645,0,2008-11-11 02:33:14
116.318787,0,2008-11-11 02:33:19
116.318843,0,2008-11-11 02:33:24
116.318859,0,2008-11-11 02:33:29
116.318874,0,2008-11-11 02:33:34
116.318884,0,2008-11-11 02:33:39
116.31885,0,2008-11-11 02:33:44
116.318813,0,2008-11-11 02:33:49
116.31875,0,2008-11-11 02:33:54
116.318669,0,2008-11-11 02:33:59
116.318616,0,2008-11-11 02:34:04
116.318582,0,2008-11-11 02:34:09
116.318711,0,2008-11-11 02:34:14
116.318871,0,2008-11-11 02:34:19
116.318991,0,2008-11-11 02:34:24
116.319113,0,2008-11-11 02:34:29
116.31918,0,2008-11-11 02:34:34
116.319229,0,2008-11-11 02:34:39
116.319213,0,2008-11-11 02:34:44
116.319176,0,2008-11-11 02:34:49
116.319114,0,2008-11-11 02:34:54
116.319085,0,2008-11-11 02:34:59
116.319055,0,2008-11-11 02:35:04
116.318975,0,2008-11-11 02:35:09
116.318927,0,2008-11-11 02:35:14
116.318883,0,2008-11-11 02:35:19
116.318832,0,2008-11-11 02:35:24
116.319031,0,2008-11-11 02:35:29
116.319528,0,2008-11-11 02:35:34
116.319527,0,2008-11-11 02:35:39
116.319428,0,2008-11-11 02:35:44
116.319373,0,2008-11-11 02:35:49
116.319346,0,2008-11-11 02:35:54
116.326236,0,2008-11-12 02:30:03
116.326268,0,2008-11-12 02:30:08
116.32611,0,2008-11-12 02:30:13
116.326169,0,2008-11-12 02:30:18
116.326181,0,2008-11-12 02:30:23
116.32619,0,2008-11-12 02:30:28
116.326253,0,2008-11-12 02:30:33
116.326427,0,2008-11-12 02:30:38
116.32638,0,2008-11-12 02:30:43
116.326339,0,2008-11-12 02:30:48
116.326327,0,2008-11-12 02:30:53
116.326336,0,2008-11-12 02:30:58
116.326326,0,2008-11-12 02:31:03
116.326326,0,2008-11-12 02:31:06
116.326322,0,2008-11-12 02:31:08
116.326336,0,2008-11-12 02:31:13
116.326331,0,2008-11-12 02:31:18
116.326319,0,2008-11-12 02:31:23
116.326335,0,2008-11-12 02:31:28
116.326359,0,2008-11-12 02:31:33
116.326558,0,2008-11-12 02:31:38
116.326569,0,2008-11-12 02:31:43
116.326489,0,2008-11-12 02:31:48
116.326567,0,2008-11-12 02:31:53
116.326583,0,2008-11-12 02:31:58
116.32654,0,2008-11-12 02:32:03
116.326535,0,2008-11-12 02:32:08
116.32652,0,2008-11-12 02:32:13
116.326533,0,2008-11-12 02:32:18
116.326537,0,2008-11-12 02:32:23
116.326542,0,2008-11-12 02:32:28
116.326542,0,2008-11-12 02:32:33
116.326546,0,2008-11-12 02:32:38
116.326545,0,2008-11-12 02:32:43
116.32654,0,2008-11-12 02:32:48
116.32654,0,2008-11-12 02:32:51
116.326536,0,2008-11-12 02:32:53
116.326549,0,2008-11-12 02:32:58
116.326555,0,2008-11-12 02:33:03
116.326555,0,2008-11-12 02:33:08
116.326551,0,2008-11-12 02:33:13
116.326546,0,2008-11-12 02:33:18
116.326546,0,2008-11-12 02:33:21
116.326548,0,2008-11-12 02:33:23
116.326539,0,2008-11-12 02:33:28
116.326516,0,2008-11-12 02:33:33
116.326514,0,2008-11-12 02:33:38
116.326519,0,2008-11-12 02:33:43
116.326519,0,2008-11-12 02:33:46
116.326523,0,2008-11-12 02:33:48
116.326541,0,2008-11-12 02:33:53
116.326501,0,2008-11-12 02:33:58
116.326472,0,2008-11-12 02:34:03
116.326448,0,2008-11-12 02:34:08
116.326436,0,2008-11-12 02:34:13
116.326428,0,2008-11-12 02:34:18
116.32641,0,2008-11-12 02:34:23
116.326465,0,2008-11-12 02:34:28
116.32648,0,2008-11-12 02:34:33
116.326448,0,2008-11-12 02:34:38
116.326389,0,2008-11-12 02:34:43
116.326403,0,2008-11-12 02:34:48
116.326383,0,2008-11-12 02:34:53
116.326356,0,2008-11-12 02:34:58
116.326328,0,2008-11-12 02:35:03
116.326283,0,2008-11-12 02:35:08
116.326291,0,2008-11-12 02:35:13
116.326309,0,2008-11-12 02:35:18
116.32635,0,2008-11-12 02:35:23
116.326383,0,2008-11-12 02:35:28
116.32638,0,2008-11-12 02:35:33
116.326366,0,2008-11-12 02:35:38
116.32634,0,2008-11-12 02:35:43
116.326341,0,2008-11-12 02:35:48
116.326362,0,2008-11-12 02:35:53
116.326405,0,2008-11-12 02:35:58
116.326438,0,2008-11-12 02:36:03
116.326425,0,2008-11-12 02:36:08
116.32638,0,2008-11-12 02:36:13
116.326357,0,2008-11-12 02:36:18
116.32631,0,2008-11-12 02:36:23
116.326308,0,2008-11-12 02:36:28
116.326318,0,2008-11-12 02:36:33
116.326342,0,2008-11-12 02:36:38
116.326337,0,2008-11-12 02:36:43
116.326348,0,2008-11-12 02:36:48
116.326385,0,2008-11-12 02:36:53
116.326359,0,2008-11-12 02:36:58
116.326309,0,2008-11-12 02:37:03
116.326283,0,2008-11-12 02:37:08
116.32626,0,2008-11-12 02:37:13
116.32626,0,2008-11-12 02:37:16
116.326253,0,2008-11-12 02:37:18
116.326279,0,2008-11-12 02:37:23
116.326278,0,2008-11-12 02:37:28
116.326269,0,2008-11-12 02:37:33
116.326288,0,2008-11-12 02:37:38
116.326322,0,2008-11-12 02:37:43
116.32636,0,2008-11-12 02:37:48
116.326351,0,2008-11-12 02:37:53
116.326355,0,2008-11-12 02:37:58
116.326346,0,2008-11-12 02:38:03
116.326296,0,2008-11-12 02:38:08
116.326234,0,2008-11-12 02:38:13
116.326204,0,2008-11-12 02:38:18
116.326244,0,2008-11-12 02:38:23
116.326221,0,2008-11-12 02:38:28
116.326253,0,2008-11-12 02:38:33
116.326285,0,2008-11-12 02:38:38
116.326277,0,2008-11-12 02:38:43
116.326286,0,2008-11-12 02:38:48
116.326298,0,2008-11-12 02:38:53
116.326288,0,2008-11-12 02:38:58
116.326275,0,2008-11-12 02:39:03
116.326266,0,2008-11-12 02:39:08
116.326228,0,2008-11-12 02:39:13
116.326234,0,2008-11-12 02:39:18
116.32625,0,2008-11-12 02:39:23
116.32626,0,2008-11-12 02:39:28
116.326274,0,2008-11-12 02:39:33
116.32628,0,2008-11-12 02:39:38
116.32625,0,2008-11-12 02:39:43
116.326206,0,2008-11-12 02:39:48
116.326165,0,2008-11-12 02:39:53
116.326092,0,2008-11-12 02:39:58
116.326028,0,2008-11-12 02:40:03
116.325964,0,2008-11-12 02:40:08
116.325867,0,2008-11-12 02:40:13
116.325823,0,2008-11-12 02:40:18
116.325743,0,2008-11-12 02:40:23
116.325688,0,2008-11-12 02:40:28
116.32568,0,2008-11-12 02:40:33
116.325706,0,2008-11-12 02:40:38
116.325755,0,2008-11-12 02:40:43
116.325814,0,2008-11-12 02:40:48
116.325784,0,2008-11-12 02:40:53
116.325696,0,2008-11-12 02:40:58
116.325622,0,2008-11-12 02:41:03
116.325543,0,2008-11-12 02:41:08
116.325479,0,2008-11-12 02:41:13
116.325397,0,2008-11-12 02:41:18
116.325303,0,2008-11-12 02:41:23
116.325265,0,2008-11-12 02:41:28
116.325232,0,2008-11-12 02:41:33
116.325214,0,2008-11-12 02:41:38
116.325183,0,2008-11-12 02:41:43
116.325143,0,2008-11-12 02:41:53
116.325067,0,2008-11-12 02:41:58
116.324829,0,2008-11-12 02:42:03
116.324731,0,2008-11-12 02:42:08
116.324765,0,2008-11-12 02:42:13
116.325348,0,2008-11-12 02:42:29
116.324516,0,2008-11-12 02:42:35
116.324618,0,2008-11-12 02:51:21
116.328065,0,2008-11-12 02:51:42
116.325337,0,2008-11-12 02:51:48
116.324625,0,2008-11-12 02:51:55
116.32469,0,2008-11-12 02:52:00
116.3247,0,2008-11-12 02:52:05
116.32468,0,2008-11-12 02:52:10
116.32468,0,2008-11-12 02:52:13
116.324688,0,2008-11-12 02:52:15
116.324677,0,2008-11-12 02:52:20
116.324644,0,2008-11-12 02:52:25
116.324607,0,2008-11-12 02:52:30
116.324629,0,2008-11-12 02:52:35
116.324624,0,2008-11-12 02:52:40
116.324598,0,2008-11-12 02:52:45
116.32456,0,2008-11-12 02:52:50
116.324548,0,2008-11-12 02:52:55
116.324548,0,2008-11-12 02:53:00
116.324551,0,2008-11-12 02:53:05
116.324524,0,2008-11-12 02:53:10
116.324459,0,2008-11-12 02:53:15
116.32435,0,2008-11-12 02:53:20
116.324368,0,2008-11-12 02:53:25
116.324379,0,2008-11-12 02:53:30
116.324371,0,2008-11-12 02:53:35
116.324655,0,2008-11-12 02:53:45
116.324662,0,2008-11-12 02:53:50
116.32453,0,2008-11-12 02:53:55
116.324443,0,2008-11-12 02:54:00
116.324417,0,2008-11-12 02:54:05
116.324418,0,2008-11-12 02:54:10
116.324518,0,2008-11-12 02:54:15
116.324536,0,2008-11-12 02:54:20
116.324544,0,2008-11-12 02:54:25
116.324534,0,2008-11-12 02:54:30
116.324496,0,2008-11-12 02:54:35
116.324425,0,2008-11-12 02:54:40
116.324379,0,2008-11-12 02:54:45
116.324339,0,2008-11-12 02:54:50
116.32427,0,2008-11-12 02:54:55
116.324196,0,2008-11-12 02:55:00
116.324111,0,2008-11-12 02:55:05
116.32424,0,2008-11-12 02:55:10
116.324339,0,2008-11-12 02:55:15
116.324392,0,2008-11-12 02:55:20
116.324392,0,2008-11-12 02:55:23
116.324393,0,2008-11-12 02:55:25
116.324394,0,2008-11-12 02:55:30
116.324405,0,2008-11-12 02:55:35
116.324517,0,2008-11-12 02:55:40
116.324579,0,2008-11-12 02:55:45
116.324636,0,2008-11-12 02:55:50
116.324632,0,2008-11-12 02:55:55
116.324611,0,2008-11-12 02:56:00
116.324594,0,2008-11-12 02:56:05
116.324594,0,2008-11-12 02:56:08
116.324597,0,2008-11-12 02:56:10
116.324585,0,2008-11-12 02:56:15
116.324566,0,2008-11-12 02:56:20
116.324519,0,2008-11-12 02:56:25
116.324448,0,2008-11-12 02:56:30
116.324393,0,2008-11-12 02:56:35
116.324363,0,2008-11-12 02:56:40
116.324362,0,2008-11-12 02:56:45
116.324329,0,2008-11-12 02:56:50
116.324267,0,2008-11-12 02:56:55
116.324181,0,2008-11-12 02:57:00
116.32402,0,2008-11-12 02:57:05
116.323819,0,2008-11-12 02:57:10
116.323603,0,2008-11-12 02:57:15
116.323293,0,2008-11-12 02:57:20
116.322882,0,2008-11-12 02:57:25
116.322357,0,2008-11-12 02:57:30
116.322113,0,2008-11-12 02:57:35
116.322273,0,2008-11-12 02:57:40
116.322709,0,2008-11-12 02:57:45
116.322731,0,2008-11-12 02:57:50
116.322786,0,2008-11-12 02:57:55
116.322936,0,2008-11-12 02:58:00
116.323377,0,2008-11-12 02:58:05
116.323733,0,2008-11-12 02:58:10
116.323927,0,2008-11-12 02:58:15
116.324192,0,2008-11-12 02:58:20
116.324194,0,2008-11-12 02:58:25
116.329487,0,2008-11-12 03:32:57
116.323727,0,2008-11-12 03:33:03
116.324152,0,2008-11-12 03:33:08
116.324246,0,2008-11-12 03:33:13
116.324269,0,2008-11-12 03:33:18
116.324274,0,2008-11-12 03:33:23
116.324263,0,2008-11-12 03:33:28
116.324281,0,2008-11-12 03:33:33
116.324314,0,2008-11-12 03:33:38
116.324341,0,2008-11-12 03:33:43
116.324394,0,2008-11-12 03:33:48
116.324461,0,2008-11-12 03:33:53
116.324523,0,2008-11-12 03:33:58
116.324567,0,2008-11-12 03:34:03
116.324605,0,2008-11-12 03:34:08
116.324623,0,2008-11-12 03:34:13
116.32463,0,2008-11-12 03:34:18
116.324608,0,2008-11-12 03:34:23
116.324616,0,2008-11-12 03:34:28
116.324693,0,2008-11-12 03:34:33
116.324707,0,2008-11-12 03:34:38
116.324687,0,2008-11-12 03:34:43
116.324669,0,2008-11-12 03:34:48
116.324689,0,2008-11-12 03:34:53
116.324754,0,2008-11-12 03:34:58
116.324762,0,2008-11-12 03:35:03
116.324759,0,2008-11-12 03:35:08
116.324728,0,2008-11-12 03:35:13
116.324669,0,2008-11-12 03:35:18
116.324582,0,2008-11-12 03:35:23
116.324471,0,2008-11-12 03:35:28
116.324468,0,2008-11-12 03:35:33
116.324591,0,2008-11-12 03:35:38
116.324679,0,2008-11-12 03:35:43
116.324761,0,2008-11-12 03:35:48
116.324732,0,2008-11-12 03:35:53
116.324696,0,2008-11-12 03:35:58
116.324694,0,2008-11-12 03:36:03
116.324675,0,2008-11-12 03:36:08
116.324639,0,2008-11-12 03:36:13
116.324645,0,2008-11-12 03:36:18
116.324603,0,2008-11-12 03:36:23
116.324601,0,2008-11-12 03:36:28
116.324639,0,2008-11-12 03:36:33
116.324626,0,2008-11-12 03:36:38
116.324619,0,2008-11-12 03:36:43
116.324613,0,2008-11-12 03:36:48
116.324589,0,2008-11-12 03:36:53
116.324581,0,2008-11-12 03:36:58
116.324581,0,2008-11-12 03:37:03
116.32455,0,2008-11-12 03:37:08
116.324526,0,2008-11-12 03:37:13
116.324533,0,2008-11-12 03:37:18
116.32451,0,2008-11-12 03:37:23
116.324501,0,2008-11-12 03:37:28
116.324449,0,2008-11-12 03:37:33
116.324296,0,2008-11-12 03:37:38
116.324074,0,2008-11-12 03:37:43
116.323847,0,2008-11-12 03:37:48
116.323485,0,2008-11-12 03:37:53
116.323224,0,2008-11-12 03:37:58
116.322963,0,2008-11-12 03:38:03
116.322831,0,2008-11-12 03:38:08
116.322846,0,2008-11-12 03:38:13
116.322902,0,2008-11-12 03:38:18
116.322912,0,2008-11-12 03:38:23
116.32288,0,2008-11-12 03:38:28
116.322873,0,2008-11-12 03:38:33
116.322876,0,2008-11-12 03:38:38
116.322891,0,2008-11-12 03:38:43
116.322924,0,2008-11-12 03:38:48
116.322904,0,2008-11-12 03:38:53
116.322845,0,2008-11-12 03:38:58
116.322845,0,2008-11-12 03:39:03
116.322838,0,2008-11-12 03:39:08
116.322833,0,2008-11-12 03:39:13
116.322832,0,2008-11-12 03:39:18
116.322832,0,2008-11-12 03:39:21
116.32283,0,2008-11-12 03:39:23
116.322781,0,2008-11-12 03:39:28
116.322685,0,2008-11-12 03:39:33
116.322546,0,2008-11-12 03:39:38
116.322334,0,2008-11-12 03:39:43
116.322198,0,2008-11-12 03:39:48
116.322228,0,2008-11-12 03:39:53
116.322243,0,2008-11-12 03:39:58
116.322129,0,2008-11-12 03:40:03
116.32205,0,2008-11-12 03:40:08
116.322019,0,2008-11-12 03:40:13
116.322028,0,2008-11-12 03:40:18
116.321993,0,2008-11-12 03:40:23
116.321913,0,2008-11-12 03:40:28
116.321777,0,2008-11-12 03:40:33
116.321715,0,2008-11-12 03:40:38
116.321548,0,2008-11-12 03:40:43
116.321377,0,2008-11-12 03:40:48
116.321388,0,2008-11-12 03:40:53
116.321358,0,2008-11-12 03:40:58
116.321356,0,2008-11-12 03:41:03
116.321475,0,2008-11-12 03:41:08
116.321647,0,2008-11-12 03:41:13
116.321631,0,2008-11-12 03:41:18
116.321699,0,2008-11-12 03:41:23
116.321765,0,2008-11-12 03:41:28
116.32194,0,2008-11-12 03:41:33
116.321923,0,2008-11-12 03:41:38
116.321971,0,2008-11-12 03:41:43
116.322065,0,2008-11-12 03:41:48
116.322133,0,2008-11-12 03:41:53
116.322224,0,2008-11-12 03:41:58
116.322394,0,2008-11-12 03:42:03
116.322448,0,2008-11-12 03:42:08
116.322451,0,2008-11-12 03:42:13
116.3224,0,2008-11-12 03:42:18
116.322295,0,2008-11-12 03:42:23
116.322305,0,2008-11-12 03:42:28
116.322326,0,2008-11-12 03:42:33
116.322326,0,2008-11-12 03:42:36
116.322332,0,2008-11-12 03:42:38
116.322343,0,2008-11-12 03:42:43
116.322334,0,2008-11-12 03:42:48
116.32225,0,2008-11-12 03:42:53
116.322182,0,2008-11-12 03:42:58
116.322114,0,2008-11-12 03:43:03
116.322043,0,2008-11-12 03:43:08
116.322009,0,2008-11-12 03:43:13
116.322009,0,2008-11-12 03:43:16
116.322001,0,2008-11-12 03:43:18
116.322002,0,2008-11-12 03:43:23
116.322031,0,2008-11-12 03:43:28
116.322034,0,2008-11-12 03:43:33
116.322178,0,2008-11-12 03:43:38
116.322418,0,2008-11-12 03:43:43
116.322546,0,2008-11-12 03:43:48
116.322626,0,2008-11-12 03:43:53
116.322582,0,2008-11-12 03:43:58
116.322548,0,2008-11-12 03:44:03
116.322681,0,2008-11-12 03:44:08
116.32278,0,2008-11-12 03:44:13
116.322791,0,2008-11-12 03:44:18
116.32247,0,2008-11-12 03:44:23
116.322392,0,2008-11-12 03:44:28
116.322392,0,2008-11-12 03:44:31
116.322384,0,2008-11-12 03:44:33
116.322347,0,2008-11-12 03:44:38
116.322347,0,2008-11-12 03:44:41
116.322349,0,2008-11-12 03:44:43
116.322442,0,2008-11-12 03:44:48
116.322398,0,2008-11-12 03:44:53
116.322307,0,2008-11-12 03:44:58
116.322289,0,2008-11-12 03:45:03
116.322204,0,2008-11-12 03:45:08
116.322111,0,2008-11-12 03:45:13
116.321977,0,2008-11-12 03:45:18
116.321907,0,2008-11-12 03:45:23
116.321821,0,2008-11-12 03:45:28
116.321807,0,2008-11-12 03:45:33
116.321839,0,2008-11-12 03:45:38
116.321903,0,2008-11-12 03:45:43
116.321992,0,2008-11-12 03:45:48
116.322061,0,2008-11-12 03:45:53
116.322054,0,2008-11-12 03:45:58
116.322162,0,2008-11-12 03:46:03
116.322419,0,2008-11-12 03:46:08
116.322714,0,2008-11-12 03:46:13
116.322885,0,2008-11-12 03:46:18
116.323009,0,2008-11-12 03:46:23
116.323035,0,2008-11-12 03:46:28
116.322717,0,2008-11-12 03:46:33
116.322518,0,2008-11-12 03:46:38
116.322418,0,2008-11-12 03:46:43
116.322278,0,2008-11-12 03:46:48
116.32219,0,2008-11-12 03:46:53
116.322141,0,2008-11-12 03:46:58
116.322141,0,2008-11-12 03:47:01
116.322139,0,2008-11-12 03:47:03
116.322075,0,2008-11-12 03:47:08
116.321999,0,2008-11-12 03:47:13
116.321861,0,2008-11-12 03:47:18
116.321836,0,2008-11-12 03:47:23
116.321808,0,2008-11-12 03:47:28
116.321733,0,2008-11-12 03:47:33
116.321698,0,2008-11-12 03:47:38
116.321698,0,2008-11-12 03:47:41
116.321691,0,2008-11-12 03:47:43
116.321772,0,2008-11-12 03:47:48
116.321886,0,2008-11-12 03:47:53
116.321963,0,2008-11-12 03:47:58
116.321934,0,2008-11-12 03:48:03
116.321766,0,2008-11-12 03:48:08
116.321653,0,2008-11-12 03:48:13
116.321555,0,2008-11-12 03:48:18
116.321413,0,2008-11-12 03:48:23
116.321371,0,2008-11-12 03:48:28
116.321268,0,2008-11-12 03:48:33
116.321104,0,2008-11-12 03:48:38
116.321004,0,2008-11-12 03:48:43
116.320905,0,2008-11-12 03:48:48
116.321003,0,2008-11-12 03:48:53
116.320968,0,2008-11-12 03:48:58
116.320929,0,2008-11-12 03:49:03
116.320901,0,2008-11-12 03:49:08
116.320854,0,2008-11-12 03:49:13
116.320742,0,2008-11-12 03:49:18
116.320637,0,2008-11-12 03:49:23
116.32055,0,2008-11-12 03:49:28
116.320491,0,2008-11-12 03:49:33
116.320507,0,2008-11-12 03:49:38
116.320689,0,2008-11-12 03:49:43
116.320699,0,2008-11-12 03:49:48
116.320668,0,2008-11-12 03:49:53
116.320657,0,2008-11-12 03:49:58
116.320613,0,2008-11-12 03:50:03
116.320605,0,2008-11-12 03:50:08
116.320553,0,2008-11-12 03:50:13
116.320502,0,2008-11-12 03:50:18
116.320475,0,2008-11-12 03:50:23
116.320434,0,2008-11-12 04:21:25
116.320564,0,2008-11-12 04:21:32
116.320329,0,2008-11-12 04:21:37
116.320341,0,2008-11-12 04:21:42
116.320328,0,2008-11-12 04:21:47
116.320291,0,2008-11-12 04:21:52
116.320232,0,2008-11-12 04:21:57
116.32013,0,2008-11-12 04:22:02
116.319976,0,2008-11-12 04:22:07
116.319819,0,2008-11-12 04:22:12
116.31964,0,2008-11-12 04:22:17
116.319524,0,2008-11-12 04:22:22
116.319482,0,2008-11-12 04:22:27
116.319455,0,2008-11-12 04:22:32
116.319402,0,2008-11-12 04:22:37
116.319235,0,2008-11-12 04:22:42
116.319153,0,2008-11-12 04:22:47
116.319082,0,2008-11-12 04:22:52
116.318812,0,2008-11-12 04:22:57
116.31854,0,2008-11-12 04:23:02
116.318568,0,2008-11-12 04:23:07
116.31876,0,2008-11-12 04:23:12
116.319025,0,2008-11-12 04:23:17
116.319219,0,2008-11-12 04:23:22
116.321249,0,2008-11-12 04:24:57
116.321549,0,2008-11-12 04:25:02
116.32156,0,2008-11-12 04:25:07
116.321508,0,2008-11-12 04:25:12
116.321383,0,2008-11-12 04:25:17
116.321308,0,2008-11-12 04:25:22
116.321255,0,2008-11-12 04:25:27
116.321213,0,2008-11-12 04:25:32
116.321135,0,2008-11-12 04:25:37
116.321022,0,2008-11-12 04:25:42
116.320863,0,2008-11-12 04:25:47
116.320682,0,2008-11-12 04:25:52
116.320443,0,2008-11-12 04:25:57
116.320276,0,2008-11-12 04:26:02
116.320154,0,2008-11-12 04:26:07
116.320143,0,2008-11-12 04:26:12
116.320205,0,2008-11-12 04:26:17
116.320288,0,2008-11-12 04:26:22
116.320508,0,2008-11-12 04:26:27
116.320634,0,2008-11-12 04:26:32
116.320683,0,2008-11-12 04:26:37
116.320685,0,2008-11-12 04:26:42
116.320606,0,2008-11-12 04:26:47
116.320491,0,2008-11-12 04:26:52
116.320435,0,2008-11-12 04:26:57
116.320399,0,2008-11-12 04:27:02
116.320272,0,2008-11-12 04:27:07
116.320051,0,2008-11-12 04:27:12
116.320177,0,2008-11-12 04:27:17
116.320426,0,2008-11-12 04:27:22
116.320586,0,2008-11-12 04:27:27
116.320659,0,2008-11-12 04:27:32
116.320747,0,2008-11-12 04:27:37
116.320862,0,2008-11-12 04:27:42
116.320864,0,2008-11-12 04:27:47
116.320754,0,2008-11-12 04:27:52
116.320635,0,2008-11-12 04:27:57
116.320601,0,2008-11-12 04:28:02
116.320733,0,2008-11-12 04:28:07
116.320887,0,2008-11-12 04:28:12
116.320956,0,2008-11-12 04:28:17
116.320868,0,2008-11-12 04:28:22
116.320823,0,2008-11-12 04:28:27
116.320673,0,2008-11-12 04:28:32
116.320399,0,2008-11-12 04:28:37
116.3207,0,2008-11-12 04:28:42
116.320744,0,2008-11-12 04:28:47
116.321007,0,2008-11-12 04:28:52
116.321039,0,2008-11-12 04:28:57
116.321113,0,2008-11-12 04:29:02
116.321269,0,2008-11-12 04:29:07
116.321605,0,2008-11-12 04:29:12
116.323109,0,2008-11-12 04:32:52
116.323261,0,2008-11-12 04:32:57
116.323088,0,2008-11-12 04:33:02
116.323131,0,2008-11-12 04:33:07
116.323275,0,2008-11-12 04:33:12
116.323393,0,2008-11-12 04:33:17
116.323382,0,2008-11-12 04:33:22
116.323375,0,2008-11-12 04:33:27
116.323429,0,2008-11-12 04:33:32
116.323534,0,2008-11-12 04:33:37
116.3246,0,2008-11-12 04:44:09
116.324601,0,2008-11-12 04:44:14
116.324585,0,2008-11-12 04:44:19
116.321506,0,2008-11-12 04:52:19
116.321568,0,2008-11-12 04:52:24
116.321418,0,2008-11-12 04:52:29
116.321384,0,2008-11-12 04:52:34
116.321291,0,2008-11-12 04:52:39
116.321209,0,2008-11-12 04:52:44
116.32119,0,2008-11-12 04:52:49
116.321194,0,2008-11-12 04:52:54
116.321212,0,2008-11-12 04:52:59
116.321233,0,2008-11-12 04:53:04
116.32123,0,2008-11-12 04:53:07
116.32123,0,2008-11-12 04:53:10
116.321224,0,2008-11-12 04:53:12
116.321255,0,2008-11-12 04:53:17
116.321335,0,2008-11-12 04:55:32
116.321417,0,2008-11-12 04:55:38
116.321448,0,2008-11-12 04:55:43
116.321566,0,2008-11-12 04:55:48
116.321624,0,2008-11-12 04:55:53
116.321695,0,2008-11-12 04:55:58
116.321671,0,2008-11-12 04:56:03
116.321657,0,2008-11-12 04:56:08
116.321733,0,2008-11-12 04:56:13
116.321825,0,2008-11-12 04:56:18
116.32189,0,2008-11-12 04:56:23
116.321946,0,2008-11-12 04:56:28
116.321878,0,2008-11-12 04:56:33
116.321932,0,2008-11-12 04:56:38
116.321989,0,2008-11-12 04:56:43
116.322085,0,2008-11-12 04:56:48
116.322046,0,2008-11-12 04:56:53
116.321931,0,2008-11-12 04:56:58
116.321874,0,2008-11-12 04:57:03
116.321833,0,2008-11-12 04:57:08
116.321832,0,2008-11-12 04:57:13
116.321832,0,2008-11-12 04:57:16
116.321832,0,2008-11-12 04:57:18
116.321798,0,2008-11-12 04:57:23
116.321554,0,2008-11-12 05:00:34
116.321547,0,2008-11-12 05:00:39
116.321547,0,2008-11-12 05:00:42
116.321545,0,2008-11-12 05:00:44
116.321564,0,2008-11-12 05:00:49
116.321545,0,2008-11-12 05:00:54
116.321548,0,2008-11-12 05:00:59
116.321548,0,2008-11-12 05:01:02
116.321544,0,2008-11-12 05:01:04
116.321523,0,2008-11-12 05:01:09
116.321513,0,2008-11-12 05:01:14
116.321529,0,2008-11-12 05:01:19
116.321529,0,2008-11-12 05:01:22
116.321521,0,2008-11-12 05:01:24
116.321512,0,2008-11-12 05:01:29
116.321488,0,2008-11-12 05:01:34
116.321472,0,2008-11-12 05:01:39
116.321467,0,2008-11-12 05:01:44
116.321448,0,2008-11-12 05:01:49
116.321414,0,2008-11-12 05:01:54
116.321386,0,2008-11-12 05:01:59
116.321368,0,2008-11-12 05:02:04
116.321386,0,2008-11-12 05:02:09
116.321402,0,2008-11-12 05:02:14
116.321384,0,2008-11-12 05:02:19
116.32139,0,2008-11-12 05:02:24
116.321432,0,2008-11-12 05:02:29
116.321502,0,2008-11-12 05:02:34
116.321505,0,2008-11-12 05:02:39
116.321505,0,2008-11-12 05:02:42
116.321506,0,2008-11-12 05:02:44
116.321493,0,2008-11-12 05:02:49
116.321477,0,2008-11-12 05:02:54
116.321439,0,2008-11-12 05:02:59
116.3214,0,2008-11-12 05:03:04
116.321396,0,2008-11-12 05:03:09
116.321419,0,2008-11-12 05:03:14
116.321443,0,2008-11-12 05:03:19
116.321409,0,2008-11-12 05:03:24
116.321318,0,2008-11-12 05:03:29
116.321239,0,2008-11-12 05:03:34
116.321139,0,2008-11-12 05:03:39
116.321103,0,2008-11-12 05:03:44
116.320994,0,2008-11-12 05:03:49
116.320886,0,2008-11-12 05:03:54
116.320785,0,2008-11-12 05:03:59
116.320812,0,2008-11-12 05:04:04
116.320927,0,2008-11-12 05:04:09
116.321041,0,2008-11-12 05:04:14
116.321182,0,2008-11-12 05:04:19
116.321253,0,2008-11-12 05:04:24
116.321326,0,2008-11-12 05:04:29
116.321382,0,2008-11-12 05:04:34
116.321474,0,2008-11-12 05:04:39
116.321381,0,2008-11-12 05:04:44
116.320414,0,2008-11-12 05:04:49
116.321037,0,2008-11-12 05:04:54
116.321277,0,2008-11-12 05:04:59
116.321382,0,2008-11-12 05:05:04
116.321395,0,2008-11-12 05:05:09
116.321408,0,2008-11-12 05:05:14
116.321457,0,2008-11-12 05:05:19
116.321439,0,2008-11-12 05:05:24
116.32142,0,2008-11-12 05:05:29
116.321366,0,2008-11-12 05:05:34
116.321287,0,2008-11-12 05:05:39
116.321244,0,2008-11-12 05:05:44
116.321176,0,2008-11-12 05:05:49
116.321157,0,2008-11-12 05:05:54
116.321151,0,2008-11-12 05:05:59
116.321132,0,2008-11-12 05:06:04
116.321013,0,2008-11-12 05:06:49
116.320633,0,2008-11-12 05:06:54
116.32053,0,2008-11-12 05:06:59
116.320489,0,2008-11-12 05:07:04
116.320414,0,2008-11-12 05:07:09
116.320344,0,2008-11-12 05:07:14
116.320341,0,2008-11-12 05:07:19
116.320327,0,2008-11-12 05:07:24
116.320287,0,2008-11-12 05:07:29
116.320215,0,2008-11-12 05:07:34
116.320121,0,2008-11-12 05:07:39
116.319902,0,2008-11-12 05:07:49
116.319799,0,2008-11-12 05:07:54
116.319763,0,2008-11-12 05:07:59
116.319715,0,2008-11-12 05:08:04
116.319658,0,2008-11-12 05:08:09
116.319616,0,2008-11-12 05:08:14
116.319577,0,2008-11-12 05:08:19
116.319558,0,2008-11-12 05:08:24
116.319556,0,2008-11-12 05:08:29
116.319531,0,2008-11-12 05:08:34
116.319532,0,2008-11-12 05:08:39
116.319534,0,2008-11-12 05:08:44
116.319467,0,2008-11-12 05:08:49
116.31936,0,2008-11-12 05:08:54
116.319323,0,2008-11-12 05:08:59
116.319327,0,2008-11-12 05:09:04
116.319305,0,2008-11-12 05:09:09
116.31928,0,2008-11-12 05:09:14
116.3216,0,2008-11-12 09:14:00
116.321587,0,2008-11-12 09:14:05
116.321595,0,2008-11-12 09:14:10
116.321654,0,2008-11-12 09:14:15
116.321737,0,2008-11-12 09:14:20
116.321808,0,2008-11-12 09:14:25
116.321852,0,2008-11-12 09:14:30
116.321894,0,2008-11-12 09:14:35
116.32193,0,2008-11-12 09:14:40
116.321974,0,2008-11-12 09:14:45
116.321976,0,2008-11-12 09:14:50
116.321974,0,2008-11-12 09:14:55
116.322019,0,2008-11-12 09:15:00
116.322033,0,2008-11-12 09:15:05
116.322031,0,2008-11-12 09:15:10
116.322031,0,2008-11-12 09:15:15
116.322015,0,2008-11-12 09:15:20
116.321973,0,2008-11-12 09:15:25
116.321939,0,2008-11-12 09:15:30
116.321935,0,2008-11-12 09:15:35
116.32197,0,2008-11-12 09:15:40
116.322052,0,2008-11-12 09:15:45
116.322183,0,2008-11-12 09:15:50
116.322317,0,2008-11-12 09:15:55
116.322522,0,2008-11-12 09:16:00
116.322768,0,2008-11-12 09:16:05
116.323065,0,2008-11-12 09:16:10
116.320953,0,2008-11-13 03:46:08
116.321055,0,2008-11-13 03:46:13
116.321025,0,2008-11-13 03:46:18
116.320962,0,2008-11-13 03:46:23
116.320811,0,2008-11-13 03:46:28
116.320527,0,2008-11-13 03:46:33
116.320176,0,2008-11-13 03:46:38
116.319899,0,2008-11-13 03:46:43
116.319999,0,2008-11-13 03:46:48
116.320035,0,2008-11-13 03:46:53
116.320192,0,2008-11-13 03:46:58
116.320262,0,2008-11-13 03:47:03
116.320281,0,2008-11-13 03:47:08
116.320518,0,2008-11-13 03:47:13
116.320551,0,2008-11-13 03:47:18
116.320496,0,2008-11-13 03:47:23
116.320559,0,2008-11-13 03:47:28
116.320585,0,2008-11-13 03:47:33
116.320598,0,2008-11-13 03:47:38
116.320651,0,2008-11-13 03:47:43
116.320724,0,2008-11-13 03:47:48
116.320757,0,2008-11-13 03:47:53
116.320822,0,2008-11-13 03:47:58
116.320983,0,2008-11-13 03:48:03
116.321045,0,2008-11-13 03:48:08
116.321119,0,2008-11-13 03:48:13
116.321147,0,2008-11-13 03:48:18
116.321142,0,2008-11-13 03:48:23
116.321052,0,2008-11-13 03:48:28
116.320809,0,2008-11-13 03:48:53
116.320658,0,2008-11-13 03:48:58
116.320476,0,2008-11-13 03:49:03
116.320515,0,2008-11-13 03:49:08
116.320513,0,2008-11-13 03:49:13
116.320622,0,2008-11-13 03:49:18
116.320747,0,2008-11-13 03:49:23
116.32079,0,2008-11-13 03:49:28
116.320794,0,2008-11-13 03:49:33
116.320744,0,2008-11-13 03:49:38
116.320666,0,2008-11-13 03:49:43
116.320465,0,2008-11-13 03:49:48
116.320153,0,2008-11-13 03:49:53
116.319888,0,2008-11-13 03:49:58
116.319783,0,2008-11-13 03:50:03
116.319843,0,2008-11-13 03:50:08
116.319843,0,2008-11-13 03:50:11
116.319842,0,2008-11-13 03:50:13
116.319983,0,2008-11-13 03:50:18
116.319994,0,2008-11-13 03:50:23
116.319961,0,2008-11-13 03:50:28
116.319893,0,2008-11-13 03:50:33
116.319994,0,2008-11-13 03:50:38
116.320145,0,2008-11-13 03:50:43
116.320254,0,2008-11-13 03:50:48
116.320322,0,2008-11-13 03:50:53
116.320342,0,2008-11-13 03:50:58
116.320406,0,2008-11-13 03:51:03
116.32047,0,2008-11-13 03:51:08
116.320497,0,2008-11-13 03:51:13
116.320497,0,2008-11-13 03:51:16
116.320492,0,2008-11-13 03:51:18
116.320513,0,2008-11-13 03:51:23
116.320504,0,2008-11-13 03:51:28
116.320456,0,2008-11-13 03:51:33
116.320419,0,2008-11-13 03:51:38
116.320364,0,2008-11-13 03:51:43
116.320323,0,2008-11-13 03:51:48
116.320332,0,2008-11-13 03:51:53
116.320277,0,2008-11-13 03:51:58
116.320291,0,2008-11-13 03:52:03
116.320332,0,2008-11-13 03:52:08
116.320375,0,2008-11-13 03:52:13
116.3205,0,2008-11-13 03:52:18
116.320588,0,2008-11-13 03:52:23
116.320684,0,2008-11-13 03:52:28
116.320733,0,2008-11-13 03:52:33
116.320708,0,2008-11-13 03:52:38
116.320622,0,2008-11-13 03:52:43
116.320479,0,2008-11-13 03:52:48
116.320339,0,2008-11-13 03:52:53
116.320315,0,2008-11-13 03:52:58
116.320149,0,2008-11-13 03:53:03
116.320186,0,2008-11-13 03:53:08
116.320131,0,2008-11-13 03:53:13
116.320089,0,2008-11-13 03:53:18
116.320071,0,2008-11-13 03:53:23
116.320107,0,2008-11-13 03:53:28
116.321778,0,2008-11-13 06:49:39
116.322496,0,2008-11-13 06:49:44
116.322085,0,2008-11-13 06:49:49
116.320621,0,2008-11-13 06:49:54
116.321841,0,2008-11-13 06:50:26
116.321354,0,2008-11-13 06:50:31
116.321479,0,2008-11-13 06:50:36
116.322494,0,2008-11-13 06:50:41
116.322486,0,2008-11-13 06:50:46
116.321176,0,2008-11-13 06:51:44
116.321188,0,2008-11-13 06:51:49
116.320911,0,2008-11-13 06:51:54
116.320455,0,2008-11-13 06:51:59
116.319394,0,2008-11-13 06:52:04
116.312191,0,2008-11-13 07:36:14
116.312256,0,2008-11-13 07:36:19
116.312313,0,2008-11-13 07:36:24
116.312356,0,2008-11-13 07:36:29
116.312356,0,2008-11-13 07:36:32
116.312348,0,2008-11-13 07:36:34
116.312355,0,2008-11-13 07:36:39
116.312395,0,2008-11-13 07:36:44
116.312467,0,2008-11-13 07:36:49
116.312614,0,2008-11-13 07:36:54
116.312728,0,2008-11-13 07:36:59
116.312831,0,2008-11-13 07:37:04
116.312965,0,2008-11-13 07:37:09
116.313193,0,2008-11-13 07:37:14
116.313357,0,2008-11-13 07:37:19
116.313525,0,2008-11-13 07:37:24
116.313632,0,2008-11-13 07:37:29
116.313693,0,2008-11-13 07:37:34
116.31378,0,2008-11-13 07:37:39
116.313793,0,2008-11-13 07:37:44
116.313749,0,2008-11-13 07:37:49
116.313749,0,2008-11-13 07:37:52
116.313746,0,2008-11-13 07:37:54
116.313734,0,2008-11-13 07:37:59
116.313803,0,2008-11-13 07:38:04
116.313845,0,2008-11-13 07:38:09
116.313947,0,2008-11-13 07:38:14
116.314132,0,2008-11-13 07:38:19
116.314299,0,2008-11-13 07:38:24
116.314412,0,2008-11-13 07:38:29
116.314502,0,2008-11-13 07:38:34
116.314542,0,2008-11-13 07:38:39
116.314562,0,2008-11-13 07:38:44
116.314585,0,2008-11-13 07:38:49
116.314593,0,2008-11-13 07:38:54
116.314593,0,2008-11-13 07:38:57
116.314596,0,2008-11-13 07:38:59
116.314591,0,2008-11-13 07:39:04
116.314606,0,2008-11-13 07:39:09
116.314646,0,2008-11-13 07:39:14
116.314698,0,2008-11-13 07:39:19
116.314813,0,2008-11-13 07:39:24
116.314997,0,2008-11-13 07:39:29
116.315179,0,2008-11-13 07:39:34
116.315326,0,2008-11-13 07:39:39
116.315522,0,2008-11-13 07:39:44
116.315701,0,2008-11-13 07:39:49
116.315911,0,2008-11-13 07:39:54
116.316088,0,2008-11-13 07:39:59
116.316198,0,2008-11-13 07:40:04
116.316224,0,2008-11-13 07:40:09
116.316272,0,2008-11-13 07:40:14
116.316294,0,2008-11-13 07:40:19
116.316374,0,2008-11-13 07:40:24
116.316405,0,2008-11-13 07:40:29
116.316413,0,2008-11-13 07:40:34
116.316449,0,2008-11-13 07:40:39
116.316458,0,2008-11-13 07:40:44
116.316493,0,2008-11-13 07:40:49
116.316472,0,2008-11-13 07:40:54
116.316461,0,2008-11-13 07:40:59
116.316416,0,2008-11-13 07:41:04
116.316363,0,2008-11-13 07:43:39
116.316425,0,2008-11-13 07:43:44
116.316531,0,2008-11-13 07:43:49
116.316488,0,2008-11-13 07:43:54
116.316585,0,2008-11-13 07:43:59
116.316696,0,2008-11-13 07:44:04
116.316717,0,2008-11-13 07:44:09
116.31677,0,2008-11-13 07:44:14
116.316821,0,2008-11-13 07:44:19
116.316863,0,2008-11-13 07:44:24
116.316928,0,2008-11-13 07:44:29
116.316988,0,2008-11-13 07:44:34
116.317037,0,2008-11-13 07:44:39
116.31715,0,2008-11-13 07:44:44
116.317299,0,2008-11-13 07:44:49
116.317367,0,2008-11-13 07:44:54
116.317417,0,2008-11-13 07:44:59
116.317467,0,2008-11-13 07:45:04
116.317507,0,2008-11-13 07:45:09
116.317538,0,2008-11-13 07:45:14
116.317545,0,2008-11-13 07:45:19
116.317571,0,2008-11-13 07:45:24
116.317587,0,2008-11-13 07:45:29
116.317598,0,2008-11-13 07:45:34
116.317608,0,2008-11-13 07:45:39
116.317618,0,2008-11-13 07:45:44
116.317623,0,2008-11-13 07:45:49
116.317608,0,2008-11-13 07:45:54
116.317616,0,2008-11-13 07:45:59
116.317616,0,2008-11-13 07:46:02
116.317621,0,2008-11-13 07:46:04
116.317704,0,2008-11-13 07:46:09
116.317699,0,2008-11-13 07:46:14
116.317714,0,2008-11-13 07:46:19
116.317716,0,2008-11-13 07:46:24
116.317703,0,2008-11-13 07:46:29
116.317684,0,2008-11-13 07:46:34
116.317662,0,2008-11-13 07:46:39
116.317637,0,2008-11-13 07:46:44
116.317621,0,2008-11-13 07:46:49
116.31764,0,2008-11-13 07:46:54
116.31762,0,2008-11-13 07:46:59
116.317572,0,2008-11-13 07:47:04
116.317548,0,2008-11-13 07:47:09
116.317576,0,2008-11-13 07:47:14
116.317579,0,2008-11-13 07:47:19
116.317589,0,2008-11-13 07:47:24
116.317614,0,2008-11-13 07:47:29
116.317592,0,2008-11-13 07:47:34
116.317545,0,2008-11-13 07:47:39
116.317519,0,2008-11-13 07:47:44
116.317485,0,2008-11-13 07:47:49
116.3175,0,2008-11-13 07:47:54
116.317529,0,2008-11-13 07:47:59
116.317566,0,2008-11-13 07:48:04
116.317599,0,2008-11-13 07:48:09
116.317641,0,2008-11-13 07:48:14
116.317688,0,2008-11-13 07:48:19
116.317733,0,2008-11-13 07:48:24
116.317754,0,2008-11-13 07:48:29
116.317744,0,2008-11-13 07:48:34
116.31774,0,2008-11-13 07:48:39
116.317747,0,2008-11-13 07:48:44
116.317743,0,2008-11-13 07:48:49
116.317754,0,2008-11-13 07:48:54
116.317795,0,2008-11-13 07:48:59
116.31784,0,2008-11-13 07:49:04
116.317977,0,2008-11-13 07:49:09
116.318054,0,2008-11-13 07:49:14
116.318103,0,2008-11-13 07:49:19
116.318051,0,2008-11-13 07:49:24
116.317721,0,2008-11-13 07:49:29
116.317407,0,2008-11-13 07:49:34
116.317288,0,2008-11-13 07:49:39
116.317179,0,2008-11-13 07:49:44
116.317213,0,2008-11-13 07:49:49
116.317204,0,2008-11-13 07:49:54
116.317191,0,2008-11-13 07:49:59
116.317241,0,2008-11-13 07:50:04
116.317227,0,2008-11-13 07:50:09
116.317205,0,2008-11-13 07:50:14
116.317204,0,2008-11-13 07:50:19
116.317223,0,2008-11-13 07:50:24
116.317266,0,2008-11-13 07:50:29
116.317337,0,2008-11-13 07:50:34
116.317364,0,2008-11-13 07:50:39
116.317406,0,2008-11-13 07:50:44
116.317427,0,2008-11-13 07:50:49
116.317384,0,2008-11-13 07:50:54
116.31741,0,2008-11-13 07:50:59
116.317447,0,2008-11-13 07:51:04
116.317553,0,2008-11-13 07:51:09
116.31762,0,2008-11-13 07:51:14
116.317722,0,2008-11-13 07:51:19
116.317735,0,2008-11-13 07:51:24
116.317695,0,2008-11-13 07:51:29
116.317652,0,2008-11-13 07:51:34
116.317629,0,2008-11-13 07:51:39
116.317629,0,2008-11-13 07:51:42
116.317622,0,2008-11-13 07:51:44
116.317654,0,2008-11-13 07:51:49
116.317645,0,2008-11-13 07:51:54
116.317642,0,2008-11-13 07:51:59
116.317612,0,2008-11-13 07:52:04
116.317587,0,2008-11-13 07:52:09
116.317539,0,2008-11-13 07:52:14
116.317521,0,2008-11-13 07:52:19
116.317497,0,2008-11-13 07:52:24
116.317466,0,2008-11-13 07:52:29
116.317428,0,2008-11-13 07:52:34
116.317413,0,2008-11-13 07:52:39
116.317429,0,2008-11-13 07:52:44
116.317432,0,2008-11-13 07:52:49
116.317446,0,2008-11-13 07:52:54
116.317446,0,2008-11-13 07:52:57
116.317453,0,2008-11-13 07:52:59
116.317499,0,2008-11-13 07:53:04
116.317455,0,2008-11-13 07:53:09
116.317409,0,2008-11-13 07:53:14
116.317414,0,2008-11-13 07:53:19
116.317423,0,2008-11-13 07:53:24
116.317436,0,2008-11-13 07:53:29
116.317404,0,2008-11-13 07:53:34
116.317362,0,2008-11-13 07:53:39
116.31733,0,2008-11-13 07:53:44
116.317297,0,2008-11-13 07:53:49
116.317279,0,2008-11-13 07:53:54
116.317302,0,2008-11-13 07:53:59
116.317335,0,2008-11-13 07:54:04
116.31732,0,2008-11-13 07:54:09
116.317325,0,2008-11-13 07:54:14
116.31727,0,2008-11-13 07:54:19
116.3172,0,2008-11-13 07:54:24
116.317194,0,2008-11-13 07:54:29
116.317183,0,2008-11-13 07:54:34
116.31716,0,2008-11-13 07:54:39
116.317159,0,2008-11-13 07:54:44
116.317151,0,2008-11-13 07:54:49
116.317173,0,2008-11-13 07:54:54
116.317143,0,2008-11-13 07:54:59
116.317133,0,2008-11-13 07:55:04
116.317072,0,2008-11-13 07:55:09
116.317031,0,2008-11-13 07:55:14
116.316994,0,2008-11-13 07:55:19
116.316974,0,2008-11-13 07:55:24
116.316968,0,2008-11-13 07:55:29
116.316951,0,2008-11-13 07:55:34
116.316954,0,2008-11-13 07:55:39
116.31704,0,2008-11-13 07:55:44
116.317081,0,2008-11-13 07:55:49
116.317082,0,2008-11-13 07:55:54
116.317102,0,2008-11-13 07:55:59
116.317079,0,2008-11-13 07:56:04
116.317034,0,2008-11-13 07:56:09
116.317028,0,2008-11-13 07:56:14
116.316979,0,2008-11-13 07:56:19
116.316986,0,2008-11-13 07:56:24
116.316994,0,2008-11-13 07:56:29
116.317006,0,2008-11-13 07:56:34
116.317043,0,2008-11-13 07:56:39
116.317091,0,2008-11-13 07:56:44
116.317084,0,2008-11-13 07:56:49
116.317056,0,2008-11-13 07:56:54
116.317016,0,2008-11-13 07:56:59
116.316992,0,2008-11-13 07:57:04
116.316949,0,2008-11-13 07:57:09
116.316933,0,2008-11-13 07:57:14
116.316806,0,2008-11-13 07:57:19
116.316688,0,2008-11-13 07:57:24
116.316675,0,2008-11-13 07:57:29
116.316587,0,2008-11-13 07:57:34
116.31655,0,2008-11-13 07:57:39
116.316471,0,2008-11-13 07:57:44
116.31643,0,2008-11-13 07:57:49
116.316391,0,2008-11-13 07:57:54
116.316425,0,2008-11-13 07:57:59
116.316441,0,2008-11-13 07:58:04
116.316393,0,2008-11-13 07:58:09
116.316307,0,2008-11-13 07:58:14
116.316269,0,2008-11-13 07:58:19
116.31624,0,2008-11-13 07:58:24
116.316188,0,2008-11-13 07:58:29
116.316188,0,2008-11-13 07:58:32
116.316193,0,2008-11-13 07:58:34
116.316226,0,2008-11-13 07:58:39
116.316222,0,2008-11-13 07:58:44
116.3162,0,2008-11-13 07:58:49
116.316185,0,2008-11-13 07:58:54
116.316203,0,2008-11-13 07:58:59
116.316215,0,2008-11-13 07:59:04
116.316128,0,2008-11-13 07:59:09
116.318998,0,2008-11-13 08:18:47
116.322042,0,2008-11-13 11:03:09
116.322056,0,2008-11-13 11:03:14
116.322043,0,2008-11-13 11:03:19
116.322044,0,2008-11-13 11:03:24
116.322058,0,2008-11-13 11:03:29
116.322028,0,2008-11-13 11:03:34
116.321992,0,2008-11-13 11:03:39
116.321972,0,2008-11-13 11:03:44
116.321975,0,2008-11-13 11:03:49
116.321968,0,2008-11-13 11:03:54
116.321947,0,2008-11-13 11:03:59
116.321926,0,2008-11-13 11:04:04
116.321933,0,2008-11-13 11:04:09
116.321954,0,2008-11-13 11:04:14
116.321972,0,2008-11-13 11:04:19
116.321993,0,2008-11-13 11:04:24
116.321982,0,2008-11-13 11:04:29
116.321931,0,2008-11-13 11:04:34
116.321986,0,2008-11-13 11:04:39
116.32206,0,2008-11-13 11:04:44
116.322192,0,2008-11-13 11:04:49
116.322367,0,2008-11-13 11:04:54
116.322517,0,2008-11-13 11:04:59
116.322679,0,2008-11-13 11:05:04
116.322852,0,2008-11-13 11:05:09
116.322999,0,2008-11-13 11:05:14
116.323154,0,2008-11-13 11:05:19
116.323274,0,2008-11-13 11:05:24
116.323383,0,2008-11-13 11:05:29
116.32345,0,2008-11-13 11:05:34
116.323552,0,2008-11-13 11:05:39
116.323654,0,2008-11-13 11:05:44
116.323689,0,2008-11-13 11:05:49
116.323668,0,2008-11-13 11:05:54
116.323683,0,2008-11-13 11:05:59
116.323609,0,2008-11-13 11:06:04
116.323517,0,2008-11-13 11:06:09
116.323682,0,2008-11-13 11:06:24
116.324508,0,2008-11-13 13:53:31
116.324496,0,2008-11-13 13:53:36
116.324527,0,2008-11-13 13:53:41
116.324538,0,2008-11-13 13:53:46
116.324556,0,2008-11-13 13:53:51
116.324562,0,2008-11-13 13:53:56
116.324609,0,2008-11-13 13:54:01
116.324622,0,2008-11-13 13:54:06
116.324601,0,2008-11-13 13:54:11
116.32456,0,2008-11-13 13:54:16
116.324532,0,2008-11-13 13:54:21
116.324507,0,2008-11-13 13:54:26
116.324494,0,2008-11-13 13:54:31
116.324611,0,2008-11-13 14:01:21
116.324462,0,2008-11-13 14:01:26
116.323444,0,2008-11-13 14:01:31
116.322258,0,2008-11-13 14:02:46
116.321941,0,2008-11-13 14:02:51
116.32175,0,2008-11-13 14:03:31
116.321681,0,2008-11-13 14:03:36
116.321594,0,2008-11-13 14:03:41
116.319266,0,2008-11-13 14:03:56
116.319288,0,2008-11-13 14:04:01
116.319326,0,2008-11-13 14:04:06
116.319787,0,2008-11-13 14:04:11
116.32292,0,2008-11-13 14:04:16
116.321577,0,2008-11-13 14:04:21
116.321423,0,2008-11-13 14:04:26
116.321364,0,2008-11-13 14:04:31
116.321352,0,2008-11-13 14:04:36
116.321381,0,2008-11-13 14:04:41
116.321383,0,2008-11-13 14:04:46
116.321364,0,2008-11-13 14:04:51
116.321321,0,2008-11-13 14:04:56
116.321245,0,2008-11-13 14:05:01
116.321175,0,2008-11-13 14:05:06
116.321204,0,2008-11-13 14:05:11
116.321242,0,2008-11-13 14:05:16
116.321173,0,2008-11-13 14:05:21
116.321082,0,2008-11-13 14:05:26
116.321103,0,2008-11-13 14:05:31
116.321223,0,2008-11-13 14:05:36
116.321238,0,2008-11-13 14:05:41
116.321233,0,2008-11-13 14:05:46
116.321233,0,2008-11-13 14:05:49
116.321234,0,2008-11-13 14:05:51
116.321262,0,2008-11-13 14:05:56
116.321262,0,2008-11-13 14:05:59
116.321263,0,2008-11-13 14:06:01
116.321303,0,2008-11-13 14:06:06
116.321381,0,2008-11-13 14:06:11
116.321399,0,2008-11-13 14:06:16
116.32135,0,2008-11-13 14:06:21
116.321395,0,2008-11-13 14:06:26
116.321437,0,2008-11-13 14:06:31
116.321454,0,2008-11-13 14:06:36
116.321469,0,2008-11-13 14:06:41
116.321456,0,2008-11-13 14:06:46
116.321438,0,2008-11-13 14:06:51
116.321394,0,2008-11-13 14:06:56
116.321359,0,2008-11-13 14:08:06
116.321358,0,2008-11-13 14:08:11
116.32133,0,2008-11-13 14:08:16
116.321249,0,2008-11-13 14:08:26
116.321382,0,2008-11-13 14:08:31
116.321398,0,2008-11-13 14:08:36
116.321497,0,2008-11-13 14:08:41
116.321454,0,2008-11-13 14:08:46
116.321445,0,2008-11-13 14:08:51
116.321476,0,2008-11-13 14:08:56
116.321414,0,2008-11-13 14:09:01
116.32125,0,2008-11-13 14:09:06
116.321143,0,2008-11-13 14:09:11
116.32112,0,2008-11-13 14:09:16
116.321113,0,2008-11-13 14:09:21
116.321092,0,2008-11-13 14:09:26
116.321072,0,2008-11-13 14:09:31
116.320965,0,2008-11-13 14:09:36
116.320853,0,2008-11-13 14:09:41
116.320734,0,2008-11-13 14:09:46
116.320591,0,2008-11-13 14:09:51
116.320449,0,2008-11-13 14:09:56
116.320418,0,2008-11-13 14:10:01
116.32035,0,2008-11-13 14:10:06
116.320241,0,2008-11-13 14:10:11
116.320081,0,2008-11-13 14:10:16
116.319937,0,2008-11-13 14:10:21
116.319843,0,2008-11-13 14:10:26
116.319774,0,2008-11-13 14:10:31
116.319701,0,2008-11-13 14:10:36
116.319635,0,2008-11-13 14:10:41
116.319622,0,2008-11-13 14:10:46
116.319577,0,2008-11-13 14:10:51
116.319527,0,2008-11-13 14:10:56
116.319414,0,2008-11-13 14:11:01
116.319302,0,2008-11-13 14:11:06
116.319344,0,2008-11-13 14:11:11
116.319372,0,2008-11-13 14:11:16
116.319339,0,2008-11-13 14:11:21
116.31931,0,2008-11-13 14:11:26
116.319333,0,2008-11-13 14:11:31
116.31966,0,2008-11-14 01:52:55
116.319698,0,2008-11-14 01:53:00
116.319346,0,2008-11-14 01:53:05
116.319346,0,2008-11-14 01:53:08
116.319354,0,2008-11-14 01:53:10
116.319342,0,2008-11-14 01:53:15
116.31932,0,2008-11-14 01:53:20
116.319303,0,2008-11-14 01:53:25
116.319286,0,2008-11-14 01:53:30
116.319296,0,2008-11-14 01:53:35
116.319476,0,2008-11-14 01:53:40
116.319723,0,2008-11-14 01:53:45
116.319947,0,2008-11-14 01:53:50
116.320155,0,2008-11-14 01:53:55
116.320293,0,2008-11-14 01:54:00
116.32037,0,2008-11-14 01:54:05
116.320548,0,2008-11-14 01:54:10
116.320742,0,2008-11-14 01:54:15
116.32092,0,2008-11-14 01:54:20
116.321045,0,2008-11-14 01:54:25
116.321114,0,2008-11-14 01:54:30
116.321165,0,2008-11-14 01:54:35
116.321209,0,2008-11-14 01:54:40
116.32125,0,2008-11-14 01:54:45
116.321285,0,2008-11-14 01:54:50
116.32133,0,2008-11-14 01:54:55
116.321373,0,2008-11-14 01:55:00
116.321391,0,2008-11-14 01:55:05
116.321393,0,2008-11-14 01:55:10
116.321417,0,2008-11-14 01:55:15
116.321438,0,2008-11-14 01:55:20
116.321508,0,2008-11-14 01:55:25
116.321536,0,2008-11-14 01:55:30
116.321532,0,2008-11-14 01:55:35
116.321527,0,2008-11-14 01:55:40
116.321507,0,2008-11-14 01:55:45
116.321498,0,2008-11-14 01:55:50
116.321481,0,2008-11-14 01:55:55
116.321503,0,2008-11-14 01:56:00
116.321518,0,2008-11-14 01:56:05
116.32154,0,2008-11-14 01:56:10
116.321555,0,2008-11-14 01:56:15
116.321541,0,2008-11-14 01:56:20
116.321517,0,2008-11-14 01:56:25
116.321521,0,2008-11-14 01:56:30
116.321537,0,2008-11-14 01:56:35
116.321592,0,2008-11-14 01:56:40
116.321615,0,2008-11-14 01:56:45
116.321582,0,2008-11-14 01:56:50
116.321557,0,2008-11-14 01:56:55
116.321543,0,2008-11-14 01:57:00
116.321541,0,2008-11-14 01:57:05
116.321565,0,2008-11-14 01:57:10
116.321556,0,2008-11-14 01:57:15
116.32154,0,2008-11-14 01:57:20
116.321578,0,2008-11-14 01:57:25
116.321581,0,2008-11-14 01:57:30
116.321624,0,2008-11-14 01:57:35
116.32172,0,2008-11-14 01:57:40
116.321763,0,2008-11-14 01:57:45
116.321758,0,2008-11-14 01:57:50
116.321722,0,2008-11-14 01:57:55
116.321694,0,2008-11-14 01:58:00
116.321703,0,2008-11-14 01:58:05
116.321726,0,2008-11-14 01:58:10
116.321727,0,2008-11-14 01:58:15
116.321752,0,2008-11-14 01:58:20
116.321811,0,2008-11-14 01:58:25
116.321866,0,2008-11-14 01:58:30
116.321983,0,2008-11-14 01:58:35
116.322104,0,2008-11-14 01:58:40
116.322216,0,2008-11-14 01:58:45
116.322303,0,2008-11-14 01:58:50
116.322389,0,2008-11-14 01:58:55
116.322523,0,2008-11-14 01:59:00
116.322716,0,2008-11-14 01:59:05
116.322935,0,2008-11-14 01:59:10
116.323124,0,2008-11-14 01:59:15
116.323344,0,2008-11-14 01:59:20
116.32358,0,2008-11-14 01:59:25
116.323795,0,2008-11-14 01:59:30
116.324021,0,2008-11-14 01:59:35
116.324223,0,2008-11-14 01:59:40
116.324372,0,2008-11-14 01:59:45
116.324442,0,2008-11-14 01:59:50
116.324441,0,2008-11-14 01:59:55
116.324458,0,2008-11-14 02:00:00
116.324516,0,2008-11-14 02:00:05
116.324499,0,2008-11-14 02:00:10
116.324516,0,2008-11-14 02:00:15
116.324541,0,2008-11-14 02:00:20
116.324526,0,2008-11-14 02:00:25
116.324505,0,2008-11-14 02:00:30
116.32453,0,2008-11-14 02:00:35
116.324534,0,2008-11-14 02:00:40
116.324545,0,2008-11-14 02:00:45
116.324551,0,2008-11-14 02:00:50
116.324555,0,2008-11-14 02:00:55
116.32453,0,2008-11-14 02:01:05
116.32519,0,2008-11-14 03:49:53
116.324994,0,2008-11-14 03:49:58
116.32485,0,2008-11-14 03:50:03
116.324717,0,2008-11-14 03:50:08
116.324868,0,2008-11-14 03:50:13
116.324686,0,2008-11-14 03:50:18
116.324656,0,2008-11-14 03:50:23
116.324671,0,2008-11-14 03:50:28
116.32463,0,2008-11-14 03:50:33
116.324548,0,2008-11-14 03:50:38
116.321833,0,2008-11-14 03:52:15
116.322609,0,2008-11-14 03:52:20
116.32228,0,2008-11-14 03:52:25
116.321947,0,2008-11-14 03:52:30
116.321978,0,2008-11-14 03:52:35
116.322054,0,2008-11-14 03:52:40
116.322052,0,2008-11-14 03:52:45
116.322044,0,2008-11-14 03:52:50
116.322109,0,2008-11-14 03:52:55
116.322187,0,2008-11-14 03:53:00
116.322248,0,2008-11-14 03:53:05
116.322205,0,2008-11-14 03:53:10
116.32214,0,2008-11-14 03:53:15
116.322077,0,2008-11-14 03:53:20
116.322071,0,2008-11-14 03:53:25
116.322043,0,2008-11-14 03:53:30
116.321962,0,2008-11-14 03:53:35
116.32186,0,2008-11-14 03:53:40
116.321791,0,2008-11-14 03:53:45
116.32173,0,2008-11-14 03:53:50
116.321665,0,2008-11-14 03:53:55
116.321645,0,2008-11-14 03:54:00
116.321633,0,2008-11-14 03:54:05
116.321571,0,2008-11-14 03:54:10
116.3215,0,2008-11-14 03:54:15
116.321464,0,2008-11-14 03:54:20
116.321471,0,2008-11-14 03:54:25
116.32149,0,2008-11-14 03:54:30
116.321477,0,2008-11-14 03:54:35
116.321455,0,2008-11-14 03:54:40
116.321499,0,2008-11-14 03:54:45
116.32152,0,2008-11-14 03:54:50
116.321491,0,2008-11-14 03:54:55
116.321462,0,2008-11-14 03:55:00
116.321569,0,2008-11-14 03:55:05
116.321524,0,2008-11-14 03:55:10
116.321519,0,2008-11-14 03:55:15
116.321533,0,2008-11-14 03:55:20
116.321506,0,2008-11-14 03:55:25
116.321466,0,2008-11-14 03:55:30
116.321443,0,2008-11-14 03:55:35
116.321407,0,2008-11-14 03:55:40
116.32141,0,2008-11-14 03:55:45
116.321393,0,2008-11-14 03:55:50
116.321346,0,2008-11-14 03:55:55
116.321319,0,2008-11-14 03:56:00
116.321292,0,2008-11-14 03:56:05
116.321245,0,2008-11-14 03:56:10
116.321233,0,2008-11-14 03:56:15
116.321231,0,2008-11-14 03:56:20
116.321209,0,2008-11-14 03:56:25
116.321212,0,2008-11-14 03:56:30
116.321187,0,2008-11-14 03:56:35
116.321136,0,2008-11-14 03:56:40
116.321104,0,2008-11-14 03:56:45
116.321106,0,2008-11-14 03:56:50
116.32114,0,2008-11-14 03:56:55
116.321279,0,2008-11-14 03:57:00
116.321356,0,2008-11-14 03:57:05
116.321425,0,2008-11-14 03:57:10
116.321508,0,2008-11-14 03:57:15
116.321502,0,2008-11-14 03:57:20
116.321455,0,2008-11-14 03:57:25
116.321427,0,2008-11-14 03:57:30
116.321373,0,2008-11-14 03:57:35
116.321309,0,2008-11-14 03:57:40
116.32126,0,2008-11-14 03:57:45
116.321212,0,2008-11-14 03:57:50
116.321162,0,2008-11-14 03:57:55
116.321209,0,2008-11-14 03:58:00
116.321284,0,2008-11-14 03:58:05
116.321341,0,2008-11-14 03:58:10
116.321432,0,2008-11-14 03:58:15
116.321435,0,2008-11-14 03:58:20
116.321384,0,2008-11-14 03:58:25
116.321396,0,2008-11-14 03:58:30
116.321409,0,2008-11-14 03:58:35
116.321416,0,2008-11-14 03:58:40
116.321452,0,2008-11-14 03:58:45
116.321468,0,2008-11-14 03:58:50
116.321436,0,2008-11-14 03:58:55
116.321309,0,2008-11-14 03:59:00
116.32123,0,2008-11-14 03:59:05
116.321165,0,2008-11-14 03:59:10
116.321154,0,2008-11-14 03:59:15
116.321128,0,2008-11-14 03:59:20
116.321157,0,2008-11-14 03:59:25
116.321203,0,2008-11-14 03:59:30
116.321195,0,2008-11-14 03:59:35
116.321195,0,2008-11-14 03:59:40
116.321255,0,2008-11-14 03:59:45
116.321442,0,2008-11-14 03:59:50
116.321563,0,2008-11-14 03:59:55
116.321762,0,2008-11-14 04:00:00
116.32191,0,2008-11-14 04:00:05
116.322423,0,2008-11-14 04:00:10
116.322529,0,2008-11-14 04:00:15
116.322479,0,2008-11-14 04:00:20
116.322477,0,2008-11-14 04:00:25
116.322477,0,2008-11-14 04:00:30
116.322399,0,2008-11-14 04:00:35
116.322376,0,2008-11-14 04:00:40
116.32236,0,2008-11-14 04:00:45
116.322428,0,2008-11-14 04:00:50
116.322536,0,2008-11-14 04:00:55
116.322582,0,2008-11-14 04:01:00
116.322602,0,2008-11-14 04:01:05
116.322667,0,2008-11-14 04:01:10
116.322691,0,2008-11-14 04:01:15
116.321753,0,2008-11-14 04:42:23
116.321881,0,2008-11-14 04:42:28
116.321758,0,2008-11-14 04:42:33
116.321681,0,2008-11-14 04:42:38
116.321426,0,2008-11-14 04:43:08
116.321298,0,2008-11-14 04:43:48
116.321282,0,2008-11-14 04:43:53
116.321162,0,2008-11-14 04:43:59
116.321095,0,2008-11-14 04:44:04
116.321005,0,2008-11-14 04:44:09
116.320991,0,2008-11-14 04:44:14
116.320972,0,2008-11-14 04:44:19
116.321025,0,2008-11-14 04:44:24
116.321045,0,2008-11-14 04:44:29
116.321079,0,2008-11-14 04:44:34
116.321077,0,2008-11-14 04:44:39
116.321104,0,2008-11-14 04:44:44
116.32098,0,2008-11-14 04:44:49
116.321022,0,2008-11-14 04:44:54
116.321045,0,2008-11-14 04:44:59
116.32106,0,2008-11-14 04:45:04
116.321049,0,2008-11-14 04:45:09
116.321037,0,2008-11-14 04:45:14
116.321064,0,2008-11-14 04:45:19
116.321086,0,2008-11-14 04:45:24
116.321111,0,2008-11-14 04:45:29
116.321122,0,2008-11-14 04:45:34
116.321139,0,2008-11-14 04:45:39
116.32111,0,2008-11-14 04:45:44
116.321198,0,2008-11-14 04:45:49
116.321134,0,2008-11-14 04:45:54
116.321109,0,2008-11-14 04:45:59
116.321093,0,2008-11-14 04:46:04
116.321064,0,2008-11-14 04:46:09
116.321025,0,2008-11-14 04:46:14
116.320946,0,2008-11-14 04:46:19
116.320926,0,2008-11-14 04:46:24
116.320955,0,2008-11-14 04:46:29
116.320993,0,2008-11-14 04:46:34
116.321035,0,2008-11-14 04:46:39
116.321035,0,2008-11-14 04:46:42
116.321033,0,2008-11-14 04:46:44
116.321012,0,2008-11-14 04:46:49
116.321012,0,2008-11-14 04:46:52
116.321006,0,2008-11-14 04:46:54
116.321047,0,2008-11-14 04:46:59
116.3211,0,2008-11-14 04:47:04
116.320382,0,2008-11-14 04:47:24
116.320648,0,2008-11-14 04:47:29
116.320812,0,2008-11-14 04:47:34
116.319257,0,2008-11-14 04:50:44
116.319305,0,2008-11-14 04:50:49
116.319455,0,2008-11-14 04:50:54
116.31951,0,2008-11-14 04:50:59
116.319504,0,2008-11-14 04:51:04
116.319455,0,2008-11-14 04:51:09
116.319393,0,2008-11-14 04:51:14
116.320175,0,2008-11-14 07:02:38
116.320127,0,2008-11-14 07:02:43
116.320115,0,2008-11-14 07:02:48
116.320113,0,2008-11-14 07:02:53
116.320113,0,2008-11-14 07:02:56
116.320118,0,2008-11-14 07:02:58
116.320132,0,2008-11-14 07:03:03
116.32015,0,2008-11-14 07:03:08
116.3202,0,2008-11-14 07:03:13
116.320259,0,2008-11-14 07:03:18
116.320354,0,2008-11-14 07:03:23
116.320495,0,2008-11-14 07:03:28
116.320684,0,2008-11-14 07:03:33
116.320948,0,2008-11-14 07:03:38
116.321247,0,2008-11-14 07:03:43
116.321579,0,2008-11-14 07:03:48
116.321769,0,2008-11-14 07:03:53
116.321975,0,2008-11-14 07:03:58
116.322143,0,2008-11-14 07:04:03
116.321477,0,2008-11-14 07:04:48
116.321638,0,2008-11-14 07:04:53
116.321801,0,2008-11-14 07:04:58
116.321933,0,2008-11-14 07:05:03
116.322014,0,2008-11-14 07:05:08
116.322116,0,2008-11-14 07:05:13
116.322199,0,2008-11-14 07:05:18
116.32219,0,2008-11-14 07:05:23
116.322038,0,2008-11-14 07:05:28
116.321911,0,2008-11-14 07:05:33
116.321832,0,2008-11-14 07:05:38
116.321792,0,2008-11-14 07:05:43
116.321799,0,2008-11-14 07:05:48
116.321828,0,2008-11-14 07:05:53
116.3219,0,2008-11-14 07:05:58
116.321985,0,2008-11-14 07:06:03
116.322066,0,2008-11-14 07:06:08
116.322123,0,2008-11-14 07:06:13
116.322199,0,2008-11-14 07:06:18
116.322273,0,2008-11-14 07:06:23
116.322327,0,2008-11-14 07:06:28
116.32239,0,2008-11-14 07:06:33
116.322441,0,2008-11-14 07:06:38
116.322429,0,2008-11-14 07:06:43
116.322431,0,2008-11-14 07:06:48
116.322446,0,2008-11-14 07:06:53
116.322448,0,2008-11-14 07:06:58
116.322466,0,2008-11-14 07:07:03
116.322474,0,2008-11-14 07:07:08
116.322505,0,2008-11-14 07:07:13
116.322571,0,2008-11-14 07:07:18
116.322729,0,2008-11-14 07:07:23
116.322961,0,2008-11-14 07:07:28
116.323219,0,2008-11-14 07:07:33
116.323474,0,2008-11-14 07:07:38
116.32377,0,2008-11-14 07:07:43
116.323988,0,2008-11-14 07:07:48
116.324181,0,2008-11-14 07:07:53
116.32434,0,2008-11-14 07:07:58
116.324496,0,2008-11-14 07:08:03
116.32464,0,2008-11-14 07:08:08
116.32474,0,2008-11-14 07:08:13
116.324765,0,2008-11-14 07:08:18
116.324514,0,2008-11-14 10:14:36
116.324539,0,2008-11-14 10:14:41
116.324545,0,2008-11-14 10:14:46
116.324524,0,2008-11-14 10:14:51
116.324524,0,2008-11-14 10:14:56
116.324493,0,2008-11-14 10:15:01
116.324579,0,2008-11-14 10:15:06
116.324533,0,2008-11-14 10:15:11
116.324532,0,2008-11-14 10:15:16
116.3245,0,2008-11-14 10:15:21
116.324493,0,2008-11-14 10:15:26
116.324507,0,2008-11-14 10:15:31
116.324508,0,2008-11-14 10:15:36
116.324507,0,2008-11-14 10:15:41
116.324507,0,2008-11-14 10:15:46
116.324477,0,2008-11-14 10:15:51
116.324488,0,2008-11-14 10:15:56
116.324534,0,2008-11-14 10:16:01
116.324624,0,2008-11-14 10:16:06
116.32472,0,2008-11-14 10:16:11
116.324781,0,2008-11-14 10:16:16
116.324744,0,2008-11-14 10:16:21
116.324667,0,2008-11-14 10:16:26
116.324629,0,2008-11-14 10:16:31
116.324591,0,2008-11-14 10:16:36
116.32457,0,2008-11-14 10:16:41
116.324579,0,2008-11-14 10:16:46
116.324554,0,2008-11-14 10:16:51
116.324499,0,2008-11-14 10:16:56
116.324438,0,2008-11-14 10:17:01
116.324418,0,2008-11-14 10:17:06
116.324486,0,2008-11-14 10:17:11
116.324518,0,2008-11-14 10:17:16
116.324377,0,2008-11-14 10:17:21
116.324315,0,2008-11-14 10:17:26
116.324306,0,2008-11-14 10:17:31
116.324302,0,2008-11-14 10:17:36
116.324296,0,2008-11-14 10:17:41
116.324297,0,2008-11-14 10:17:46
116.324306,0,2008-11-14 10:17:51
116.324293,0,2008-11-14 10:17:56
116.324275,0,2008-11-14 10:18:01
116.324277,0,2008-11-14 10:18:06
116.324254,0,2008-11-14 10:18:11
116.324272,0,2008-11-14 10:18:16
116.324319,0,2008-11-14 10:18:21
116.324312,0,2008-11-14 10:18:26
116.324276,0,2008-11-14 10:18:31
116.324266,0,2008-11-14 10:18:36
116.324266,0,2008-11-14 10:18:41
116.324281,0,2008-11-14 10:18:46
116.324238,0,2008-11-14 10:18:51
116.324088,0,2008-11-14 10:18:56
116.323884,0,2008-11-14 10:19:01
116.323612,0,2008-11-14 10:19:06
116.323376,0,2008-11-14 10:19:11
116.323158,0,2008-11-14 10:19:16
116.322917,0,2008-11-14 10:19:21
116.322699,0,2008-11-14 10:19:26
116.322631,0,2008-11-14 10:19:31
116.322593,0,2008-11-14 10:19:36
116.322596,0,2008-11-14 10:19:41
116.322594,0,2008-11-14 10:19:46
116.322597,0,2008-11-14 10:19:51
116.322597,0,2008-11-14 10:19:56
116.32257,0,2008-11-14 10:20:01
116.322527,0,2008-11-14 10:20:06
116.3225,0,2008-11-14 10:20:11
116.322457,0,2008-11-14 10:20:16
116.322357,0,2008-11-14 10:20:21
116.322155,0,2008-11-14 10:20:26
116.321995,0,2008-11-14 10:20:31
116.321855,0,2008-11-14 10:20:36
116.321714,0,2008-11-14 10:20:41
116.321627,0,2008-11-14 10:20:46
116.321588,0,2008-11-14 10:20:51
116.321537,0,2008-11-14 10:20:56
116.321504,0,2008-11-14 10:21:11
116.321507,0,2008-11-14 10:21:21
116.321649,0,2008-11-14 10:22:01
116.321837,0,2008-11-14 10:22:21
116.321716,0,2008-11-14 10:22:26
116.321407,0,2008-11-14 10:22:31
116.321416,0,2008-11-14 10:22:36
116.321432,0,2008-11-14 10:22:46
116.321236,0,2008-11-14 10:23:06
116.320908,0,2008-11-14 10:30:51
116.320858,0,2008-11-14 10:30:56
116.320779,0,2008-11-14 10:31:01
116.320708,0,2008-11-14 10:31:06
116.320629,0,2008-11-14 10:31:11
116.320598,0,2008-11-14 10:31:16
116.320563,0,2008-11-14 10:31:21
116.320519,0,2008-11-14 10:31:26
116.320498,0,2008-11-14 10:31:31
116.320518,0,2008-11-14 10:31:36
116.320593,0,2008-11-14 10:31:41
116.320586,0,2008-11-14 10:31:46
116.320561,0,2008-11-14 10:31:51
116.320535,0,2008-11-14 10:31:56
116.320467,0,2008-11-14 10:32:01
116.320344,0,2008-11-14 10:32:06
116.320278,0,2008-11-14 10:32:11
116.320214,0,2008-11-14 10:32:16
116.32016,0,2008-11-14 10:32:21
116.321748,0,2008-11-14 11:13:24
116.321746,0,2008-11-14 11:13:29
116.321761,0,2008-11-14 11:13:34
116.321783,0,2008-11-14 11:13:39
116.321814,0,2008-11-14 11:13:44
116.321781,0,2008-11-14 11:13:49
116.321752,0,2008-11-14 11:13:54
116.3217,0,2008-11-14 11:13:59
116.32166,0,2008-11-14 11:14:04
116.321645,0,2008-11-14 11:14:09
116.321644,0,2008-11-14 11:14:14
116.321657,0,2008-11-14 11:14:19
116.321662,0,2008-11-14 11:14:24
116.321681,0,2008-11-14 11:14:29
116.321706,0,2008-11-14 11:14:34
116.321769,0,2008-11-14 11:14:39
116.321803,0,2008-11-14 11:14:44
116.321867,0,2008-11-14 11:14:49
116.321877,0,2008-11-14 11:14:54
116.321896,0,2008-11-14 11:14:59
116.321682,0,2008-11-14 11:16:09
116.321701,0,2008-11-14 11:16:14
116.321703,0,2008-11-14 11:16:19
116.32169,0,2008-11-14 11:16:24
116.321649,0,2008-11-14 11:16:29
116.32158,0,2008-11-14 11:16:34
116.32149,0,2008-11-14 11:16:39
116.321369,0,2008-11-14 11:16:44
116.321252,0,2008-11-14 11:16:49
116.320978,0,2008-11-14 11:17:04
116.320965,0,2008-11-14 11:17:09
116.320851,0,2008-11-14 11:17:34
116.320447,0,2008-11-14 11:17:39
116.320067,0,2008-11-14 11:17:44
116.31968,0,2008-11-14 11:17:49
116.319511,0,2008-11-14 11:17:54
116.319483,0,2008-11-14 11:17:59
116.319398,0,2008-11-14 11:18:04
116.319339,0,2008-11-14 11:18:09
116.319304,0,2008-11-14 11:18:14
116.319302,0,2008-11-14 11:18:19
116.319315,0,2008-11-14 11:18:24
116.319312,0,2008-11-14 11:18:29
116.319276,0,2008-11-14 11:18:34
116.321315,0,2008-11-14 11:18:39
116.321283,0,2008-11-14 11:18:44
116.321345,0,2008-11-14 11:18:49
116.321412,0,2008-11-14 11:18:54
116.321398,0,2008-11-14 11:18:59
116.321364,0,2008-11-14 11:19:04
116.321357,0,2008-11-14 11:19:09
116.321367,0,2008-11-14 11:19:14
116.321372,0,2008-11-14 11:19:19
116.321409,0,2008-11-14 11:19:24
116.321427,0,2008-11-14 11:19:29
116.321439,0,2008-11-14 11:19:34
116.32141,0,2008-11-14 11:19:39
116.321372,0,2008-11-14 11:19:44
116.321372,0,2008-11-14 11:19:47
116.321379,0,2008-11-14 11:19:49
116.321399,0,2008-11-14 11:19:54
116.321399,0,2008-11-14 11:19:57
116.321399,0,2008-11-14 11:19:59
116.32141,0,2008-11-14 11:20:04
116.321415,0,2008-11-14 11:20:09
116.321415,0,2008-11-14 11:20:12
116.321421,0,2008-11-14 11:20:14
116.32144,0,2008-11-14 11:20:19
116.321463,0,2008-11-14 11:20:24
116.32149,0,2008-11-14 11:20:29
116.321508,0,2008-11-14 11:20:34
116.321525,0,2008-11-14 11:20:39
116.32156,0,2008-11-14 11:20:44
116.321592,0,2008-11-14 11:20:49
116.3216,0,2008-11-14 11:20:54
116.321598,0,2008-11-14 11:20:59
116.32159,0,2008-11-14 11:21:04
116.321577,0,2008-11-14 11:21:09
116.321594,0,2008-11-14 11:21:14
116.321615,0,2008-11-14 11:21:19
116.32163,0,2008-11-14 11:21:24
116.321629,0,2008-11-14 11:21:29
116.321631,0,2008-11-14 11:21:34
116.321622,0,2008-11-14 11:21:39
116.321622,0,2008-11-14 11:21:42
116.32162,0,2008-11-14 11:21:44
116.321598,0,2008-11-14 11:21:49
116.321589,0,2008-11-14 11:21:54
116.321589,0,2008-11-14 11:21:57
116.321589,0,2008-11-14 11:21:59
116.321567,0,2008-11-14 11:22:04
116.321542,0,2008-11-14 11:22:09
116.321544,0,2008-11-14 11:22:14
116.321536,0,2008-11-14 11:22:19
116.32152,0,2008-11-14 11:22:24
116.32152,0,2008-11-14 11:22:27
116.321524,0,2008-11-14 11:22:29
116.321479,0,2008-11-14 11:22:34
116.321399,0,2008-11-14 11:22:39
116.321383,0,2008-11-14 11:22:44
116.321358,0,2008-11-14 11:22:49
116.321358,0,2008-11-14 11:22:52
116.32135,0,2008-11-14 11:22:54
116.321326,0,2008-11-14 11:22:59
116.321332,0,2008-11-14 11:23:04
116.321359,0,2008-11-14 11:23:09
116.321357,0,2008-11-14 11:23:14
116.321376,0,2008-11-14 11:23:19
116.321397,0,2008-11-14 11:23:24
116.321421,0,2008-11-14 11:23:29
116.321409,0,2008-11-14 11:23:34
116.321366,0,2008-11-14 11:23:39
116.321329,0,2008-11-14 11:23:44
116.321315,0,2008-11-14 11:23:49
116.321251,0,2008-11-14 11:23:54
116.321499,0,2008-11-14 11:28:14
116.321646,0,2008-11-14 11:28:19
116.321799,0,2008-11-14 11:28:24
116.321938,0,2008-11-14 11:28:29
116.322098,0,2008-11-14 11:28:34
116.324059,0,2008-11-14 16:16:00
116.324163,0,2008-11-14 16:16:05
116.324146,0,2008-11-14 16:16:10
116.324154,0,2008-11-14 16:16:15
116.324154,0,2008-11-14 16:16:18
116.324152,0,2008-11-14 16:16:20
116.32413,0,2008-11-14 16:16:25
116.324119,0,2008-11-14 16:16:30
116.324633,0,2008-11-14 16:16:35
116.324607,0,2008-11-14 16:16:40
116.324596,0,2008-11-14 16:16:45
116.324587,0,2008-11-14 16:16:50
116.32458,0,2008-11-14 16:16:55
116.32458,0,2008-11-14 16:16:58
116.324583,0,2008-11-14 16:17:00
116.32459,0,2008-11-14 16:17:05
116.324562,0,2008-11-14 16:17:10
116.324522,0,2008-11-14 16:17:15
116.321503,0,2008-11-14 16:24:45
116.321614,0,2008-11-14 16:24:50
116.32165,0,2008-11-14 16:24:55
116.321668,0,2008-11-14 16:25:00
116.321754,0,2008-11-14 16:25:05
116.321867,0,2008-11-14 16:25:10
116.321942,0,2008-11-14 16:25:15
116.322048,0,2008-11-14 16:25:20
116.322241,0,2008-11-14 16:25:25
116.322445,0,2008-11-14 16:25:30
116.322344,0,2008-11-14 16:25:35
116.322233,0,2008-11-14 16:25:40
116.32211,0,2008-11-14 16:25:45
116.321984,0,2008-11-14 16:25:50
116.321006,0,2008-11-14 16:26:10
116.32138,0,2008-11-14 16:26:15
116.321432,0,2008-11-14 16:26:20
116.321392,0,2008-11-14 16:26:25
116.321348,0,2008-11-14 16:26:30
116.321297,0,2008-11-14 16:26:35
116.321237,0,2008-11-14 16:26:40
116.321208,0,2008-11-14 16:26:45
116.321266,0,2008-11-14 16:26:50
116.321267,0,2008-11-14 16:26:55
116.321267,0,2008-11-14 16:26:58
116.321271,0,2008-11-14 16:27:00
116.321301,0,2008-11-14 16:27:05
116.321338,0,2008-11-14 16:27:10
116.321373,0,2008-11-14 16:27:15
116.321376,0,2008-11-14 16:27:20
116.321393,0,2008-11-14 16:27:25
116.321407,0,2008-11-14 16:27:30
116.321379,0,2008-11-14 16:27:35
116.321362,0,2008-11-14 16:27:40
116.321362,0,2008-11-14 16:27:43
116.321355,0,2008-11-14 16:27:45
116.321222,0,2008-11-14 16:28:05
116.32107,0,2008-11-14 16:28:10
116.321036,0,2008-11-14 16:28:15
116.320961,0,2008-11-14 16:28:20
116.320932,0,2008-11-14 16:28:25
116.320971,0,2008-11-14 16:28:30
116.321044,0,2008-11-14 16:28:35
116.321071,0,2008-11-14 16:28:40
116.321016,0,2008-11-14 16:28:45
116.320905,0,2008-11-14 16:28:50
116.320815,0,2008-11-14 16:28:55
116.320729,0,2008-11-14 16:29:00
116.320704,0,2008-11-14 16:29:05
116.320631,0,2008-11-14 16:29:10
116.320473,0,2008-11-14 16:29:15
116.320259,0,2008-11-14 16:29:20
116.320082,0,2008-11-14 16:29:25
116.31991,0,2008-11-14 16:29:30
116.319807,0,2008-11-14 16:29:35
116.319714,0,2008-11-14 16:29:40
116.319705,0,2008-11-14 16:29:45
116.3196,0,2008-11-14 16:29:50
116.319565,0,2008-11-14 16:29:55
116.319546,0,2008-11-14 16:30:00
116.319502,0,2008-11-14 16:30:05
116.319491,0,2008-11-14 16:30:10
116.319807,0,2008-11-15 01:01:33
116.31968,0,2008-11-15 01:01:38
116.319666,0,2008-11-15 01:01:43
116.31967,0,2008-11-15 01:01:48
116.319682,0,2008-11-15 01:01:53
116.319768,0,2008-11-15 01:01:58
116.319879,0,2008-11-15 01:02:03
116.319893,0,2008-11-15 01:02:08
116.319911,0,2008-11-15 01:02:13
116.319999,0,2008-11-15 01:02:18
116.320088,0,2008-11-15 01:02:23
116.320196,0,2008-11-15 01:02:28
116.320314,0,2008-11-15 01:02:33
116.320378,0,2008-11-15 01:02:38
116.32052,0,2008-11-15 01:02:43
116.320673,0,2008-11-15 01:02:48
116.320795,0,2008-11-15 01:02:53
116.320847,0,2008-11-15 01:02:58
116.320891,0,2008-11-15 01:03:03
116.320943,0,2008-11-15 01:03:08
116.32097,0,2008-11-15 01:03:13
116.321008,0,2008-11-15 01:03:18
116.321068,0,2008-11-15 01:03:23
116.32118,0,2008-11-15 01:03:28
116.321243,0,2008-11-15 01:03:33
116.321275,0,2008-11-15 01:03:38
116.321261,0,2008-11-15 01:03:43
116.321236,0,2008-11-15 01:03:48
116.321169,0,2008-11-15 01:03:53
116.321147,0,2008-11-15 01:03:58
116.321141,0,2008-11-15 01:04:03
116.321143,0,2008-11-15 01:04:08
116.321155,0,2008-11-15 01:04:13
116.321202,0,2008-11-15 01:04:18
116.321285,0,2008-11-15 01:04:23
116.32129,0,2008-11-15 01:04:28
116.321304,0,2008-11-15 01:04:33
116.321278,0,2008-11-15 01:04:38
116.321258,0,2008-11-15 01:04:43
116.321277,0,2008-11-15 01:04:48
116.321295,0,2008-11-15 01:04:53
116.321353,0,2008-11-15 01:04:58
116.321383,0,2008-11-15 01:05:03
116.321399,0,2008-11-15 01:05:08
116.32134,0,2008-11-15 01:05:13
116.321298,0,2008-11-15 01:05:18
116.32136,0,2008-11-15 01:05:23
116.321404,0,2008-11-15 01:05:28
116.321437,0,2008-11-15 01:05:33
116.321468,0,2008-11-15 01:05:38
116.321472,0,2008-11-15 01:05:43
116.321473,0,2008-11-15 01:05:48
116.321477,0,2008-11-15 01:05:53
116.321475,0,2008-11-15 01:05:58
116.321514,0,2008-11-15 01:06:03
116.321523,0,2008-11-15 01:06:08
116.32149,0,2008-11-15 01:06:13
116.321499,0,2008-11-15 01:06:18
116.321542,0,2008-11-15 01:06:23
116.321599,0,2008-11-15 01:06:28
116.321643,0,2008-11-15 01:06:33
116.321663,0,2008-11-15 01:06:38
116.321687,0,2008-11-15 01:06:43
116.321702,0,2008-11-15 01:06:48
116.321688,0,2008-11-15 01:06:53
116.321686,0,2008-11-15 01:06:58
116.3217,0,2008-11-15 01:07:03
116.321717,0,2008-11-15 01:07:08
116.321785,0,2008-11-15 01:07:13
116.321814,0,2008-11-15 01:07:18
116.32189,0,2008-11-15 01:07:23
116.321998,0,2008-11-15 01:07:28
116.322127,0,2008-11-15 01:07:33
116.322311,0,2008-11-15 01:07:38
116.322448,0,2008-11-15 01:07:43
116.322608,0,2008-11-15 01:07:48
116.322775,0,2008-11-15 01:07:53
116.322918,0,2008-11-15 01:07:58
116.3231,0,2008-11-15 01:08:03
116.323271,0,2008-11-15 01:08:08
116.323484,0,2008-11-15 01:08:13
116.323641,0,2008-11-15 01:08:18
116.323778,0,2008-11-15 01:08:23
116.323907,0,2008-11-15 01:08:28
116.324205,0,2008-11-15 01:08:33
116.324263,0,2008-11-15 01:08:38
116.324381,0,2008-11-15 01:08:43
116.324498,0,2008-11-15 01:08:48
116.324515,0,2008-11-15 01:08:53
116.32453,0,2008-11-15 01:08:58
116.32451,0,2008-11-15 01:09:03
116.324458,0,2008-11-15 01:09:08
116.324417,0,2008-11-15 03:26:05
116.32475,0,2008-11-15 03:26:10
116.324756,0,2008-11-15 03:26:15
116.32476,0,2008-11-15 03:26:20
116.324753,0,2008-11-15 03:26:25
116.324714,0,2008-11-15 03:26:30
116.324648,0,2008-11-15 03:26:35
116.324557,0,2008-11-15 03:26:40
116.324537,0,2008-11-15 03:26:45
116.324497,0,2008-11-15 03:26:50
116.324435,0,2008-11-15 03:26:55
116.324415,0,2008-11-15 03:27:00
116.324374,0,2008-11-15 03:27:05
116.324416,0,2008-11-15 03:27:10
116.324467,0,2008-11-15 03:27:15
116.324583,0,2008-11-15 03:27:20
116.324705,0,2008-11-15 03:27:25
116.324807,0,2008-11-15 03:27:30
116.32489,0,2008-11-15 03:27:35
116.32489,0,2008-11-15 03:27:40
116.324267,0,2008-11-15 03:30:45
116.324058,0,2008-11-15 03:30:50
116.323836,0,2008-11-15 03:30:55
116.323653,0,2008-11-15 03:31:00
116.323525,0,2008-11-15 03:31:05
116.323397,0,2008-11-15 03:31:10
116.323192,0,2008-11-15 03:31:15
116.323066,0,2008-11-15 03:31:20
116.322887,0,2008-11-15 03:31:25
116.322782,0,2008-11-15 03:31:30
116.322502,0,2008-11-15 03:31:35
116.322226,0,2008-11-15 03:31:40
116.32201,0,2008-11-15 03:31:45
116.321824,0,2008-11-15 03:31:50
116.321623,0,2008-11-15 03:31:55
116.321413,0,2008-11-15 03:32:00
116.321331,0,2008-11-15 03:32:05
116.321303,0,2008-11-15 03:32:10
116.321263,0,2008-11-15 03:32:15
116.321267,0,2008-11-15 03:32:20
116.321245,0,2008-11-15 03:32:25
116.321247,0,2008-11-15 03:32:30
116.321214,0,2008-11-15 03:32:35
116.321238,0,2008-11-15 03:32:40
116.321233,0,2008-11-15 03:32:45
116.321217,0,2008-11-15 03:32:50
116.321207,0,2008-11-15 03:32:55
116.321195,0,2008-11-15 03:33:00
116.321044,0,2008-11-15 03:33:05
116.321144,0,2008-11-15 03:33:10
116.321142,0,2008-11-15 03:33:15
116.321188,0,2008-11-15 03:33:20
116.321185,0,2008-11-15 03:33:25
116.321082,0,2008-11-15 03:33:30
116.320942,0,2008-11-15 03:33:35
116.320853,0,2008-11-15 03:33:40
116.320825,0,2008-11-15 03:33:45
116.320895,0,2008-11-15 03:33:50
116.320923,0,2008-11-15 03:33:55
116.320922,0,2008-11-15 03:34:00
116.320834,0,2008-11-15 03:34:05
116.320623,0,2008-11-15 03:34:10
116.320606,0,2008-11-15 03:34:15
116.320758,0,2008-11-15 03:34:20
116.320743,0,2008-11-15 03:34:25
116.32075,0,2008-11-15 03:34:30
116.320675,0,2008-11-15 03:34:35
116.320655,0,2008-11-15 03:34:40
116.320785,0,2008-11-15 03:34:45
116.320982,0,2008-11-15 03:34:50
116.321008,0,2008-11-15 03:34:55
116.321007,0,2008-11-15 03:35:00
116.321009,0,2008-11-15 03:35:05
116.321009,0,2008-11-15 03:35:08
116.321007,0,2008-11-15 03:35:10
116.32103,0,2008-11-15 03:35:15
116.321021,0,2008-11-15 03:35:20
116.320948,0,2008-11-15 03:35:25
116.320837,0,2008-11-15 03:35:30
116.320784,0,2008-11-15 03:35:35
116.320725,0,2008-11-15 03:35:40
116.320715,0,2008-11-15 03:35:45
116.320679,0,2008-11-15 03:35:49
116.320606,0,2008-11-15 03:35:54
116.320586,0,2008-11-15 03:35:59
116.320589,0,2008-11-15 03:36:04
116.32064,0,2008-11-15 03:36:09
116.320726,0,2008-11-15 03:36:14
116.320786,0,2008-11-15 03:36:19
116.32088,0,2008-11-15 03:36:24
116.320969,0,2008-11-15 03:36:29
116.321029,0,2008-11-15 03:36:32
116.321131,0,2008-11-15 03:36:37
116.311318,0,2008-11-15 04:00:05
116.322726,0,2008-11-15 04:00:13
116.322733,0,2008-11-15 04:00:15
116.322632,0,2008-11-15 04:00:20
116.322569,0,2008-11-15 04:00:25
116.322514,0,2008-11-15 04:00:30
116.322464,0,2008-11-15 04:00:35
116.32233,0,2008-11-15 04:00:40
116.322225,0,2008-11-15 04:00:45
116.322257,0,2008-11-15 04:00:50
116.322261,0,2008-11-15 04:00:55
116.320342,0,2008-11-15 04:01:05
116.321731,0,2008-11-15 04:01:10
116.321767,0,2008-11-15 04:01:15
116.321864,0,2008-11-15 04:01:20
116.321887,0,2008-11-15 04:01:25
116.321858,0,2008-11-15 04:01:30
116.321811,0,2008-11-15 04:01:35
116.321811,0,2008-11-15 04:01:38
116.321805,0,2008-11-15 04:01:40
116.321826,0,2008-11-15 04:01:45
116.321846,0,2008-11-15 04:01:50
116.321861,0,2008-11-15 04:01:55
116.321855,0,2008-11-15 04:02:00
116.321823,0,2008-11-15 04:02:05
116.321811,0,2008-11-15 04:02:10
116.321784,0,2008-11-15 04:02:15
116.321755,0,2008-11-15 04:02:20
116.321361,0,2008-11-15 04:04:15
116.321533,0,2008-11-15 04:04:20
116.321555,0,2008-11-15 04:04:25
116.321565,0,2008-11-15 04:04:30
116.321658,0,2008-11-15 04:04:35
116.321678,0,2008-11-15 04:04:40
116.321641,0,2008-11-15 04:04:45
116.321606,0,2008-11-15 04:04:50
116.321607,0,2008-11-15 04:04:55
116.321635,0,2008-11-15 04:05:00
116.321556,0,2008-11-15 04:05:05
116.321526,0,2008-11-15 04:05:10
116.321489,0,2008-11-15 04:05:15
116.321477,0,2008-11-15 04:05:20
116.321563,0,2008-11-15 04:05:25
116.321672,0,2008-11-15 04:05:30
116.321646,0,2008-11-15 04:05:35
116.321577,0,2008-11-15 04:05:40
116.321508,0,2008-11-15 04:05:45
116.321468,0,2008-11-15 04:05:50
116.321467,0,2008-11-15 04:05:55
116.321475,0,2008-11-15 04:06:00
116.321385,0,2008-11-15 04:06:05
116.321315,0,2008-11-15 04:06:10
116.321233,0,2008-11-15 04:06:15
116.32119,0,2008-11-15 04:06:20
116.32152,0,2008-11-15 04:06:25
116.321731,0,2008-11-15 04:06:30
116.321794,0,2008-11-15 04:06:35
116.321887,0,2008-11-15 04:06:40
116.321748,0,2008-11-15 04:06:45
116.321646,0,2008-11-15 04:06:50
116.321673,0,2008-11-15 04:06:55
116.32167,0,2008-11-15 04:07:00
116.321868,0,2008-11-15 04:07:05
116.321843,0,2008-11-15 04:07:10
116.321849,0,2008-11-15 04:07:15
116.321869,0,2008-11-15 04:07:20
116.321878,0,2008-11-15 04:07:25
116.321927,0,2008-11-15 04:07:30
116.321929,0,2008-11-15 04:07:35
116.321891,0,2008-11-15 04:07:40
116.321837,0,2008-11-15 04:07:45
116.321841,0,2008-11-15 04:07:50
116.32183,0,2008-11-15 04:07:55
116.321847,0,2008-11-15 04:08:00
116.321847,0,2008-11-15 04:08:05
116.321837,0,2008-11-15 04:08:10
116.321838,0,2008-11-15 04:08:15
116.321876,0,2008-11-15 04:08:20
116.32154,0,2008-11-15 04:08:25
116.321657,0,2008-11-15 04:08:30
116.321777,0,2008-11-15 04:08:35
116.321867,0,2008-11-15 04:08:40
116.32187,0,2008-11-15 04:08:45
116.32187,0,2008-11-15 04:08:48
116.321867,0,2008-11-15 04:08:50
116.321636,0,2008-11-15 04:08:55
116.321553,0,2008-11-15 04:09:00
116.321518,0,2008-11-15 04:09:05
116.321474,0,2008-11-15 04:09:10
116.321456,0,2008-11-15 04:09:15
116.321443,0,2008-11-15 04:09:20
116.321382,0,2008-11-15 04:09:25
116.321328,0,2008-11-15 04:09:30
116.321236,0,2008-11-15 04:09:35
116.321152,0,2008-11-15 04:09:40
116.32107,0,2008-11-15 04:09:45
116.324101,0,2008-11-16 08:55:32
116.324136,0,2008-11-16 08:55:37
116.324136,0,2008-11-16 08:55:42
116.324154,0,2008-11-16 08:55:47
116.324188,0,2008-11-16 08:55:52
116.324213,0,2008-11-16 08:55:57
116.324207,0,2008-11-16 08:56:02
116.324178,0,2008-11-16 08:56:07
116.324115,0,2008-11-16 08:56:12
116.324056,0,2008-11-16 08:56:17
116.324014,0,2008-11-16 08:56:22
116.323903,0,2008-11-16 08:56:27
116.321614,0,2008-11-17 05:11:33
116.32158,0,2008-11-17 05:11:38
116.32163,0,2008-11-17 05:11:43
116.321594,0,2008-11-17 05:11:48
116.321553,0,2008-11-17 05:11:53
116.321495,0,2008-11-17 05:11:58
116.321475,0,2008-11-17 05:12:03
116.321501,0,2008-11-17 05:12:08
116.321603,0,2008-11-17 05:12:13
116.321811,0,2008-11-17 05:12:18
116.321758,0,2008-11-17 05:12:23
116.321717,0,2008-11-17 05:12:28
116.321683,0,2008-11-17 05:12:33
116.321688,0,2008-11-17 05:12:38
116.321644,0,2008-11-17 05:12:43
116.321647,0,2008-11-17 05:12:48
116.321672,0,2008-11-17 05:12:53
116.321694,0,2008-11-17 05:12:58
116.321734,0,2008-11-17 05:13:03
116.321787,0,2008-11-17 05:13:08
116.321807,0,2008-11-17 05:13:13
116.321805,0,2008-11-17 05:13:18
116.321817,0,2008-11-17 05:13:23
116.321912,0,2008-11-17 05:13:28
116.322275,0,2008-11-17 05:13:43
116.32231,0,2008-11-17 05:13:48
116.321999,0,2008-11-17 05:13:53
116.321962,0,2008-11-17 05:13:58
116.32198,0,2008-11-17 05:14:03
116.322014,0,2008-11-17 05:14:08
116.322038,0,2008-11-17 05:14:13
116.322033,0,2008-11-17 05:14:18
116.322035,0,2008-11-17 05:14:23
116.32204,0,2008-11-17 05:14:28
116.32207,0,2008-11-17 05:14:33
116.322103,0,2008-11-17 05:14:38
116.322151,0,2008-11-17 05:14:43
116.322182,0,2008-11-17 05:14:48
116.322182,0,2008-11-17 05:14:53
116.322161,0,2008-11-17 05:14:58
116.322196,0,2008-11-17 05:15:03
116.322227,0,2008-11-17 05:15:08
116.322251,0,2008-11-17 05:15:13
116.322283,0,2008-11-17 05:15:18
116.322261,0,2008-11-17 05:15:23
116.322248,0,2008-11-17 05:15:28
116.322215,0,2008-11-17 05:15:33
116.322227,0,2008-11-17 05:15:38
116.32227,0,2008-11-17 05:15:43
116.322307,0,2008-11-17 05:15:48
116.322364,0,2008-11-17 05:15:53
116.322434,0,2008-11-17 05:15:58
116.321899,0,2008-11-17 05:16:03
116.321863,0,2008-11-17 05:16:08
116.321849,0,2008-11-17 05:16:13
116.321849,0,2008-11-17 05:16:18
116.321857,0,2008-11-17 05:16:23
116.321857,0,2008-11-17 05:16:28
116.321841,0,2008-11-17 05:16:33
116.321874,0,2008-11-17 05:16:38
116.321908,0,2008-11-17 05:16:43
116.321992,0,2008-11-17 05:16:48
116.322088,0,2008-11-17 05:16:53
116.322176,0,2008-11-17 05:16:58
116.322309,0,2008-11-17 05:17:03
116.322448,0,2008-11-17 05:17:08
116.32257,0,2008-11-17 05:17:13
116.322728,0,2008-11-17 05:17:18
116.322872,0,2008-11-17 05:17:23
116.323002,0,2008-11-17 05:17:28
116.323163,0,2008-11-17 05:17:33
116.323295,0,2008-11-17 05:17:38
116.323449,0,2008-11-17 05:17:43
116.323609,0,2008-11-17 05:17:48
116.323777,0,2008-11-17 05:17:53
116.323953,0,2008-11-17 05:17:58
116.32413,0,2008-11-17 05:18:03
116.324318,0,2008-11-17 05:18:08
116.324437,0,2008-11-17 05:18:13
116.324518,0,2008-11-17 05:18:18
116.324511,0,2008-11-17 05:18:33
116.324494,0,2008-11-17 15:52:23
116.324436,0,2008-11-17 15:52:28
116.32448,0,2008-11-17 15:52:33
116.324612,0,2008-11-17 15:52:38
116.324598,0,2008-11-17 15:52:43
116.324598,0,2008-11-17 15:52:46
116.324594,0,2008-11-17 15:52:48
116.324616,0,2008-11-17 15:52:53
116.324639,0,2008-11-17 15:52:58
116.324641,0,2008-11-17 15:53:03
116.324641,0,2008-11-17 15:53:06
116.324646,0,2008-11-17 15:53:08
116.324645,0,2008-11-17 15:53:13
116.324645,0,2008-11-17 15:53:16
116.324652,0,2008-11-17 15:53:18
116.324659,0,2008-11-17 15:53:23
116.324631,0,2008-11-17 15:53:28
116.324613,0,2008-11-17 15:53:33
116.324605,0,2008-11-17 15:53:38
116.324618,0,2008-11-17 15:53:43
116.324633,0,2008-11-17 15:53:48
116.32462,0,2008-11-17 15:53:53
116.324595,0,2008-11-17 15:53:58
116.324585,0,2008-11-17 15:54:03
116.324574,0,2008-11-17 15:54:08
116.32457,0,2008-11-17 15:54:13
116.324557,0,2008-11-17 15:54:18
116.324583,0,2008-11-17 15:54:23
116.324595,0,2008-11-17 15:54:28
116.324615,0,2008-11-17 15:54:33
116.324642,0,2008-11-17 15:54:38
116.324671,0,2008-11-17 15:54:43
116.324687,0,2008-11-17 15:54:48
116.324661,0,2008-11-17 15:54:53
116.324676,0,2008-11-17 15:54:58
116.32471,0,2008-11-17 15:55:03
116.324646,0,2008-11-17 15:55:08
116.324622,0,2008-11-17 15:55:13
116.324639,0,2008-11-17 15:55:18
116.324656,0,2008-11-17 15:55:23
116.324708,0,2008-11-17 15:55:28
116.324759,0,2008-11-17 15:55:33
116.324805,0,2008-11-17 15:55:38
116.32483,0,2008-11-17 15:55:43
116.324846,0,2008-11-17 15:55:48
116.324869,0,2008-11-17 15:55:53
116.324906,0,2008-11-17 15:55:58
116.324923,0,2008-11-17 15:56:03
116.324962,0,2008-11-17 15:56:08
116.324942,0,2008-11-17 15:56:13
116.324933,0,2008-11-17 15:56:18
116.324973,0,2008-11-17 15:56:23
116.324998,0,2008-11-17 15:56:28
116.325026,0,2008-11-17 15:56:33
116.324994,0,2008-11-17 15:56:38
116.324996,0,2008-11-17 15:56:43
116.325053,0,2008-11-17 15:56:48
116.325047,0,2008-11-17 15:56:53
116.325042,0,2008-11-17 15:56:58
116.325045,0,2008-11-17 15:57:03
116.325045,0,2008-11-17 15:57:06
116.325052,0,2008-11-17 15:57:08
116.325049,0,2008-11-17 15:57:13
116.325053,0,2008-11-17 15:57:18
116.325042,0,2008-11-17 15:57:23
116.32502,0,2008-11-17 15:57:28
116.32505,0,2008-11-17 15:57:33
116.325044,0,2008-11-17 15:57:38
116.325042,0,2008-11-17 15:57:43
116.325028,0,2008-11-17 15:57:48
116.325026,0,2008-11-17 15:57:53
116.325045,0,2008-11-17 15:57:58
116.325058,0,2008-11-17 15:58:03
116.325079,0,2008-11-17 15:58:08
116.325064,0,2008-11-17 15:58:13
116.325086,0,2008-11-17 15:58:18
116.325096,0,2008-11-17 15:58:23
116.325088,0,2008-11-17 15:58:28
116.325114,0,2008-11-17 15:58:33
116.325125,0,2008-11-17 15:58:38
116.325143,0,2008-11-17 15:58:43
116.325175,0,2008-11-17 15:58:48
116.325169,0,2008-11-17 15:58:53
116.325137,0,2008-11-17 15:58:58
116.325139,0,2008-11-17 15:59:03
116.325133,0,2008-11-17 15:59:08
116.325134,0,2008-11-17 15:59:13
116.325122,0,2008-11-17 15:59:18
116.325091,0,2008-11-17 15:59:23
116.325073,0,2008-11-17 15:59:28
116.325068,0,2008-11-17 15:59:33
116.325089,0,2008-11-17 15:59:38
116.325099,0,2008-11-17 15:59:43
116.325094,0,2008-11-17 15:59:48
116.325113,0,2008-11-17 15:59:53
116.325154,0,2008-11-17 15:59:58
116.325188,0,2008-11-17 16:00:03
116.325203,0,2008-11-17 16:00:08
116.325227,0,2008-11-17 16:00:13
116.325207,0,2008-11-17 16:00:18
116.325225,0,2008-11-17 16:00:23
116.325242,0,2008-11-17 16:00:28
116.325243,0,2008-11-17 16:00:33
116.325258,0,2008-11-17 16:00:38
116.325252,0,2008-11-17 16:00:43
116.325267,0,2008-11-17 16:00:48
116.325256,0,2008-11-17 16:00:53
116.325272,0,2008-11-17 16:00:58
116.32528,0,2008-11-17 16:01:03
116.32531,0,2008-11-17 16:01:08
116.325323,0,2008-11-17 16:01:13
116.325324,0,2008-11-17 16:01:18
116.325314,0,2008-11-17 16:01:23
116.325366,0,2008-11-17 16:01:28
116.325417,0,2008-11-17 16:01:33
116.325432,0,2008-11-17 16:01:38
116.325432,0,2008-11-17 16:01:41
116.325439,0,2008-11-17 16:01:43
116.325453,0,2008-11-17 16:01:48
116.325472,0,2008-11-17 16:01:53
116.325513,0,2008-11-17 16:01:58
116.325554,0,2008-11-17 16:02:03
116.325621,0,2008-11-17 16:02:08
116.325624,0,2008-11-17 16:02:13
116.325672,0,2008-11-17 16:02:18
116.325698,0,2008-11-17 16:02:23
116.325746,0,2008-11-17 16:02:28
116.325763,0,2008-11-17 16:02:33
116.325755,0,2008-11-17 16:02:38
116.325792,0,2008-11-17 16:02:43
116.325796,0,2008-11-17 16:02:48
116.325796,0,2008-11-17 16:02:53
116.325777,0,2008-11-17 16:02:58
116.325686,0,2008-11-17 16:03:03
116.325709,0,2008-11-17 16:03:08
116.325581,0,2008-11-17 16:03:13
116.325432,0,2008-11-17 16:03:18
116.325355,0,2008-11-17 16:03:23
116.325259,0,2008-11-17 16:03:28
116.325111,0,2008-11-17 16:03:33
116.324938,0,2008-11-17 16:03:38
116.324861,0,2008-11-17 16:03:43
116.324752,0,2008-11-17 16:03:48
116.324636,0,2008-11-17 16:03:53
116.324523,0,2008-11-17 16:03:58
116.324421,0,2008-11-17 16:04:03
116.324587,0,2008-11-17 16:04:08
116.32458,0,2008-11-17 16:04:13
116.324763,0,2008-11-17 16:04:18
116.324866,0,2008-11-17 16:04:23
116.325065,0,2008-11-17 16:04:28
116.325072,0,2008-11-17 16:04:33
116.325062,0,2008-11-17 16:04:38
116.325062,0,2008-11-17 16:04:41
116.325067,0,2008-11-17 16:04:43
116.325101,0,2008-11-17 16:04:48
116.325116,0,2008-11-17 16:04:53
116.325126,0,2008-11-17 16:04:58
116.32514,0,2008-11-17 16:05:03
116.325099,0,2008-11-17 16:05:08
116.325067,0,2008-11-17 16:05:13
116.325038,0,2008-11-17 16:05:18
116.324994,0,2008-11-17 16:05:23
116.325014,0,2008-11-17 16:05:28
116.325013,0,2008-11-17 16:05:33
116.325046,0,2008-11-17 16:05:38
116.325077,0,2008-11-17 16:05:43
116.32508,0,2008-11-17 16:05:48
116.325056,0,2008-11-17 16:05:53
116.325008,0,2008-11-17 16:05:58
116.324969,0,2008-11-17 16:06:03
116.324947,0,2008-11-17 16:06:08
116.324872,0,2008-11-17 16:06:13
116.324771,0,2008-11-17 16:06:18
116.324661,0,2008-11-17 16:06:23
116.324545,0,2008-11-17 16:06:28
116.324455,0,2008-11-17 16:06:33
116.324308,0,2008-11-17 16:06:38
116.324218,0,2008-11-17 16:06:43
116.324113,0,2008-11-17 16:06:48
116.324039,0,2008-11-17 16:06:53
116.323976,0,2008-11-17 16:06:58
116.323926,0,2008-11-17 16:07:03
116.323841,0,2008-11-17 16:07:08
116.323778,0,2008-11-17 16:07:13
116.323729,0,2008-11-17 16:07:18
116.323661,0,2008-11-17 16:07:23
116.323583,0,2008-11-17 16:07:28
116.323459,0,2008-11-17 16:07:33
116.323406,0,2008-11-17 16:07:38
116.323346,0,2008-11-17 16:07:43
116.323292,0,2008-11-17 16:07:48
116.323267,0,2008-11-17 16:07:53
116.323276,0,2008-11-17 16:07:58
116.323323,0,2008-11-17 16:08:03
116.323332,0,2008-11-17 16:08:08
116.323316,0,2008-11-17 16:08:13
116.323361,0,2008-11-17 16:08:18
116.3234,0,2008-11-17 16:08:23
116.323406,0,2008-11-17 16:08:28
116.323396,0,2008-11-17 16:08:33
116.323372,0,2008-11-17 16:08:38
116.323347,0,2008-11-17 16:08:43
116.323351,0,2008-11-17 16:08:48
116.323347,0,2008-11-17 16:08:53
116.323347,0,2008-11-17 16:08:56
116.323341,0,2008-11-17 16:08:58
116.323331,0,2008-11-17 16:09:03
116.323347,0,2008-11-17 16:09:08
116.323362,0,2008-11-17 16:09:13
116.323368,0,2008-11-17 16:09:18
116.323338,0,2008-11-17 16:09:23
116.323275,0,2008-11-17 16:09:28
116.323292,0,2008-11-17 16:09:33
116.323304,0,2008-11-17 16:09:38
116.323322,0,2008-11-17 16:09:43
116.32337,0,2008-11-17 16:09:48
116.323412,0,2008-11-17 16:09:53
116.323412,0,2008-11-17 16:09:56
116.323415,0,2008-11-17 16:09:58
116.323375,0,2008-11-17 16:10:03
116.323335,0,2008-11-17 16:10:08
116.323303,0,2008-11-17 16:10:13
116.323293,0,2008-11-17 16:10:18
116.322797,0,2008-11-17 16:10:23
116.322626,0,2008-11-17 16:10:28
116.322567,0,2008-11-17 16:10:33
116.322512,0,2008-11-17 16:10:38
116.322478,0,2008-11-17 16:10:43
116.322442,0,2008-11-17 16:10:48
116.322419,0,2008-11-17 16:10:53
116.322353,0,2008-11-17 16:10:58
116.3223,0,2008-11-17 16:11:03
116.322277,0,2008-11-17 16:11:08
116.32222,0,2008-11-17 16:11:13
116.322181,0,2008-11-17 16:11:18
116.322153,0,2008-11-17 16:11:23
116.322102,0,2008-11-17 16:11:28
116.322017,0,2008-11-17 16:11:33
116.321947,0,2008-11-17 16:11:38
116.321936,0,2008-11-17 16:11:43
116.321891,0,2008-11-17 16:11:48
116.321865,0,2008-11-17 16:11:53
116.321844,0,2008-11-17 16:11:58
116.321797,0,2008-11-17 16:12:03
116.321685,0,2008-11-17 16:12:08
116.321678,0,2008-11-17 16:12:13
116.321658,0,2008-11-17 16:12:18
116.321658,0,2008-11-17 16:12:23
116.321657,0,2008-11-17 16:12:28
116.321689,0,2008-11-17 16:12:33
116.321645,0,2008-11-17 16:12:38
116.321609,0,2008-11-17 16:12:43
116.321606,0,2008-11-17 16:12:48
116.321626,0,2008-11-17 16:12:53
116.32164,0,2008-11-17 16:12:58
116.32168,0,2008-11-17 16:13:03
116.321716,0,2008-11-17 16:13:08
116.321683,0,2008-11-17 16:13:13
116.321673,0,2008-11-17 16:13:18
116.321683,0,2008-11-17 16:13:23
116.321694,0,2008-11-17 16:13:28
116.321715,0,2008-11-17 16:13:33
116.321749,0,2008-11-17 16:13:38
116.321749,0,2008-11-17 16:13:41
116.321757,0,2008-11-17 16:13:43
116.321792,0,2008-11-17 16:13:48
116.321826,0,2008-11-17 16:13:53
116.321863,0,2008-11-17 16:13:58
116.321889,0,2008-11-17 16:14:03
116.321816,0,2008-11-17 16:14:08
116.321777,0,2008-11-17 16:14:13
116.321803,0,2008-11-17 16:14:18
116.321828,0,2008-11-17 16:14:23
116.321878,0,2008-11-17 16:14:28
116.321844,0,2008-11-17 16:14:33
116.321834,0,2008-11-17 16:14:38
116.321768,0,2008-11-17 16:14:43
116.3217,0,2008-11-17 16:14:48
116.321716,0,2008-11-17 16:14:53
116.321654,0,2008-11-17 16:14:58
116.321682,0,2008-11-17 16:15:03
116.32173,0,2008-11-17 16:15:08
116.321627,0,2008-11-17 16:15:13
116.32134,0,2008-11-17 16:15:18
116.321207,0,2008-11-17 16:15:23
116.321045,0,2008-11-17 16:15:28
116.320953,0,2008-11-17 16:15:33
116.320939,0,2008-11-17 16:15:38
116.320976,0,2008-11-17 16:15:43
116.32097,0,2008-11-17 16:15:48
116.320903,0,2008-11-17 16:15:53
116.320738,0,2008-11-17 16:15:58
116.320534,0,2008-11-17 16:16:03
116.320359,0,2008-11-17 16:16:08
116.320254,0,2008-11-17 16:16:13
116.320219,0,2008-11-17 16:16:18
116.320232,0,2008-11-17 16:16:23
116.320222,0,2008-11-17 16:16:28
116.320137,0,2008-11-17 16:16:33
116.320043,0,2008-11-17 16:16:38
116.319927,0,2008-11-17 16:16:43
116.319705,0,2008-11-17 16:16:48
116.319573,0,2008-11-17 16:16:53
116.319518,0,2008-11-17 16:16:58
116.319491,0,2008-11-17 16:17:03
116.31949,0,2008-11-17 16:17:08
116.319518,0,2008-11-17 16:17:13
116.319571,0,2008-11-17 16:17:18
116.319588,0,2008-11-17 16:17:23
116.319588,0,2008-11-17 16:17:26
116.319583,0,2008-11-17 16:17:28
116.319569,0,2008-11-17 16:17:33
116.319556,0,2008-11-17 16:17:38
